season,matches,innings,runs,batting_average,strike_rate,fours,sixes,fifties,hundreds,highest_score,catches,wickets,bowling_average,economy_rate,bowling_strike_rate,best_bowling,highest_score_num,highest_score_notout,best_bowling_wickets,best_bowling_runs,player_id,_outlier,batting_impact,bowling_impact,consistency_score,overall_performance_score,performance_category,career_matches,career_innings,career_runs,career_wickets,career_fifties,career_hundreds,career_catches,seasons_played
2008,6,6,95,19.0,96.93,5,1,0,0,26*,0,0,0.0,0.0,0.0,,26,1,0,0,1,0,4.114790089684276,0.0,7.1594970197685655,4.1954,Average,169,157,4697,0,37,2,0,13
2010,7,7,111,15.85,93.27,7,0,0,0,45,0,0,0.0,0.0,0.0,,45,0,0,0,1,0,4.029415953497283,0.0,7.1594970197685655,4.0457,Average,169,157,4697,0,37,2,0,13
2011,16,13,312,34.66,128.39,21,14,2,0,65,0,0,0.0,0.0,0.0,,65,0,0,0,1,0,6.967878229539856,0.0,7.1594970197685655,6.3671,Good,169,157,4697,0,37,2,0,13
2012,16,13,319,39.87,161.11,26,15,3,0,64*,0,0,0.0,0.0,0.0,,64,1,0,0,1,0,7.513591812869125,0.0,7.1594970197685655,6.8894,Good,169,157,4697,0,37,2,0,13
2013,14,14,360,36.0,164.38,34,15,2,0,64,0,0,0.0,0.0,0.0,,64,0,0,0,1,0,7.568195076315677,0.0,7.1594970197685655,6.7006,Good,169,157,4697,0,37,2,0,13
2014,14,13,395,35.9,158.63,26,24,3,0,89*,0,0,0.0,0.0,0.0,,89,1,0,0,1,0,7.644560876472512,0.0,7.1594970197685655,6.8006,Good,169,157,4697,0,37,2,0,13
2015,16,14,513,46.63,175.08,60,22,2,1,133*,0,0,0.0,0.0,0.0,,133,1,0,0,1,0,8.518299178012366,0.0,7.1594970197685655,7.783,Very Good,169,157,4697,0,37,2,0,13
2016,16,16,687,52.84,168.79,57,37,6,1,129*,0,0,0.0,0.0,0.0,,129,1,0,0,1,0,9.053870469916433,0.0,7.1594970197685655,8.1539,Very Good,169,157,4697,0,37,2,0,13
2017,9,9,216,27.0,132.51,12,16,1,0,89*,0,0,0.0,0.0,0.0,,89,1,0,0,1,0,6.14957595362985,0.0,7.1594970197685655,5.69,Good,169,157,4697,0,37,2,0,13
2018,12,11,480,53.33,174.54,39,30,6,0,90*,0,0,0.0,0.0,0.0,,90,1,0,0,1,0,8.609305308115927,0.0,7.1594970197685655,7.764,Very Good,169,157,4697,0,37,2,0,13
2019,13,13,442,44.2,154.0,31,26,5,0,82*,0,0,0.0,0.0,0.0,,82,1,0,0,1,0,8.0531030392041,0.0,7.1594970197685655,7.3389,Very Good,169,157,4697,0,37,2,0,13
2020,15,14,454,45.4,158.74,33,23,5,0,73*,0,0,0.0,0.0,0.0,,73,1,0,0,1,0,8.171041616595309,0.0,7.1594970197685655,7.4668,Very Good,169,157,4697,0,37,2,0,13
2021,15,14,313,31.3,148.34,23,16,2,0,76*,0,0,0.0,0.0,0.0,,76,1,0,0,1,0,7.031833765987367,0.0,7.1594970197685655,6.3889,Good,169,157,4697,0,37,2,0,13
2026,11,1,2,0.0,66.66,0,0,0,0,2*,1,15,25.93,10.01,15.53,17/2,2,1,17,2,2,0,0.0,5.334680177667469,7.342529123104505,3.5944,Below Average,11,1,2,15,0,0,1,1
2008,5,5,42,8.4,80.76,5,0,0,0,24,0,0,0.0,0.0,0.0,,24,0,0,0,3,0,1.9009792252824185,0.0,4.6527749289976255,2.0445,Poor,7,6,53,0,0,0,0,2
2009,2,1,11,11.0,57.89,2,0,0,0,11,0,0,0.0,0.0,0.0,,11,0,0,0,3,0,0.7487655778073897,0.0,4.6527749289976255,1.2279,Poor,7,6,53,0,0,0,0,2
2010,1,1,21,21.0,100.0,0,1,0,0,21,0,0,0.0,0.0,0.0,,21,0,0,0,4,0,2.3810379662339765,0.0,6.218291957498627,2.8345,Below Average,92,90,2091,1,15,0,1,11
2011,6,6,47,7.83,102.17,3,3,0,0,25,0,0,0.0,0.0,0.0,,25,0,0,0,4,0,2.200497560648544,0.0,6.218291957498627,2.6103,Below Average,92,90,2091,1,15,0,1,11
2012,2,2,55,27.5,107.84,8,0,0,0,30,0,0,0.0,0.0,0.0,,30,0,0,0,4,0,4.021400872618029,0.0,6.218291957498627,3.8125,Below Average,92,90,2091,1,15,0,1,11
2013,14,14,456,32.57,135.71,54,16,4,0,67,0,1,49.0,12.25,24.0,1/11,67,0,1,11,4,0,7.49043772172668,0.42951864566300796,6.218291957498627,6.4532,Good,92,90,2091,1,15,0,1,11
2014,13,13,309,28.09,117.49,31,9,2,0,88*,0,0,0.0,0.0,0.0,,88,1,0,0,4,0,6.536347186297162,0.0,6.218291957498627,5.4857,Average,92,90,2091,1,15,0,1,11
2015,3,3,23,11.5,69.69,4,0,0,0,10*,0,0,0.0,0.0,0.0,,10,1,0,0,4,0,1.4737769441989599,0.0,6.218291957498627,2.3032,Poor,92,90,2091,1,15,0,1,11
2016,13,12,393,39.3,131.43,45,11,5,0,74,0,0,0.0,0.0,0.0,,74,0,0,0,4,0,7.500407395628321,0.0,6.218291957498627,6.3142,Good,92,90,2091,1,15,0,1,11
2017,13,13,299,24.91,166.11,25,19,2,0,72,0,0,0.0,0.0,0.0,,72,0,0,0,4,0,6.806497405863063,0.0,6.218291957498627,5.7013,Good,92,90,2091,1,15,0,1,11
2018,10,9,134,16.75,134.0,6,8,0,0,46,0,0,0.0,0.0,0.0,,46,0,0,0,4,0,4.8466231490751035,0.0,6.218291957498627,4.2087,Average,92,90,2091,1,15,0,1,11
2020,12,12,268,22.33,111.2,28,8,1,0,52,0,0,0.0,0.0,0.0,,52,0,0,0,4,0,5.941594841536062,0.0,6.218291957498627,4.971,Average,92,90,2091,1,15,0,1,11
2022,5,5,86,17.2,140.98,10,3,1,0,58,1,0,0.0,0.0,0.0,,58,0,0,0,4,0,4.3500745207006695,0.0,6.218291957498627,3.9757,Below Average,92,90,2091,1,15,0,1,11
2023,1,1,1,0.0,100.0,0,0,0,0,1*,0,0,0.0,0.0,0.0,,1,1,0,0,6,0,0.0,0.0,6.708162813864161,1.7261,Poor,1,1,1,0,0,0,0,1
2020,12,8,111,22.2,170.76,8,6,0,0,33,0,1,96.0,13.71,42.0,1/41,33,0,1,41,7,0,5.307222158414215,0.20412523628559937,5.903901255860832,4.5015,Average,71,60,857,1,0,0,20,7
2021,11,10,111,12.33,127.58,4,8,0,0,28,0,0,0.0,0.0,0.0,,28,0,0,0,7,0,4.112127620632042,0.0,5.903901255860832,3.6949,Below Average,71,60,857,1,0,0,20,7
2022,2,2,4,2.0,57.14,0,0,0,0,4,1,0,0.0,0.0,0.0,,4,0,0,0,7,0,0.06304023446003179,0.0,5.903901255860832,1.5742,Poor,71,60,857,1,0,0,20,7
2023,9,8,169,42.25,132.03,10,11,0,0,37*,4,0,0.0,0.0,0.0,,37,1,0,0,7,0,6.426646031100462,0.0,5.903901255860832,5.1763,Average,71,60,857,1,0,0,20,7
2024,16,12,182,18.2,168.51,15,11,0,0,37*,9,0,0.0,0.0,0.0,,37,1,0,0,7,0,5.69762631802733,0.0,5.903901255860832,4.5911,Average,71,60,857,1,0,0,20,7
2025,13,12,164,20.5,176.34,8,14,0,0,45,4,0,0.0,0.0,0.0,,45,0,0,0,7,0,5.781192543718982,0.0,5.903901255860832,4.6289,Average,71,60,857,1,0,0,20,7
2026,8,8,116,19.33,131.81,10,5,0,0,37*,2,0,0.0,0.0,0.0,,37,1,0,0,7,0,4.822786653389727,0.0,5.903901255860832,4.1534,Average,71,60,857,1,0,0,20,7
2008,1,1,0,0.0,0.0,0,0,0,0,0*,0,0,0.0,0.0,0.0,,0,1,0,0,8,0,0.0,0.0,6.708162813864161,1.7787,Poor,1,1,0,0,0,0,0,1
2022,1,1,4,4.0,50.0,1,0,0,0,4,0,0,0.0,0.0,0.0,,4,0,0,0,9,0,0.10854272727951482,0.0,6.708162813864161,1.7706,Poor,1,1,4,0,0,0,0,1
2010,1,1,5,5.0,125.0,1,0,0,0,5,0,1,39.0,13.0,18.0,2/37,5,0,2,37,10,0,0.3835242699697573,0.501787297306258,4.365059668731753,0.9914,Poor,14,8,34,7,0,0,0,3
2011,12,6,27,9.0,135.0,3,1,0,0,11,0,5,64.2,9.44,40.8,2/37,11,0,2,37,10,0,2.050761036391547,1.6768893691241293,4.365059668731753,2.4107,Poor,14,8,34,7,0,0,0,3
2013,1,1,2,2.0,100.0,0,0,0,0,2,0,1,37.0,9.25,24.0,2/37,2,0,2,37,10,0,0.0553153012051216,0.7145131660483486,4.365059668731753,0.9626,Poor,14,8,34,7,0,0,0,3
2022,8,7,108,18.0,144.0,14,3,0,0,43,4,0,0.0,0.0,0.0,,43,0,0,0,12,0,4.748786017545587,0.0,5.133613067720663,3.8091,Below Average,27,20,292,0,0,0,17,4
2023,9,6,114,19.0,137.34,6,7,0,0,42,4,0,0.0,0.0,0.0,,42,0,0,0,12,0,4.831637244432201,0.0,5.133613067720663,3.8352,Below Average,27,20,292,0,0,0,17,4
2024,2,2,9,4.5,56.25,1,0,0,0,8,2,0,0.0,0.0,0.0,,8,0,0,0,12,0,0.2894538841448775,0.0,5.133613067720663,1.1159,Poor,27,20,292,0,0,0,17,4
2025,8,5,61,12.2,100.0,2,4,0,0,43,7,0,0.0,0.0,0.0,,43,0,0,0,12,0,3.008605803345163,0.0,5.133613067720663,2.7629,Below Average,27,20,292,0,0,0,17,4
2008,2,1,0,0.0,0.0,0,0,0,0,0*,0,0,0.0,0.0,0.0,,0,1,0,0,13,0,0.0,0.0,2.7354409065413066,0.0093,Poor,3,2,19,0,0,0,0,2
2013,1,1,19,19.0,90.47,1,0,0,0,19,0,0,0.0,0.0,0.0,,19,0,0,0,13,0,2.045964487638005,0.0,2.7354409065413066,1.3438,Poor,3,2,19,0,0,0,0,2
2010,13,11,183,20.33,110.24,16,4,1,0,53*,0,0,0.0,0.0,0.0,,53,1,0,0,14,0,5.271913375969363,0.0,4.329971735892187,3.802,Below Average,21,16,217,1,1,0,0,3
2011,3,2,10,5.0,55.55,2,0,0,0,10,0,0,0.0,0.0,0.0,,10,0,0,0,14,0,0.3456801008596958,0.0,4.329971735892187,0.8488,Poor,21,16,217,1,1,0,0,3
2012,5,3,24,12.0,92.3,1,1,0,0,19,0,1,38.0,6.33,36.0,1/13,19,0,1,13,14,0,1.8292109686030944,0.9690400494303547,4.329971735892187,2.1995,Poor,21,16,217,1,1,0,0,3
2008,14,10,206,25.75,149.27,16,9,0,0,45*,0,1,68.0,9.71,42.0,3/13,45,1,3,13,15,0,6.183406945282394,0.39309142816169124,5.874804544518462,5.1717,Average,60,50,672,9,0,0,0,7
2009,13,11,193,21.44,126.97,14,7,0,0,35,0,4,21.0,7.0,18.0,3/13,35,0,3,13,15,0,5.613813625137965,3.6627305264501917,5.874804544518462,6.183,Good,60,50,672,9,0,0,0,7
2010,3,3,58,29.0,113.72,4,2,0,0,27,0,0,0.0,0.0,0.0,,27,0,0,0,15,0,4.234035949500382,0.0,5.874804544518462,3.7679,Below Average,60,50,672,9,0,0,0,7
2011,10,9,61,8.71,91.04,9,0,0,0,17*,0,2,47.5,9.34,30.5,3/13,17,1,3,13,15,0,2.488191142666313,1.0372566987352108,5.874804544518462,2.9062,Below Average,60,50,672,9,0,0,0,7
2012,4,4,45,15.0,91.83,2,1,0,0,24,0,0,0.0,0.0,0.0,,24,0,0,0,15,0,2.78387476066648,0.0,5.874804544518462,2.8803,Below Average,60,50,672,9,0,0,0,7
2013,11,9,66,11.0,90.41,5,0,0,0,25*,0,2,29.5,7.37,24.0,3/13,25,1,3,13,15,0,2.8536777773783784,1.818166365170739,5.874804544518462,3.417,Below Average,60,50,672,9,0,0,0,7
2014,5,4,43,14.33,91.48,5,1,0,0,23,0,0,0.0,0.0,0.0,,23,0,0,0,15,0,2.669310935994175,0.0,5.874804544518462,2.7893,Below Average,60,50,672,9,0,0,0,7
2009,9,7,78,19.5,127.86,5,3,0,0,36*,0,0,0.0,0.0,0.0,,36,1,0,0,16,0,4.256268494676203,0.0,6.4606566262749725,3.9433,Below Average,22,16,194,0,0,0,0,3
2010,6,5,56,28.0,116.66,3,3,0,0,32*,0,0,0.0,0.0,0.0,,32,1,0,0,16,0,4.174248355204434,0.0,6.4606566262749725,4.0378,Average,22,16,194,0,0,0,0,3
2011,7,4,60,20.0,103.44,5,1,0,0,25,0,0,0.0,0.0,0.0,,25,0,0,0,16,0,3.6615884197340187,0.0,6.4606566262749725,3.5217,Below Average,22,16,194,0,0,0,0,3
2018,3,3,63,63.0,190.9,3,5,0,0,46*,0,0,0.0,0.0,0.0,,46,1,0,0,17,0,6.122074828043262,0.0,5.899672187787269,5.0539,Average,92,89,2379,11,13,2,30,9
2019,3,3,9,4.5,100.0,1,0,0,0,5*,0,1,21.0,10.5,12.0,2/4,5,1,2,4,17,0,0.47957480403425523,1.0424564983890396,5.899672187787269,1.8703,Poor,92,89,2379,11,13,2,30,9
2020,8,7,71,14.2,126.78,6,3,0,0,31,0,2,45.5,9.1,30.0,2/4,31,0,2,4,17,0,3.699881068818984,1.0984979172508385,5.899672187787269,3.76,Below Average,92,89,2379,11,13,2,30,9
2021,8,7,98,16.33,130.66,7,4,0,0,33,0,4,16.0,6.4,15.0,2/4,33,0,2,4,17,0,4.353702004958616,4.433437809467384,5.899672187787269,5.568,Good,92,89,2379,11,13,2,30,9
2022,14,14,426,30.43,133.12,47,13,2,0,75,1,0,0.0,0.0,0.0,,75,0,0,0,17,0,7.272598712741339,0.0,5.899672187787269,5.949,Good,92,89,2379,11,13,2,30,9
2023,11,11,226,20.55,143.94,28,6,2,0,67,4,2,62.0,10.33,36.0,26/1,67,0,26,1,17,0,5.947908930151281,0.7575199598689314,5.899672187787269,5.2175,Average,92,89,2379,11,13,2,30,9
2024,16,16,484,32.27,204.21,36,42,3,0,75*,7,2,25.5,7.28,21.0,24/2,75,1,24,2,17,0,8.135181189023767,2.0378773562025874,5.899672187787269,7.7456,Very Good,92,89,2379,11,13,2,30,9
2025,14,13,439,33.77,193.39,46,28,2,1,141,8,0,0.0,0.0,0.0,,141,0,0,0,17,0,7.985345769677391,0.0,5.899672187787269,6.4775,Good,92,89,2379,11,13,2,30,9
2026,15,15,563,40.21,204.72,50,43,4,1,135*,10,0,0.0,0.0,0.0,,135,1,0,0,17,0,8.660810522207356,0.0,5.899672187787269,6.9653,Good,92,89,2379,11,13,2,30,9
2023,4,4,33,8.25,106.45,1,2,0,0,20,4,0,0.0,0.0,0.0,,20,0,0,0,18,0,1.9187792523560794,0.0,5.379114287433492,2.3477,Poor,35,33,769,0,4,0,9,4
2024,14,12,327,32.7,159.51,36,13,2,0,65,2,0,0.0,0.0,0.0,,65,0,0,0,18,0,7.256224791780576,0.0,5.379114287433492,5.6042,Good,35,33,769,0,4,0,9,4
2025,13,13,301,25.08,146.82,28,12,1,0,51,3,0,0.0,0.0,0.0,,51,0,0,0,18,0,6.652707384294558,0.0,5.379114287433492,5.0189,Average,35,33,769,0,4,0,9,4
2026,4,4,108,27.0,122.72,15,1,1,0,51,0,0,0.0,0.0,0.0,,51,0,0,0,18,0,5.084478589046805,0.0,5.379114287433492,3.949,Below Average,35,33,769,0,4,0,9,4
2015,3,3,10,10.0,200.0,2,0,0,0,5*,0,1,128.0,10.66,72.0,2/27,5,1,2,27,19,0,1.5494381608469112,0.19714620347260597,6.953569201408803,2.5922,Below Average,3,3,10,1,0,0,0,1
2008,14,14,436,33.53,137.1,51,19,3,1,109*,0,0,0.0,0.0,0.0,,109,1,0,0,20,0,7.482562959603502,0.0,6.933847002415205,6.701,Good,80,80,2069,0,11,2,0,6
2009,16,16,495,30.93,152.3,54,29,3,0,85,0,0,0.0,0.0,0.0,,85,0,0,0,20,0,7.6950275598403115,0.0,6.933847002415205,6.8482,Good,80,80,2069,0,11,2,0,6
2010,16,16,289,18.06,156.21,31,16,1,0,54,0,0,0.0,0.0,0.0,,54,0,0,0,20,0,6.224166677074782,0.0,6.933847002415205,5.6797,Good,80,80,2069,0,11,2,0,6
2011,14,14,383,27.35,129.83,41,18,2,1,106,0,0,0.0,0.0,0.0,,106,0,0,0,20,0,6.938916339918477,0.0,6.933847002415205,6.1207,Good,80,80,2069,0,11,2,0,6
2012,7,7,172,34.4,120.27,21,4,1,0,64*,0,0,0.0,0.0,0.0,,64,1,0,0,20,0,6.034793343169888,0.0,6.933847002415205,5.4963,Average,80,80,2069,0,11,2,0,6
2013,13,13,294,24.5,128.38,41,6,1,0,85*,0,0,0.0,0.0,0.0,,85,1,0,0,20,0,6.3997358410469705,0.0,6.933847002415205,5.8034,Good,80,80,2069,0,11,2,0,6
2017,4,3,7,3.5,58.33,0,0,0,0,5,0,3,44.66,9.57,28.0,2/21,5,0,2,21,21,0,0.18839063048105092,1.4822443104101128,4.1170463281470076,1.1869,Poor,9,7,25,6,0,0,0,3
2021,4,3,16,8.0,94.11,0,1,0,0,15,0,3,43.66,9.35,28.0,2/21,15,0,2,21,21,0,1.1149592168164655,1.5357285499072726,4.1170463281470076,1.8864,Poor,9,7,25,6,0,0,0,3
2026,1,1,2,0.0,100.0,0,0,0,0,2*,0,0,0.0,0.0,0.0,,2,1,0,0,21,0,0.0,0.0,4.1170463281470076,0.5168,Poor,9,7,25,6,0,0,0,3
2010,9,7,181,45.25,126.57,15,3,0,0,45*,0,0,0.0,0.0,0.0,,45,1,0,0,22,0,6.559236231567472,0.0,7.277978799768882,6.0168,Good,9,7,181,0,0,0,0,1
2016,5,1,0,0.0,0.0,0,0,0,0,0*,0,12,9.58,6.76,8.5,6/19,0,1,6,19,23,0,0.0,8.284073827275158,3.976511543990534,3.1214,Below Average,17,5,15,27,0,0,0,3
2017,6,1,5,5.0,71.42,1,0,0,0,5,0,7,23.28,8.21,17.0,6/19,5,0,6,19,23,0,0.23170070859471062,4.291366663246523,3.976511543990534,2.058,Poor,17,5,15,27,0,0,0,3
2023,6,3,10,3.33,62.5,0,0,0,0,7,0,8,23.5,8.54,16.5,22/3,7,0,22,3,23,0,0.2666560454072768,4.478520921046738,3.976511543990534,2.2798,Poor,17,5,15,27,0,0,0,3
2023,2,2,22,11.0,137.5,2,1,0,0,18,0,2,28.0,8.0,21.0,23/2,18,0,23,2,24,0,2.066162418875032,1.7786250908234669,6.85171634801522,3.3155,Below Average,2,2,22,2,0,0,0,1
2010,3,2,34,17.0,154.54,3,1,0,0,30,0,5,22.4,10.18,13.2,2/36,30,0,2,36,25,0,3.2379078180912026,3.2358153328114265,6.953569201408803,4.6579,Average,3,2,34,5,0,0,0,1
2010,7,4,50,12.5,138.88,5,3,0,0,23,0,0,0.0,0.0,0.0,,23,0,0,0,26,0,3.201603125708031,0.0,5.0614913716085415,2.8717,Below Average,35,28,339,0,1,0,0,6
2013,5,5,123,24.6,146.42,14,5,1,0,59,0,0,0.0,0.0,0.0,,59,0,0,0,26,0,5.378250562718737,0.0,5.0614913716085415,4.1349,Average,35,28,339,0,1,0,0,6
2014,15,12,126,15.75,128.57,16,3,0,0,24,0,0,0.0,0.0,0.0,,24,0,0,0,26,0,4.622734868222253,0.0,5.0614913716085415,3.6765,Below Average,35,28,339,0,1,0,0,6
2015,2,2,14,7.0,82.35,1,0,0,0,7,0,0,0.0,0.0,0.0,,7,0,0,0,26,0,0.8344879525886578,0.0,5.0614913716085415,1.5777,Poor,35,28,339,0,1,0,0,6
2016,3,2,8,4.0,53.33,1,0,0,0,8,0,0,0.0,0.0,0.0,,8,0,0,0,26,0,0.2222222559135079,0.0,5.0614913716085415,1.0418,Poor,35,28,339,0,1,0,0,6
2017,3,3,18,6.0,78.26,3,0,0,0,18,0,0,0.0,0.0,0.0,,18,0,0,0,26,0,0.8639748930782,0.0,5.0614913716085415,1.5949,Poor,35,28,339,0,1,0,0,6
2010,3,3,42,21.0,100.0,5,1,0,0,33,0,0,0.0,0.0,0.0,,33,0,0,0,27,0,3.221854788034775,0.0,6.953569201408803,3.3668,Below Average,3,3,42,0,0,0,0,1
2011,6,6,120,20.0,137.93,21,2,1,0,51,0,0,0.0,0.0,0.0,,51,0,0,0,28,0,4.97771006168578,0.0,7.151699256297347,4.5916,Average,6,6,120,0,1,0,0,1
2021,6,6,146,29.2,122.68,12,4,0,0,42,0,0,0.0,0.0,0.0,,42,0,0,0,29,0,5.607523960979986,0.0,6.656663200738521,4.865,Average,69,66,1671,6,10,0,36,6
2022,14,12,381,47.63,139.05,25,19,3,0,68*,6,1,64.0,10.66,36.0,8/1,68,1,8,1,29,0,7.805931028523096,0.3812651851251278,6.656663200738521,6.8392,Good,69,66,1671,6,10,0,36,6
2023,13,13,248,22.55,125.88,18,8,1,0,50,10,1,70.0,8.57,49.0,24/1,50,0,24,1,29,0,6.019777324806411,0.4297508777455539,6.656663200738521,5.5474,Good,69,66,1671,6,10,0,36,6
2024,11,11,220,24.44,124.29,18,4,1,0,50,5,0,0.0,0.0,0.0,,50,0,0,0,29,0,5.947455567937342,0.0,6.656663200738521,5.159,Average,69,66,1671,6,10,0,36,6
2025,13,13,445,34.23,148.82,38,22,5,0,66,7,4,25.5,9.27,16.5,30/2,66,0,30,2,29,0,7.6553962834227685,2.7605104449388564,6.656663200738521,7.9755,Very Good,69,66,1671,6,10,0,36,6
2026,12,11,231,25.67,138.32,20,11,0,0,45,8,0,0.0,0.0,0.0,,45,0,0,0,29,0,6.232502993125232,0.0,6.656663200738521,5.5932,Good,69,66,1671,6,10,0,36,6
2009,4,1,0,0.0,0.0,0,0,0,0,0*,0,3,39.0,7.31,32.0,2/19,0,1,2,19,30,0,0.0,2.0040540578622106,3.400250238838045,0.9042,Poor,9,3,3,7,0,0,0,3
2010,2,1,1,0.0,100.0,0,0,0,0,1*,0,2,33.0,8.25,24.0,2/19,1,1,2,19,30,0,0.0,1.5352832496350226,3.400250238838045,0.8368,Poor,9,3,3,7,0,0,0,3
2013,3,1,2,2.0,50.0,0,0,0,0,2,0,2,39.0,6.5,36.0,2/19,2,0,2,19,30,0,0.02792882141790685,1.6212579639162226,3.400250238838045,0.7341,Poor,9,3,3,7,0,0,0,3
2008,2,2,4,2.0,23.52,1,0,0,0,4,0,0,0.0,0.0,0.0,,4,0,0,0,31,0,0.026290747448201316,0.0,7.009296958267149,1.8292,Poor,212,197,5367,0,35,2,25,18
2009,8,7,144,24.0,117.07,12,3,2,0,62*,0,0,0.0,0.0,0.0,,62,1,0,0,31,0,5.25318600062416,0.0,7.009296958267149,4.8183,Average,212,197,5367,0,35,2,25,18
2011,10,7,120,20.0,122.44,12,2,1,0,52,0,0,0.0,0.0,0.0,,52,0,0,0,31,0,4.8149229821856565,0.0,7.009296958267149,4.5157,Average,212,197,5367,0,35,2,25,18
2012,16,16,560,40.0,129.33,73,10,3,1,103*,0,0,0.0,0.0,0.0,,103,1,0,0,31,0,7.999966150687934,0.0,7.009296958267149,7.1885,Very Good,212,197,5367,0,35,2,25,18
2013,18,18,488,34.85,106.55,42,11,4,0,68*,0,0,0.0,0.0,0.0,,68,1,0,0,31,0,7.341126406280763,0.0,7.009296958267149,6.4465,Good,212,197,5367,0,35,2,25,18
2014,13,12,339,28.25,116.49,38,3,3,0,72,0,0,0.0,0.0,0.0,,72,0,0,0,31,0,6.6618079273756114,0.0,7.009296958267149,6.0285,Good,212,197,5367,0,35,2,25,18
2015,14,13,540,49.09,130.75,53,13,4,0,91*,0,0,0.0,0.0,0.0,,91,1,0,0,31,0,8.252086480173661,0.0,7.009296958267149,7.4066,Very Good,212,197,5367,0,35,2,25,18
2016,14,14,480,43.63,126.64,54,9,6,0,74,0,0,0.0,0.0,0.0,,74,0,0,0,31,0,7.875873592930524,0.0,7.009296958267149,6.9423,Good,212,197,5367,0,35,2,25,18
2017,16,16,382,25.46,118.26,35,9,2,0,60,0,0,0.0,0.0,0.0,,60,0,0,0,31,0,6.704469530279785,0.0,7.009296958267149,5.9103,Good,212,197,5367,0,35,2,25,18
2018,15,14,370,28.46,118.21,39,5,1,0,65*,0,0,0.0,0.0,0.0,,65,1,0,0,31,0,6.815034876449159,0.0,7.009296958267149,6.1111,Good,212,197,5367,0,35,2,25,18
2019,14,13,393,32.75,137.89,45,9,1,1,105*,0,0,0.0,0.0,0.0,,105,1,0,0,31,0,7.3119338869342,0.0,7.009296958267149,6.5083,Good,212,197,5367,0,35,2,25,18
2020,9,8,113,14.12,105.6,12,2,1,0,60,0,0,0.0,0.0,0.0,,60,0,0,0,31,0,4.064590681426329,0.0,7.009296958267149,4.1078,Average,212,197,5367,0,35,2,25,18
2021,2,1,8,8.0,100.0,1,0,0,0,8,0,0,0.0,0.0,0.0,,8,0,0,0,31,0,0.6976994914718055,0.0,7.009296958267149,2.2234,Poor,212,197,5367,0,35,2,25,18
2022,7,7,133,19.0,103.9,14,4,0,0,44,3,0,0.0,0.0,0.0,,44,0,0,0,31,0,4.661599461988024,0.0,7.009296958267149,4.5842,Average,212,197,5367,0,35,2,25,18
2023,14,11,326,32.6,172.48,24,16,2,0,71*,8,0,0.0,0.0,0.0,,71,1,0,0,31,0,7.35726833175772,0.0,7.009296958267149,6.5769,Good,212,197,5367,0,35,2,25,18
2024,13,12,242,20.17,123.46,23,7,0,0,45,1,0,0.0,0.0,0.0,,45,0,0,0,31,0,5.803866970235894,0.0,7.009296958267149,5.2572,Average,212,197,5367,0,35,2,25,18
2025,13,12,390,35.45,147.72,36,20,3,0,61,5,0,0.0,0.0,0.0,,61,0,0,0,31,0,7.5089405572228385,0.0,7.009296958267149,6.7407,Good,212,197,5367,0,35,2,25,18
2026,14,14,335,25.77,135.08,25,18,2,0,67,8,0,0.0,0.0,0.0,,67,0,0,0,31,0,6.7237574255247345,0.0,7.009296958267149,6.0585,Good,212,197,5367,0,35,2,25,18
2008,9,6,54,10.8,117.39,5,2,0,0,20,0,8,25.87,7.96,19.5,3/25,20,0,3,25,32,0,2.905378995199949,4.421284872979204,5.267212427779945,4.2649,Average,38,21,179,26,0,0,0,5
2009,11,7,66,33.0,115.78,3,3,0,0,39,0,6,47.33,9.16,31.0,3/25,39,0,3,25,32,0,4.606803042647139,2.421601597397572,5.267212427779945,4.5923,Average,38,21,179,26,0,0,0,5
2010,7,4,40,40.0,137.93,4,0,0,0,17,0,4,50.75,9.22,33.0,3/25,17,0,3,25,32,0,4.426386236732338,1.7220952075316882,5.267212427779945,4.207,Average,38,21,179,26,0,0,0,5
2011,7,2,7,7.0,116.66,1,0,0,0,7*,0,8,28.87,8.55,20.25,3/25,7,1,3,25,32,0,0.6376458252605264,4.027269336346482,5.267212427779945,2.838,Below Average,38,21,179,26,0,0,0,5
2013,4,2,12,12.0,75.0,0,0,0,0,9*,0,0,0.0,0.0,0.0,,9,1,0,0,32,0,1.0329019382024756,0.0,5.267212427779945,1.6698,Poor,38,21,179,26,0,0,0,5
2013,8,1,4,0.0,66.66,0,0,0,0,4*,0,6,26.0,6.24,25.0,4/13,4,1,4,13,33,0,0.0,4.312671893204252,7.240676269710922,3.0884,Below Average,8,1,4,6,0,0,0,1
2023,2,1,17,17.0,212.5,2,1,0,0,17,1,1,59.0,11.8,30.0,29/1,17,0,29,1,34,0,2.772608368577755,0.3741107912320579,3.8902370625136085,2.2474,Poor,9,4,25,5,0,0,1,3
2024,1,1,2,0.0,100.0,0,0,0,0,2*,0,1,55.0,15.71,21.0,55/1,2,1,55,1,34,0,0.0,0.3052586841714599,3.8902370625136085,0.5651,Poor,9,4,25,5,0,0,1,3
2025,6,2,6,6.0,300.0,0,1,0,0,6*,0,3,76.33,12.05,38.0,55/2,6,1,55,2,34,0,1.0329019382024756,0.7868702940523674,3.8902370625136085,1.3734,Poor,9,4,25,5,0,0,1,3
2024,5,1,4,0.0,80.0,0,0,0,0,4*,1,5,41.0,11.28,21.8,20/3,4,1,20,3,35,0,0.0,2.0429365351600413,6.203714705069142,2.2066,Poor,9,2,8,9,0,0,1,2
2025,4,1,4,0.0,44.44,0,0,0,0,4*,0,4,41.5,11.06,22.5,29/3,4,1,29,3,35,0,0.0,1.7469639183546395,6.203714705069142,2.0318,Poor,9,2,8,9,0,0,1,2
2023,1,1,16,0.0,160.0,1,1,0,0,16*,0,1,40.0,10.0,24.0,40/1,16,1,40,1,37,0,0.0,0.6219974209214492,5.388876690468358,1.2512,Poor,8,4,21,9,0,0,2,2
2026,7,3,5,0.0,166.66,0,0,0,0,3*,2,8,24.75,8.02,18.5,17/4,3,1,17,4,37,0,0.0,4.503054842677489,5.388876690468358,2.4931,Poor,8,4,21,9,0,0,2,2
2018,1,1,4,0.0,80.0,0,0,0,0,4*,0,0,0.0,0.0,0.0,,4,1,0,0,38,0,0.0,0.0,6.708162813864161,1.7092,Poor,1,1,4,0,0,0,0,1
2026,3,2,29,14.5,116.0,1,1,0,0,18,1,0,0.0,0.0,0.0,,18,0,0,0,39,0,2.498003935581648,0.0,6.953569201408803,3.1659,Below Average,3,2,29,0,0,0,1,1
2012,5,3,73,24.33,123.72,6,2,0,0,42,0,1,32.0,10.66,18.0,1/32,42,0,1,32,40,0,4.420565329430957,0.7166002747156502,5.454353130642689,4.0581,Average,12,10,164,1,0,0,0,2
2013,7,7,91,13.0,90.09,9,0,0,0,27,0,0,0.0,0.0,0.0,,27,0,0,0,40,0,3.463789583193769,0.0,5.454353130642689,3.316,Below Average,12,10,164,1,0,0,0,2
2016,4,3,20,6.66,74.07,1,0,0,0,12,0,0,0.0,0.0,0.0,,12,0,0,0,41,0,0.9681142346193862,0.0,4.125208617157264,1.2065,Poor,14,10,90,0,0,0,0,4
2017,1,1,0,0.0,0.0,0,0,0,0,0*,0,0,0.0,0.0,0.0,,0,1,0,0,41,0,0.0,0.0,4.125208617157264,0.4994,Poor,14,10,90,0,0,0,0,4
2018,1,1,9,9.0,69.23,1,0,0,0,9,0,0,0.0,0.0,0.0,,9,0,0,0,41,0,0.6278564668111855,0.0,4.125208617157264,0.7577,Poor,14,10,90,0,0,0,0,4
2019,8,5,61,12.2,107.01,5,2,0,0,24,0,0,0.0,0.0,0.0,,24,0,0,0,41,0,3.0931738835014624,0.0,4.125208617157264,2.4874,Poor,14,10,90,0,0,0,0,4
2008,13,10,241,34.42,147.85,18,14,1,0,71,0,17,23.47,8.31,16.94,4/32,71,0,4,32,42,0,6.7942839054295785,6.3380911406975216,5.934165481406894,8.2939,Very Good,91,68,974,85,3,0,0,9
2009,12,10,97,24.25,138.57,8,4,0,0,21*,0,13,24.92,8.1,18.46,4/32,21,1,4,32,42,0,4.956540344876037,5.5941512465898935,5.934165481406894,6.5543,Good,91,68,974,85,3,0,0,9
2010,14,11,198,24.75,151.14,10,13,1,0,62,0,11,36.81,8.49,26.0,4/32,62,0,4,32,42,0,6.090453436356641,4.204756844955294,5.934165481406894,6.8445,Good,91,68,974,85,3,0,0,9
2011,15,13,138,23.0,135.29,8,8,0,0,30*,0,15,25.46,8.48,18.0,4/32,30,1,4,32,42,0,5.3351764396205414,5.777996001394795,5.934165481406894,6.9474,Good,91,68,974,85,3,0,0,9
2012,16,12,107,15.28,157.35,5,6,0,0,28,0,13,29.61,7.77,22.84,4/32,28,0,4,32,42,0,4.633933873417106,5.281308654157457,5.934165481406894,6.2203,Good,91,68,974,85,3,0,0,9
2013,8,3,46,15.33,124.32,2,3,0,0,23,0,7,22.71,6.62,20.57,4/32,23,0,4,32,42,0,3.214193049308795,4.829882732906659,5.934165481406894,4.8247,Average,91,68,974,85,3,0,0,9
2014,7,5,45,15.0,109.75,1,3,0,0,16,0,4,31.5,7.87,24.0,4/32,16,0,4,32,42,0,3.002935104901135,2.677881429241982,5.934165481406894,3.8758,Below Average,91,68,974,85,3,0,0,9
2015,4,3,86,86.0,132.3,9,2,1,0,73*,0,3,36.33,9.08,24.0,4/32,73,1,4,32,42,0,6.478618788681819,1.8029263875888888,5.934165481406894,5.9902,Good,91,68,974,85,3,0,0,9
2016,2,1,16,16.0,177.77,0,2,0,0,16,0,2,33.0,13.2,15.0,4/32,16,0,4,32,42,0,2.4173027428361764,1.0532172731201057,5.934165481406894,2.8799,Below Average,91,68,974,85,3,0,0,9
2020,3,3,32,16.0,110.34,0,1,0,0,14*,0,0,0.0,0.0,0.0,,14,1,0,0,43,0,2.6719651181752835,0.0,6.953569201408803,3.1538,Below Average,3,3,32,0,0,0,0,1
2018,6,6,148,24.66,125.42,13,6,0,0,45,0,0,0.0,0.0,0.0,,45,0,0,0,44,0,5.423302390317498,0.0,7.151699256297347,5.0742,Average,6,6,148,0,0,0,0,1
2012,4,2,19,9.5,126.66,1,1,0,0,12,0,3,36.33,7.78,28.0,3/22,12,0,3,22,45,0,1.6779551145423308,2.0163780032054683,7.03257241222424,3.412,Below Average,4,2,19,3,0,0,0,1
2011,5,1,2,0.0,40.0,0,0,0,0,2*,0,3,39.0,5.85,40.0,3/15,2,1,3,15,46,0,0.0,2.339706179430289,3.771114848561913,1.2773,Poor,9,3,10,6,0,0,0,3
2012,1,1,3,0.0,60.0,0,0,0,0,3*,0,0,0.0,0.0,0.0,,3,1,0,0,46,0,0.0,0.0,3.771114848561913,0.5744,Poor,9,3,10,6,0,0,0,3
2013,3,1,5,5.0,125.0,1,0,0,0,5,0,3,31.33,9.4,20.0,3/15,5,0,3,15,46,0,0.3835242699697573,1.9579987846860203,3.771114848561913,1.3544,Poor,9,3,10,6,0,0,0,3
2019,3,2,15,0.0,115.38,2,0,0,0,15*,0,6,14.5,10.03,8.66,6/12,15,1,6,12,47,0,0.0,4.555328817993358,4.064079617462998,2.0419,Poor,19,7,27,20,0,0,3,3
2022,9,3,5,5.0,71.42,0,0,0,0,4*,1,7,37.71,8.8,25.71,34/2,4,1,34,2,47,0,0.23170070859471062,3.1621451347141356,4.064079617462998,1.7663,Poor,19,7,27,20,0,0,3,3
2023,7,2,7,0.0,58.33,1,0,0,0,7*,2,7,32.14,9.37,20.57,27/2,7,1,27,2,47,0,0.0,3.348519355590893,4.064079617462998,1.7132,Poor,19,7,27,20,0,0,3,3
2022,1,1,5,5.0,166.66,1,0,0,0,5,0,0,0.0,0.0,0.0,,5,0,0,0,48,0,0.49122102542689605,0.0,3.9652223717098325,0.9525,Poor,12,10,115,0,1,0,9,2
2023,11,9,110,13.75,108.91,7,6,1,0,51,9,0,0.0,0.0,0.0,,51,0,0,0,48,0,4.034524974303049,0.0,3.9652223717098325,2.8295,Below Average,12,10,115,0,1,0,9,2
2010,14,14,356,27.38,144.71,34,13,2,0,55*,0,0,0.0,0.0,0.0,,55,1,0,0,49,0,6.990022442226412,0.0,7.5302012102283005,6.6433,Good,204,187,4348,0,22,1,6,14
2011,16,16,395,28.21,112.85,44,9,4,0,63*,0,0,0.0,0.0,0.0,,63,1,0,0,49,0,6.829245593948409,0.0,7.5302012102283005,6.3595,Good,204,187,4348,0,22,1,6,14
2012,17,15,333,37.0,132.14,21,14,2,0,81*,0,0,0.0,0.0,0.0,,81,1,0,0,49,0,7.191006985964398,0.0,7.5302012102283005,6.8235,Good,204,187,4348,0,22,1,6,14
2013,19,17,265,18.92,114.71,22,4,0,0,37,0,0,0.0,0.0,0.0,,37,0,0,0,49,0,5.739110708711622,0.0,7.5302012102283005,5.5883,Good,204,187,4348,0,22,1,6,14
2014,15,14,361,25.78,125.78,31,8,2,0,68,0,0,0.0,0.0,0.0,,68,0,0,0,49,0,6.729074879580522,0.0,7.5302012102283005,6.303,Good,204,187,4348,0,22,1,6,14
2015,15,14,281,31.22,145.59,18,16,1,0,53*,0,0,0.0,0.0,0.0,,53,1,0,0,49,0,6.851055700615615,0.0,7.5302012102283005,6.4511,Good,204,187,4348,0,22,1,6,14
2016,13,12,334,30.36,120.14,28,12,2,0,65,0,0,0.0,0.0,0.0,,65,0,0,0,49,0,6.784899571218883,0.0,7.5302012102283005,6.334,Good,204,187,4348,0,22,1,6,14
2017,5,5,91,18.2,116.66,7,3,1,0,63,0,0,0.0,0.0,0.0,,63,0,0,0,49,0,4.247531591767737,0.0,7.5302012102283005,4.4397,Average,204,187,4348,0,22,1,6,14
2018,16,16,602,43.0,149.75,53,34,3,1,100*,0,0,0.0,0.0,0.0,,100,1,0,0,49,0,8.409494665829259,0.0,7.5302012102283005,7.8268,Very Good,204,187,4348,0,22,1,6,14
2019,17,17,282,23.5,93.06,20,7,1,0,57,0,0,0.0,0.0,0.0,,57,0,0,0,49,0,5.835921364462175,0.0,7.5302012102283005,5.5338,Good,204,187,4348,0,22,1,6,14
2020,12,11,359,39.88,127.3,30,12,1,0,71,0,0,0.0,0.0,0.0,,71,0,0,0,49,0,7.349206934167377,0.0,7.5302012102283005,6.7828,Good,204,187,4348,0,22,1,6,14
2021,16,13,257,28.55,151.17,16,17,2,0,72*,0,0,0.0,0.0,0.0,,72,1,0,0,49,0,6.65375531494135,0.0,7.5302012102283005,6.2501,Good,204,187,4348,0,22,1,6,14
2022,13,11,274,24.91,122.32,25,15,1,0,78,4,0,0.0,0.0,0.0,,78,0,0,0,49,0,6.257206536351479,0.0,7.5302012102283005,6.0755,Good,204,187,4348,0,22,1,6,14
2023,16,12,158,15.8,139.82,10,9,0,0,27*,2,0,0.0,0.0,0.0,,27,1,0,0,49,0,5.050309727795758,0.0,7.5302012102283005,5.0035,Average,204,187,4348,0,22,1,6,14
2008,6,3,37,12.33,88.09,3,0,0,0,31,0,11,12.9,7.15,10.81,5/17,31,0,5,17,50,0,2.275165926647548,7.133721640460234,5.824658541824169,5.0095,Average,154,57,381,164,0,0,1,13
2009,11,5,26,8.66,130.0,2,2,0,0,13*,0,14,21.0,6.97,18.07,5/17,13,1,5,17,50,0,1.9292251801365885,6.571448035756431,5.824658541824169,4.5459,Average,154,57,381,164,0,0,1,13
2010,14,7,39,9.75,76.47,1,0,0,0,12,0,17,21.35,6.84,18.7,5/17,12,0,5,17,50,0,1.9222737718006027,7.071589937194858,5.824658541824169,4.8035,Average,154,57,381,164,0,0,1,13
2011,14,9,68,17.0,138.77,9,1,0,0,25*,0,19,18.84,6.71,16.84,5/17,25,1,5,17,50,0,3.9993136143872303,7.733570442538859,5.824658541824169,6.7411,Good,154,57,381,164,0,0,1,13
2012,14,5,16,5.33,80.0,1,0,0,0,8*,0,13,29.0,8.02,21.69,5/17,8,1,5,17,50,0,0.7335649263467394,5.2556290334164,5.824658541824169,3.2608,Below Average,154,57,381,164,0,0,1,13
2013,17,8,89,14.83,92.7,9,0,0,0,30,0,21,18.76,6.35,17.71,5/17,30,0,5,17,50,0,3.6427884514050057,8.152365270830567,5.824658541824169,6.7129,Good,154,57,381,164,0,0,1,13
2014,10,2,4,4.0,57.14,0,0,0,0,4*,0,7,48.57,9.06,32.14,5/17,4,1,5,17,50,0,0.12338284543594205,2.653487676673783,5.824658541824169,2.3091,Poor,154,57,381,164,0,0,1,13
2015,12,4,8,4.0,66.66,0,0,0,0,4,0,9,34.44,7.71,26.77,5/17,4,0,5,17,50,0,0.27269836272732223,4.123158990305149,5.824658541824169,2.8799,Below Average,154,57,381,164,0,0,1,13
2016,14,2,4,2.0,28.57,0,0,0,0,3,0,13,26.46,7.47,21.23,5/17,3,0,5,17,50,0,0.03187230940859054,5.644904629251291,5.824658541824169,3.071,Below Average,154,57,381,164,0,0,1,13
2017,14,6,49,49.0,94.23,2,2,0,0,13*,0,10,34.3,8.83,23.3,5/17,13,1,5,17,50,0,4.45996472242882,4.066928898498533,5.824658541824169,5.346,Average,154,57,381,164,0,0,1,13
2018,10,1,1,0.0,50.0,0,0,0,0,1*,0,12,22.0,7.13,18.5,5/17,1,1,5,17,50,0,0.0,6.014092506285047,5.824658541824169,3.0319,Below Average,154,57,381,164,0,0,1,13
2019,11,4,21,10.5,87.5,2,0,0,0,8,0,11,24.54,6.75,21.81,5/17,8,0,5,17,50,0,1.5158388883980354,5.668215181166413,5.824658541824169,4.0924,Average,154,57,381,164,0,0,1,13
2023,7,1,19,19.0,63.33,2,0,0,0,19,1,7,21.28,7.84,16.28,21/2,19,0,21,2,50,0,1.6779551145423308,4.593248175324867,5.824658541824169,3.8355,Below Average,154,57,381,164,0,0,1,13
2011,4,4,49,12.25,85.96,9,0,0,0,20,0,0,0.0,0.0,0.0,,20,0,0,0,51,0,2.5640841920973187,0.0,7.03257241222424,3.1359,Below Average,4,4,49,0,0,0,0,1
2009,5,2,1,1.0,33.33,0,0,0,0,1*,0,9,10.55,5.42,11.66,4/19,1,1,4,19,52,0,0.004692911457903685,7.854343893187603,5.7476539952575125,3.7363,Below Average,14,4,2,18,0,0,0,2
2011,9,2,1,0.5,25.0,0,0,0,0,1,0,9,23.88,7.54,19.0,4/19,1,0,4,19,52,0,0.0017618483156110242,4.993695026101039,5.7476539952575125,2.9785,Below Average,14,4,2,18,0,0,0,2
2010,2,2,4,4.0,57.14,0,0,0,0,4*,0,2,33.0,11.0,18.0,2/41,4,1,2,41,53,0,0.12338284543594205,1.2233391119066648,6.85171634801522,2.1352,Poor,2,2,4,2,0,0,0,1
2012,4,2,47,23.5,180.76,3,3,0,0,31,0,1,161.0,10.06,96.0,5/15,31,0,5,15,56,0,4.291514356172062,0.16699600144788915,6.320796004830724,3.9259,Below Average,140,115,2651,123,12,0,14,13
2013,3,2,11,5.5,78.57,0,0,0,0,7,0,0,0.0,0.0,0.0,,7,0,0,0,56,0,0.548480634586174,0.0,6.320796004830724,1.9268,Poor,140,115,2651,123,12,0,14,13
2014,2,2,2,1.0,25.0,0,0,0,0,1,0,1,52.0,10.4,30.0,5/15,1,0,5,15,56,0,0.007034226019245297,0.4729376115486625,6.320796004830724,1.6951,Poor,140,115,2651,123,12,0,14,13
2015,13,11,326,36.22,192.89,35,19,3,0,66,0,14,23.14,7.96,17.42,5/15,66,0,5,15,56,0,7.6620165065211285,5.998105951087441,6.320796004830724,8.9418,Excellent,140,115,2651,123,12,0,14,13
2016,12,8,188,26.85,164.91,10,15,0,0,39*,0,15,19.4,7.97,14.6,5/15,39,1,5,15,56,0,6.253122687038708,6.6072387187947115,6.320796004830724,8.2963,Very Good,140,115,2651,123,12,0,14,13
2018,16,14,316,28.72,184.79,17,31,1,0,88*,0,13,27.3,9.38,17.46,5/15,88,1,5,15,56,0,7.232549642533507,5.029794600022425,6.320796004830724,8.3736,Very Good,140,115,2651,123,12,0,14,13
2019,14,13,510,56.66,204.81,31,52,4,0,80*,0,11,26.09,9.51,16.45,5/15,80,1,5,15,56,0,9.005017529929168,4.7179158157317405,6.320796004830724,9.4876,Excellent,140,115,2651,123,12,0,14,13
2020,10,9,117,13.0,144.44,9,9,0,0,25,0,6,29.16,9.72,18.0,5/15,25,0,5,15,56,0,4.4202914128277175,3.168848359484296,6.320796004830724,5.2415,Average,140,115,2651,123,12,0,14,13
2021,10,9,183,26.14,152.5,14,14,1,0,54,0,11,17.09,9.89,10.36,5/15,54,0,5,15,56,0,6.069329275387965,5.619414095944098,6.320796004830724,7.9023,Very Good,140,115,2651,123,12,0,14,13
2022,14,12,335,37.22,174.47,18,32,1,0,70*,1,17,16.35,9.86,9.94,5/4,70,1,5,4,56,0,7.597571513063038,6.818806677709635,6.320796004830724,9.1323,Excellent,140,115,2651,123,12,0,14,13
2023,14,14,227,20.64,145.51,13,18,0,0,42,6,7,24.57,11.34,13.0,22/3,42,0,22,3,56,0,5.975194734091209,3.501808184746371,6.320796004830724,6.6856,Good,140,115,2651,123,12,0,14,13
2024,15,9,222,31.71,185.0,20,16,1,0,64*,3,19,15.52,10.05,9.26,19/3,64,1,19,3,56,0,6.8782862898632064,7.188239614197528,6.320796004830724,8.7567,Excellent,140,115,2651,123,12,0,14,13
2025,13,10,167,18.56,163.72,16,14,1,0,57*,4,8,27.12,11.94,13.62,21/2,57,1,21,2,56,0,5.5657498006212505,3.468448433745718,6.320796004830724,6.1727,Good,140,115,2651,123,12,0,14,13
2009,3,3,62,31.0,116.98,5,2,0,0,24,0,2,52.5,9.54,33.0,1/11,24,0,1,11,57,0,4.451517961486484,0.9365414716295263,6.953569201408803,4.547,Average,3,3,62,2,0,0,0,1
2010,4,3,65,0.0,125.0,3,2,0,0,33*,0,5,27.6,9.85,16.8,2/25,33,1,2,25,58,0,0.0,2.90872951993637,4.2700123742154155,1.6468,Poor,9,7,120,10,0,0,0,3
2011,1,1,8,8.0,114.28,0,0,0,0,8,0,0,0.0,0.0,0.0,,8,0,0,0,58,0,0.7741825302299449,0.0,4.2700123742154155,1.1702,Poor,9,7,120,10,0,0,0,3
2012,4,3,47,23.5,134.28,6,2,0,0,30,0,5,12.2,6.1,12.0,2/25,30,0,2,25,58,0,3.895390527957087,5.696496198054523,4.2700123742154155,4.7627,Average,9,7,120,10,0,0,0,3
2008,4,3,161,80.5,153.33,15,9,0,1,117*,0,0,0.0,0.0,0.0,,117,1,0,0,59,0,7.470579411384436,0.0,5.544711812045681,5.8723,Good,39,36,974,20,5,1,0,4
2009,8,8,249,35.57,150.0,15,11,1,0,60*,0,7,22.85,6.66,20.57,3/21,60,1,3,21,59,0,6.906176343616574,4.8019876909368655,5.544711812045681,7.7114,Very Good,39,36,974,20,5,1,0,4
2010,16,16,429,30.64,125.8,35,18,4,0,54,0,12,31.0,7.01,26.5,3/21,54,0,3,21,59,0,7.212783127039954,5.226967169999689,5.544711812045681,8.1406,Very Good,39,36,974,20,5,1,0,4
2011,11,9,135,33.75,97.82,9,3,0,0,44*,0,1,41.0,10.25,24.0,3/21,44,1,3,21,59,0,5.386490956876102,0.595004326700931,5.544711812045681,4.576,Average,39,36,974,20,5,1,0,4
2017,6,3,53,26.5,176.66,4,3,0,0,25,0,12,11.75,6.71,10.5,5/17,25,0,5,17,60,0,4.584846396931308,7.7665053080152475,4.137825831907177,6.2651,Good,27,13,91,40,0,0,0,4
2018,14,8,32,5.33,84.21,2,1,0,0,14,0,24,18.66,8.0,14.0,5/17,14,0,5,17,60,0,1.2558892871056604,7.910013580813766,4.137825831907177,3.9756,Below Average,27,13,91,40,0,0,0,4
2019,6,1,0,0.0,0.0,0,0,0,0,0*,0,3,77.66,10.59,44.0,5/17,0,1,5,17,60,0,0.0,0.8668671063884487,4.137825831907177,0.8318,Poor,27,13,91,40,0,0,0,4
2020,1,1,6,6.0,100.0,0,1,0,0,6,0,1,50.0,12.5,24.0,5/17,6,0,5,17,60,0,0.43366393456570335,0.4137106353870038,4.137825831907177,0.8992,Poor,27,13,91,40,0,0,0,4
2009,1,1,16,16.0,123.07,2,0,0,0,16,0,0,0.0,0.0,0.0,,16,0,0,0,61,0,2.007295381059231,0.0,6.108511564792604,2.548,Below Average,49,42,724,27,1,0,0,6
2010,14,11,233,33.28,126.63,18,8,1,0,65*,0,8,39.25,8.37,28.12,4/19,65,1,4,19,61,0,6.483502200023076,3.439855816760776,6.108511564792604,6.944,Good,49,42,724,27,1,0,0,6
2012,9,8,127,18.14,117.59,5,4,0,0,35,0,7,27.42,7.38,22.28,4/19,35,0,4,19,61,0,4.704139441138425,4.167117924432292,6.108511564792604,5.8294,Good,49,42,724,27,1,0,0,6
2013,11,10,172,24.57,123.74,5,10,0,0,40,0,5,48.0,7.74,37.2,4/19,40,0,4,19,61,0,5.607314415735835,2.3766649830090025,6.108511564792604,5.6492,Good,49,42,724,27,1,0,0,6
2015,11,10,144,20.57,138.46,12,6,0,0,28,0,7,35.14,8.2,25.71,4/19,28,0,4,19,61,0,5.2718925736962055,3.4351145117794966,6.108511564792604,5.949,Good,49,42,724,27,1,0,0,6
2017,3,2,32,16.0,118.51,2,1,0,0,31,0,0,0.0,0.0,0.0,,31,0,0,0,61,0,2.7580097040036216,0.0,6.108511564792604,2.9755,Below Average,49,42,724,27,1,0,0,6
2024,10,7,163,23.29,155.23,16,8,1,0,54,4,0,0.0,0.0,0.0,,54,0,0,0,62,0,5.772839147241563,0.0,6.05362667946453,4.9711,Average,35,30,885,0,7,0,11,3
2025,12,11,300,33.33,139.53,30,8,1,0,50,2,0,0.0,0.0,0.0,,50,0,0,0,62,0,6.974680906207187,0.0,6.05362667946453,5.8936,Good,35,30,885,0,7,0,11,3
2026,13,12,422,42.2,146.52,40,19,5,0,82*,5,0,0.0,0.0,0.0,,82,1,0,0,62,0,7.852982986950381,0.0,6.05362667946453,6.4031,Good,35,30,885,0,7,0,11,3
2017,5,3,25,25.0,125.0,1,1,0,0,15*,0,5,28.8,8.55,20.2,2/17,15,1,2,17,63,0,3.069183448272031,3.0905387406285327,7.0971227355598625,4.5372,Average,5,3,25,5,0,0,0,1
2025,14,12,236,26.22,166.19,12,20,1,0,74,6,0,0.0,0.0,0.0,,74,0,0,0,64,0,6.548048706263705,0.0,5.040322136841058,4.7574,Average,24,20,315,0,1,0,11,2
2026,10,8,79,13.17,146.29,6,5,0,0,43,5,0,0.0,0.0,0.0,,43,0,0,0,64,0,3.9296460449384085,0.0,5.040322136841058,3.1313,Below Average,24,20,315,0,1,0,11,2
2008,10,5,13,6.5,76.47,1,0,0,0,8,0,7,43.42,7.93,32.85,5/5,8,0,5,5,65,0,0.7029968675998077,3.0927910276743957,4.961117819742866,2.4296,Poor,42,17,35,45,0,0,0,3
2009,16,7,16,16.0,84.21,2,0,0,0,7*,0,21,16.52,5.86,16.9,5/5,7,1,5,5,65,0,1.6208335656876978,8.702470484897267,4.961117819742866,4.8208,Average,42,17,35,45,0,0,0,3
2010,16,5,6,0.0,54.54,0,0,0,0,2*,0,17,23.94,6.42,22.35,5/5,2,1,5,5,65,0,0.0,6.940613915240242,4.961117819742866,3.0529,Below Average,42,17,35,45,0,0,0,3
2010,5,4,63,15.75,95.45,6,1,0,0,40,0,0,0.0,0.0,0.0,,40,0,0,0,66,0,3.3123870491778766,0.0,7.0971227355598625,3.6006,Below Average,5,4,63,0,0,0,0,1
2011,2,1,1,1.0,33.33,0,0,0,0,1,0,0,0.0,0.0,0.0,,1,0,0,0,67,0,0.004692911457903685,0.0,3.4234978510630327,0.023,Poor,10,3,12,7,0,0,0,2
2012,8,2,11,11.0,137.5,2,0,0,0,7*,0,7,33.71,8.63,23.42,2/23,7,1,2,23,67,0,1.381778325344412,3.4162541865097538,3.4234978510630327,2.3,Poor,10,3,12,7,0,0,0,2
2017,1,1,12,0.0,100.0,1,0,0,0,12*,0,0,0.0,0.0,0.0,,12,1,0,0,68,0,0.0,0.0,6.708162813864161,1.6013,Poor,1,1,12,0,0,0,0,1
2017,5,1,4,4.0,57.14,1,0,0,0,4,0,4,26.75,7.64,21.0,5/14,4,0,5,14,69,0,0.12338284543594205,3.0222854705091207,5.172260889846619,2.1007,Poor,19,6,24,17,0,0,0,3
2018,8,3,11,3.66,61.11,1,0,0,0,8,0,11,20.27,8.52,14.27,5/14,8,0,5,14,69,0,0.31022488362897993,5.567443144212146,5.172260889846619,2.8977,Below Average,19,6,24,17,0,0,0,3
2020,6,2,9,9.0,90.0,0,1,0,0,7*,0,2,99.5,11.7,51.0,5/14,7,1,5,14,69,0,0.7722327047732049,0.4419203142760291,5.172260889846619,1.6702,Poor,19,6,24,17,0,0,0,3
2012,9,4,18,6.0,138.46,0,2,0,0,15,0,4,41.25,6.82,36.25,2/20,15,0,2,20,70,0,1.2896837029664474,2.4655637966672956,4.885424895498097,2.3488,Poor,20,10,87,12,0,0,0,5
2014,3,2,34,17.0,113.33,4,1,0,0,30,0,4,10.75,5.37,12.0,2/20,30,0,2,20,70,0,2.8511971363553728,5.771489966196588,4.885424895498097,4.3288,Average,20,10,87,12,0,0,0,5
2015,4,2,7,7.0,116.66,1,0,0,0,7*,0,3,38.0,8.14,28.0,2/20,7,1,2,20,70,0,0.6376458252605264,1.889787418080693,4.885424895498097,2.1519,Poor,20,10,87,12,0,0,0,5
2016,3,1,3,0.0,100.0,0,0,0,0,3*,0,1,84.0,7.63,66.0,2/20,3,1,2,20,70,0,0.0,0.40414419189274076,4.885424895498097,0.9089,Poor,20,10,87,12,0,0,0,5
2017,1,1,25,25.0,166.66,2,1,0,0,25,0,0,0.0,0.0,0.0,,25,0,0,0,70,0,3.4342784045292185,0.0,4.885424895498097,2.8128,Below Average,20,10,87,12,0,0,0,5
2017,7,3,7,3.5,77.77,0,1,0,0,7*,0,2,72.0,7.92,54.5,1/16,7,1,1,16,71,0,0.24597238429916984,0.8380269455154149,7.198975588953446,2.4281,Poor,7,3,7,2,0,0,0,1
2021,1,1,16,16.0,114.28,2,1,0,0,16,0,0,0.0,0.0,0.0,,16,0,0,0,72,0,1.9286820605598733,0.0,4.14391333147541,2.0738,Poor,9,9,139,0,0,0,1,4
2022,2,2,13,6.5,100.0,1,0,0,0,8,0,0,0.0,0.0,0.0,,8,0,0,0,72,0,0.8638159021735661,0.0,4.14391333147541,1.0159,Poor,9,9,139,0,0,0,1,4
2023,4,4,105,26.25,128.04,15,2,0,0,36,1,0,0.0,0.0,0.0,,36,0,0,0,72,0,5.065405142515252,0.0,4.14391333147541,3.4475,Below Average,9,9,139,0,0,0,1,4
2024,2,2,5,2.5,83.33,1,0,0,0,5,0,0,0.0,0.0,0.0,,5,0,0,0,72,0,0.13974846320750606,0.0,4.14391333147541,0.7033,Poor,9,9,139,0,0,0,1,4
2020,16,5,7,7.0,116.66,0,0,0,0,3*,0,22,23.27,8.39,16.63,3/33,3,1,3,33,73,0,0.6376458252605264,6.98817852771262,4.268714937269253,3.3611,Below Average,38,15,49,48,0,0,4,4
2022,6,1,1,0.0,16.66,0,0,0,0,1*,2,9,24.11,9.71,14.88,42/3,1,1,42,3,73,0,0.0,4.39806231509258,4.268714937269253,2.0854,Poor,38,15,49,48,0,0,4,4
2023,10,7,37,12.33,127.58,6,0,0,0,23*,1,10,36.4,9.1,24.0,20/2,23,1,20,2,73,0,2.707759498227597,3.8773814861001306,4.268714937269253,3.3904,Below Average,38,15,49,48,0,0,4,4
2024,6,2,4,2.0,50.0,0,0,0,0,4,1,7,42.0,13.36,18.85,59/3,4,0,59,3,73,0,0.0553153012051216,2.257319956496966,4.268714937269253,1.6137,Poor,38,15,49,48,0,0,4,4
2024,3,1,2,0.0,100.0,0,0,0,0,2*,3,2,57.0,11.4,30.0,24/1,2,1,24,1,74,0,0.0,0.7479694148523609,4.162415473187641,0.8391,Poor,25,10,74,31,0,0,6,3
2025,8,5,14,7.0,116.66,2,0,0,0,5*,1,8,21.5,8.0,16.12,13/3,5,1,13,3,74,0,1.0751617683526509,4.827445260442197,4.162415473187641,2.7784,Below Average,25,10,74,31,0,0,6,3
2026,14,4,58,29.0,152.63,3,4,0,0,19*,2,21,25.23,10.52,14.38,22/3,19,1,22,3,74,0,4.631095661627559,6.09722469805501,4.162415473187641,5.579,Good,25,10,74,31,0,0,6,3
2021,2,1,0,0.0,0.0,0,0,0,0,0*,0,0,0.0,0.0,0.0,,0,1,0,0,75,0,0.0,0.0,4.624137092463908,0.6501,Poor,24,21,318,0,1,0,14,4
2022,8,8,129,16.13,109.32,10,7,1,0,66,6,0,0.0,0.0,0.0,,66,0,0,0,75,0,4.467250285814358,0.0,4.624137092463908,3.2819,Below Average,24,21,318,0,1,0,14,4
2023,9,7,91,30.33,128.16,6,4,0,0,29*,3,0,0.0,0.0,0.0,,29,1,0,0,75,0,5.0685696392061566,0.0,4.624137092463908,3.6986,Below Average,24,21,318,0,1,0,14,4
2024,5,5,98,24.5,127.27,10,3,0,0,48,5,0,0.0,0.0,0.0,,48,0,0,0,75,0,4.868295667189009,0.0,4.624137092463908,3.5947,Below Average,24,21,318,0,1,0,14,4
2023,4,4,23,11.5,121.05,3,0,0,0,13*,3,3,21.66,8.12,16.0,19/2,13,1,19,2,76,0,2.024580020012427,2.7745165937729332,4.554180892668336,2.8119,Below Average,22,12,78,12,0,0,11,3
2024,4,1,3,0.0,100.0,0,0,0,0,3*,0,0,0.0,0.0,0.0,,3,1,0,0,76,0,0.0,0.0,4.554180892668336,0.7713,Poor,22,12,78,12,0,0,11,3
2026,14,7,52,13.0,133.33,3,2,0,0,29*,8,9,29.0,9.6,18.11,31/2,29,1,31,2,76,0,3.249320003141001,4.0218568813699935,4.554180892668336,4.029,Average,22,12,78,12,0,0,11,3
2015,14,6,18,6.0,58.06,0,1,0,0,10,0,15,31.0,9.0,20.66,3/23,10,0,3,23,77,0,0.686516876119216,5.16398187023967,4.358126419075674,2.7823,Below Average,18,8,36,16,0,0,0,3
2017,1,1,15,15.0,125.0,2,0,0,0,15,0,0,0.0,0.0,0.0,,15,0,0,0,77,0,1.887463020753327,0.0,4.358126419075674,1.9247,Poor,18,8,36,16,0,0,0,3
2018,3,1,3,0.0,75.0,0,0,0,0,3*,0,1,42.0,10.5,24.0,3/23,3,1,3,23,77,0,0.0,0.5696797020046265,4.358126419075674,0.8307,Poor,18,8,36,16,0,0,0,3
2012,4,4,87,21.75,114.47,7,2,0,0,31,0,0,0.0,0.0,0.0,,31,0,0,0,78,0,4.401205750011935,0.0,7.03257241222424,4.29,Average,4,4,87,0,0,0,0,1
2009,2,2,7,3.5,87.5,1,0,0,0,7,0,0,0.0,0.0,0.0,,7,0,0,0,79,0,0.2739334578040945,0.0,6.85171634801522,1.8792,Poor,2,2,7,0,0,0,0,1
2023,4,1,13,13.0,144.44,0,1,0,0,13,0,3,30.66,9.35,19.66,9/1,13,0,9,1,80,0,1.7428834785671101,1.9961606289516662,3.6591261210158263,2.196,Poor,5,2,18,4,0,0,1,2
2026,1,1,5,0.0,100.0,0,0,0,0,5*,1,1,36.0,9.0,24.0,36/1,5,1,36,1,80,0,0.0,0.7497910990475991,3.6591261210158263,0.6461,Poor,5,2,18,4,0,0,1,2
2008,8,6,49,9.8,125.64,5,2,0,0,16,0,0,0.0,0.0,0.0,,16,0,0,0,81,0,2.751112554742396,0.0,7.240676269710922,3.4908,Below Average,8,6,49,0,0,0,0,1
2023,6,3,18,9.0,120.0,0,1,0,0,15*,1,5,38.0,13.41,17.0,39/3,15,1,39,3,82,0,1.5228626349685346,1.9057749648760378,4.07668683203906,2.305,Poor,10,7,101,6,1,0,2,2
2024,4,4,83,41.5,153.7,6,5,1,0,58*,1,1,114.0,11.21,61.0,45/1,58,1,45,1,82,0,5.624384559870618,0.21000573222281926,4.07668683203906,3.9367,Below Average,10,7,101,6,1,0,2,2
2020,8,1,0,0.0,0.0,0,0,0,0,0*,0,9,24.22,8.77,16.55,5/32,0,1,5,32,83,0,0.0,4.615340380677168,4.6669301426096474,2.32,Poor,93,15,32,108,0,0,14,7
2021,12,2,2,0.0,66.66,0,0,0,0,1*,0,18,19.0,8.27,13.77,5/32,1,1,5,32,83,0,0.0,7.030351399089756,4.6669301426096474,2.9532,Below Average,93,15,32,108,0,0,14,7
2022,14,6,21,7.0,72.41,3,0,0,0,10*,4,10,38.5,7.7,30.0,37/3,10,1,37,3,83,0,1.0223028227145299,4.1128735860277335,4.6669301426096474,2.8333,Below Average,93,15,32,108,0,0,14,7
2023,14,2,2,0.0,100.0,0,0,0,0,2*,1,17,29.0,9.69,17.94,29/4,2,1,29,4,83,0,0.0,5.443775720525419,4.6669301426096474,2.606,Below Average,93,15,32,108,0,0,14,7
2024,14,1,4,4.0,133.33,1,0,0,0,4,1,19,26.57,10.03,15.89,29/4,4,0,29,4,83,0,0.2727169610775449,5.841073113141229,4.6669301426096474,2.9071,Below Average,93,15,32,108,0,0,14,7
2025,17,2,2,2.0,33.33,0,0,0,0,1*,4,21,24.66,8.88,16.66,16/3,1,1,16,3,83,0,0.018678674225159668,6.578057420379708,4.6669301426096474,2.7964,Below Average,93,15,32,108,0,0,14,7
2026,14,1,1,0.0,100.0,0,0,0,0,1*,4,14,38.64,10.2,22.71,22/3,1,1,22,3,83,0,0.0,4.224627831430733,4.6669301426096474,2.3384,Poor,93,15,32,108,0,0,14,7
2024,2,2,9,4.5,112.5,2,0,0,0,9,0,0,0.0,0.0,0.0,,9,0,0,0,84,0,0.5294987888649304,0.0,6.85171634801522,2.0817,Poor,2,2,9,0,0,0,0,1
2026,2,2,17,8.5,68.0,1,0,0,0,17,0,0,0.0,0.0,0.0,,17,0,0,0,85,0,0.9652628236155314,0.0,6.85171634801522,2.2051,Poor,2,2,17,0,0,0,0,1
2010,1,1,3,0.0,60.0,0,0,0,0,3*,0,0,0.0,0.0,0.0,,3,1,0,0,86,0,0.0,0.0,3.974318985928756,0.5055,Poor,16,8,51,0,0,0,0,3
2011,3,2,7,3.5,87.5,1,0,0,0,6,0,0,0.0,0.0,0.0,,6,0,0,0,86,0,0.2739334578040945,0.0,3.974318985928756,0.7104,Poor,16,8,51,0,0,0,0,3
2013,12,5,41,13.66,107.89,3,1,0,0,19*,0,0,0.0,0.0,0.0,,19,1,0,0,86,0,2.752967128315898,0.0,3.974318985928756,2.2386,Poor,16,8,51,0,0,0,0,3
2011,6,5,33,8.25,206.25,5,2,0,0,14,0,0,0.0,0.0,0.0,,14,0,0,0,87,0,2.6646814435962725,0.0,4.1660438449172075,2.2302,Poor,8,7,39,0,0,0,0,2
2012,2,2,6,6.0,85.71,0,0,0,0,4,0,0,0.0,0.0,0.0,,4,0,0,0,87,0,0.3792798267795621,0.0,4.1660438449172075,0.7828,Poor,8,7,39,0,0,0,0,2
2008,14,4,3,3.0,23.07,0,0,0,0,2*,0,12,29.0,7.76,22.41,4/10,2,1,4,10,88,0,0.0289834311566959,5.144698675077381,4.283298277419185,2.3885,Poor,55,14,39,60,0,0,0,5
2010,4,2,23,23.0,115.0,2,1,0,0,22*,0,6,16.0,6.85,14.0,4/10,22,1,4,10,88,0,2.7611566801550538,5.206543585601512,4.283298277419185,3.9552,Below Average,55,14,39,60,0,0,0,5
2012,13,2,11,0.0,91.66,1,0,0,0,9*,0,11,36.54,8.37,26.18,4/10,9,1,4,10,88,0,0.0,4.251749628239574,4.283298277419185,2.231,Poor,55,14,39,60,0,0,0,5
2015,16,4,1,1.0,14.28,0,0,0,0,1*,0,22,20.4,7.24,16.9,4/10,1,1,4,10,88,0,0.0020125565898887524,7.710129874517822,4.283298277419185,2.8971,Below Average,55,14,39,60,0,0,0,5
2016,8,2,1,0.0,100.0,0,0,0,0,1*,0,9,22.11,7.65,17.33,4/10,1,1,4,10,88,0,0.0,5.139677473429833,4.283298277419185,2.3769,Poor,55,14,39,60,0,0,0,5
2012,9,6,35,8.75,120.68,3,1,0,0,10*,0,10,20.5,8.48,14.5,3/25,10,1,3,25,89,0,2.181365944770248,5.323716937854527,5.706312830795795,4.2273,Average,31,24,280,17,0,0,0,4
2013,12,10,125,20.83,140.44,8,5,0,0,36*,0,3,23.33,10.5,13.33,3/25,36,1,3,25,89,0,5.114143313106307,2.228847795057711,5.706312830795795,5.071,Average,31,24,280,17,0,0,0,4
2015,6,5,73,24.33,158.69,3,5,0,0,22*,0,3,16.66,8.33,12.0,3/25,22,1,3,25,89,0,4.75805483969661,3.208665770894432,5.706312830795795,5.1705,Average,31,24,280,17,0,0,0,4
2016,4,3,47,23.5,162.06,2,4,0,0,32,0,1,39.0,10.17,23.0,3/25,32,0,3,25,89,0,4.1452393282874285,0.6267301303265015,5.706312830795795,3.6859,Below Average,31,24,280,17,0,0,0,4
2008,1,1,9,9.0,90.0,1,0,0,0,9,0,1,40.0,10.0,24.0,1/40,9,0,1,40,90,0,0.7722327047732049,0.6219974209214492,6.708162813864161,2.3563,Poor,1,1,9,1,0,0,0,1
2008,13,3,2,2.0,50.0,0,0,0,0,1*,0,8,32.25,6.78,28.5,4/18,1,1,4,18,91,0,0.02792882141790685,4.289141835860327,5.3993256409361425,2.6573,Below Average,54,15,26,43,0,0,0,6
2009,9,2,2,1.0,66.66,0,0,0,0,2,0,4,48.25,8.04,36.0,4/18,2,0,4,18,91,0,0.018678674225159668,1.975130497443356,5.3993256409361425,1.7314,Poor,54,15,26,43,0,0,0,6
2012,7,1,2,2.0,40.0,0,0,0,0,2,0,9,18.77,7.04,16.0,4/18,2,0,4,18,91,0,0.02238712708467907,5.729628272308785,5.3993256409361425,3.0139,Below Average,54,15,26,43,0,0,0,6
2013,13,5,9,4.5,81.81,1,0,0,0,6*,0,16,29.06,9.48,18.37,4/18,6,1,4,18,91,0,0.4036149842960062,5.346510476448918,5.3993256409361425,2.9929,Below Average,54,15,26,43,0,0,0,6
2014,9,3,4,4.0,33.33,0,0,0,0,2*,0,5,54.0,8.7,37.2,4/18,2,1,4,18,91,0,0.07327476479268998,2.0202825713530874,5.3993256409361425,1.8938,Poor,54,15,26,43,0,0,0,6
2017,3,1,7,7.0,100.0,1,0,0,0,7,0,1,119.0,11.9,60.0,4/18,7,0,4,18,91,0,0.562417646579841,0.1901993852278443,5.3993256409361425,1.5213,Poor,54,15,26,43,0,0,0,6
2011,13,10,180,20.0,118.42,10,10,0,0,34,0,2,60.5,8.06,45.0,2/20,34,0,2,20,92,0,5.325196199074888,0.9580235167946011,7.170535659170855,5.4398,Average,28,22,400,3,0,0,0,2
2012,15,12,220,20.0,108.91,14,8,0,0,40,0,1,23.0,6.9,20.0,2/20,40,0,2,20,92,0,5.486572336817767,1.3620881763624912,7.170535659170855,5.8623,Good,28,22,400,3,0,0,0,2
2026,6,2,1,0.0,25.0,0,0,0,0,1*,1,6,38.0,10.85,21.0,32/2,1,1,32,2,93,0,0.0,2.5037520629079606,7.151699256297347,2.638,Below Average,6,2,1,6,0,0,1,1
2019,4,4,3,1.0,30.0,0,0,0,0,3*,0,0,0.0,0.0,0.0,,3,1,0,0,94,0,0.012636455404215097,0.0,3.326417175131258,0.2979,Poor,6,6,24,0,0,0,0,2
2024,2,2,21,10.5,116.66,0,2,0,0,16,0,0,0.0,0.0,0.0,,16,0,0,0,94,0,1.7957041083367211,0.0,3.326417175131258,1.5098,Poor,6,6,24,0,0,0,0,2
2024,11,9,189,27.0,167.25,10,15,1,0,61,2,0,0.0,0.0,0.0,,61,0,0,0,95,0,6.287920761574065,0.0,7.176307925512422,5.8356,Good,32,26,564,0,2,0,6,3
2025,13,9,204,29.14,160.62,14,13,1,0,66*,2,0,0.0,0.0,0.0,,66,1,0,0,95,0,6.444427831031078,0.0,7.176307925512422,6.0688,Good,32,26,564,0,2,0,6,3
2026,8,8,171,34.2,181.91,15,12,0,0,39,2,0,0.0,0.0,0.0,,39,0,0,0,95,0,6.595428417444609,0.0,7.176307925512422,6.0685,Good,32,26,564,0,2,0,6,3
2026,3,1,1,0.0,16.66,0,0,0,0,1*,0,6,17.0,10.2,10.0,24/4,1,1,24,4,96,0,0.0,4.167754900909176,6.953569201408803,3.0766,Below Average,3,1,1,6,0,0,0,1
2023,7,7,186,26.57,144.18,20,6,2,0,66,5,0,0.0,0.0,0.0,,66,0,0,0,98,0,6.036603777567188,0.0,4.716299965126147,4.3159,Average,10,10,260,0,2,0,5,3
2024,2,2,61,30.5,156.41,7,2,0,0,46,0,0,0.0,0.0,0.0,,46,0,0,0,98,0,4.8016078273771505,0.0,4.716299965126147,3.5691,Below Average,10,10,260,0,2,0,5,3
2025,1,1,13,13.0,144.44,3,0,0,0,13,0,0,0.0,0.0,0.0,,13,0,0,0,98,0,1.7428834785671101,0.0,4.716299965126147,1.8982,Poor,10,10,260,0,2,0,5,3
2026,5,2,14,14.0,350.0,2,1,0,0,10*,1,0,0.0,0.0,0.0,,10,1,0,0,99,0,2.907860107241169,0.0,7.0971227355598625,3.4496,Below Average,5,2,14,0,0,0,1,1
2019,1,1,4,0.0,133.33,1,0,0,0,4*,0,0,0.0,0.0,0.0,,4,1,0,0,100,0,0.0,0.0,5.116631300627613,0.8562,Poor,66,17,68,80,0,0,7,6
2021,16,1,5,0.0,166.66,1,0,0,0,5*,0,24,18.75,7.37,15.25,3/13,5,1,3,13,100,0,0.0,8.113082320742762,5.116631300627613,3.6139,Below Average,66,17,68,80,0,0,7,6
2022,13,4,22,22.0,169.23,0,3,0,0,12,2,18,23.11,8.72,15.88,24/4,12,0,24,4,100,0,3.1284529793253393,6.399322016652586,5.116631300627613,4.9924,Average,66,17,68,80,0,0,7,6
2024,16,3,10,0.0,200.0,1,0,0,0,7*,1,19,27.68,9.59,17.31,27/3,7,1,27,3,100,0,0.0,5.850688260516969,5.116631300627613,2.9801,Below Average,66,17,68,80,0,0,7,6
2025,13,4,21,21.0,175.0,3,1,0,0,19*,2,13,37.46,10.28,21.84,37/3,19,1,37,3,100,0,3.053897030243154,4.114526856228564,5.116631300627613,4.1567,Average,66,17,68,80,0,0,7,6
2026,7,4,6,6.0,100.0,1,0,0,0,4*,2,6,45.5,11.06,24.66,23/2,4,1,23,2,100,0,0.43366393456570335,2.18799510732567,5.116631300627613,2.1782,Poor,66,17,68,80,0,0,7,6
2014,17,8,62,10.33,103.33,6,1,0,0,42*,0,17,23.82,6.13,23.29,4/21,42,1,4,21,101,0,2.8637308278759415,7.071895807036076,6.947194762443541,6.1142,Good,176,135,2089,139,4,0,37,13
2015,14,12,206,22.88,118.39,13,8,0,0,40*,0,13,30.15,8.4,21.53,4/21,40,1,4,21,101,0,5.697210960660348,5.055549916903152,6.947194762443541,7.4884,Very Good,176,135,2089,139,4,0,37,13
2016,14,10,111,15.85,144.15,4,8,0,0,36*,0,13,29.84,8.11,22.07,4/21,36,1,4,21,101,0,4.614536271700982,5.162015507824545,6.947194762443541,6.6672,Good,176,135,2089,139,4,0,37,13
2017,14,13,227,28.37,140.12,11,11,0,0,44,0,15,24.13,7.54,19.2,4/21,44,0,4,21,101,0,6.365603597818202,6.199318537653635,6.947194762443541,8.3458,Very Good,176,135,2089,139,4,0,37,13
2018,9,8,80,13.33,115.94,3,4,0,0,19,0,3,72.66,8.38,52.0,4/21,19,0,4,21,101,0,3.6564310129692728,1.1166061752032195,6.947194762443541,4.1544,Average,176,135,2089,139,4,0,37,13
2019,14,12,110,18.33,125.0,10,3,0,0,26,0,10,36.4,7.13,30.6,4/21,26,0,4,21,101,0,4.606096310994166,4.403070387196506,6.947194762443541,6.3685,Good,176,135,2089,139,4,0,37,13
2020,15,9,117,14.62,137.64,6,8,0,0,42,0,9,36.33,6.41,34.0,4/21,42,0,4,21,101,0,4.513801972814429,4.409747910525038,6.947194762443541,6.2232,Good,176,135,2089,139,4,0,37,13
2021,12,6,40,8.0,86.95,2,1,0,0,12,0,15,20.4,6.65,18.4,4/21,12,0,4,21,101,0,1.876283929521103,6.939729235652185,6.947194762443541,5.1557,Average,176,135,2089,139,4,0,37,13
2022,13,10,182,45.5,151.66,12,10,0,0,42*,8,6,53.5,7.46,43.0,10/2,42,1,10,2,101,0,6.827480321855845,2.557824909896025,6.947194762443541,7.2384,Very Good,176,135,2089,139,4,0,37,13
2023,14,13,283,28.3,139.4,21,15,1,0,54,7,11,30.72,7.19,25.63,13/2,54,0,13,2,101,0,6.66286637195245,4.985171054502523,6.947194762443541,8.281,Very Good,176,135,2089,139,4,0,37,13
2024,14,12,235,29.38,131.28,19,10,2,0,66,11,11,30.63,7.65,24.0,25/2,66,0,25,2,101,0,6.371811989911947,4.848712825969179,6.947194762443541,7.9704,Very Good,176,135,2089,139,4,0,37,13
2025,12,11,263,26.3,157.48,23,15,0,0,43,4,5,57.6,8.47,40.8,19/2,43,0,19,2,101,0,6.628434737703568,1.9665332659571924,6.947194762443541,6.8143,Good,176,135,2089,139,4,0,37,13
2026,14,11,173,19.22,131.06,16,6,1,0,56,7,11,32.72,8.18,24.0,18/2,56,0,18,2,101,0,5.35548123441251,4.546775788459373,6.947194762443541,6.9921,Good,176,135,2089,139,4,0,37,13
2022,13,11,161,20.13,123.84,11,7,1,0,54,8,2,5.5,5.5,6.0,5/1,54,0,5,1,102,0,5.242130700003401,5.657565191005305,6.996461264872591,7.5876,Very Good,66,56,1178,4,7,0,18,5
2023,15,12,238,23.8,138.37,13,12,1,0,59*,2,0,0.0,0.0,0.0,,59,1,0,0,102,0,6.169229410559546,0.0,6.996461264872591,5.6632,Good,66,56,1178,4,7,0,18,5
2024,14,12,235,29.38,137.42,22,5,2,0,55*,3,0,0.0,0.0,0.0,,55,1,0,0,102,0,6.435590974871066,0.0,6.996461264872591,5.6394,Good,66,56,1178,4,7,0,18,5
2025,14,11,329,32.9,148.19,27,14,2,0,74,4,2,6.5,7.8,5.0,4/2,74,0,4,2,102,0,7.170126458970105,4.455238848464054,6.996461264872591,8.4019,Very Good,66,56,1178,4,7,0,18,5
2026,10,10,215,21.5,152.48,23,9,1,0,54,1,0,0.0,0.0,0.0,,54,0,0,0,102,0,6.021489896672153,0.0,6.996461264872591,5.5112,Good,66,56,1178,4,7,0,18,5
2025,7,7,240,34.29,188.97,31,11,1,0,94,4,0,0.0,0.0,0.0,,94,0,0,0,103,0,7.126757938016096,0.0,6.966488534601643,6.3714,Good,13,13,441,0,3,0,4,2
2026,6,6,201,33.5,177.87,20,12,2,0,73,0,0,0.0,0.0,0.0,,73,0,0,0,103,0,6.761090416073479,0.0,6.966488534601643,6.1726,Good,13,13,441,0,3,0,4,2
2009,6,6,67,16.75,82.71,5,0,0,0,22,0,0,0.0,0.0,0.0,,22,0,0,0,104,0,3.286711984558304,0.0,3.495057539852256,2.1862,Poor,7,7,69,0,0,0,0,2
2010,1,1,2,2.0,50.0,0,0,0,0,2,0,0,0.0,0.0,0.0,,2,0,0,0,104,0,0.02792882141790685,0.0,3.495057539852256,0.1829,Poor,7,7,69,0,0,0,0,2
2012,11,10,186,23.25,130.98,16,8,0,0,36,0,14,23.5,7.71,18.28,3/20,36,0,3,20,105,0,5.717959006074825,6.038723474762859,4.863674098004214,6.8813,Good,23,21,388,29,2,0,0,3
2013,11,10,196,19.6,127.27,22,5,2,0,80,0,15,22.0,7.52,17.53,3/20,80,0,3,20,105,0,5.5143099423251325,6.4368378696027575,4.863674098004214,6.7188,Good,23,21,388,29,2,0,0,3
2015,1,1,6,6.0,85.71,1,0,0,0,6,0,0,0.0,0.0,0.0,,6,0,0,0,105,0,0.3792798267795621,0.0,4.863674098004214,1.2192,Poor,23,21,388,29,2,0,0,3
2024,7,4,42,10.5,127.27,2,2,0,0,17,0,4,46.5,8.85,31.5,27/2,17,0,27,2,106,0,2.6641378356317564,1.892792772606863,5.714625659823216,3.316,Below Average,19,11,151,15,0,0,0,3
2025,9,5,57,14.25,139.02,6,3,0,0,21*,0,8,34.87,10.33,20.25,33/2,21,1,33,2,106,0,3.5385077563736362,3.260388287377248,5.714625659823216,4.3924,Average,19,11,151,15,0,0,0,3
2026,3,2,52,26.0,192.59,3,5,0,0,38,0,3,34.33,9.36,22.0,36/2,38,0,36,2,106,0,4.650306800499133,1.8380199907111425,5.714625659823216,4.4873,Average,19,11,151,15,0,0,0,3
2022,3,3,21,7.0,70.0,2,0,0,0,15,1,0,0.0,0.0,0.0,,15,0,0,0,107,0,0.9978900019794081,0.0,6.953569201408803,2.4355,Poor,3,3,21,0,0,0,1,1
2024,1,1,2,2.0,40.0,0,0,0,0,2,1,0,0.0,0.0,0.0,,2,0,0,0,108,0,0.02238712708467907,0.0,6.708162813864161,1.8164,Poor,1,1,2,0,0,0,1,1
2008,7,7,46,15.33,148.38,4,3,0,0,27*,0,2,67.0,7.73,52.0,2/17,27,1,2,17,109,0,3.440098788066632,0.910215577881387,5.208988777822455,3.2609,Below Average,14,11,76,6,0,0,0,3
2009,6,3,17,8.5,113.33,1,1,0,0,9,0,4,20.0,7.27,16.5,2/17,9,0,2,17,109,0,1.367874328677971,3.685070926941869,5.208988777822455,3.0043,Below Average,14,11,76,6,0,0,0,3
2011,1,1,13,13.0,144.44,0,1,0,0,13,0,0,0.0,0.0,0.0,,13,0,0,0,109,0,1.7428834785671101,0.0,5.208988777822455,2.1328,Poor,14,11,76,6,0,0,0,3
2016,14,4,4,0.0,100.0,0,0,0,0,2*,0,14,29.5,8.34,21.21,3/28,2,1,3,28,110,0,0.0,5.297982694462585,4.319029639591269,2.3821,Poor,22,9,10,18,0,0,0,3
2018,6,4,3,3.0,42.85,0,0,0,0,2,0,4,57.25,10.4,33.0,3/28,2,0,3,28,110,0,0.05336793265919257,1.4324924480148016,4.319029639591269,1.1828,Poor,22,9,10,18,0,0,0,3
2019,2,1,3,0.0,100.0,0,0,0,0,3*,0,0,0.0,0.0,0.0,,3,1,0,0,110,0,0.0,0.0,4.319029639591269,0.6594,Poor,22,9,10,18,0,0,0,3
2017,12,5,28,0.0,100.0,1,1,0,0,13*,0,11,38.54,9.49,24.36,3/29,13,1,3,29,111,0,0.0,3.8694664247313693,3.727082228903832,1.8338,Poor,19,8,32,16,0,0,0,3
2018,4,2,3,3.0,50.0,0,0,0,0,3,0,5,22.8,11.21,12.2,3/29,3,0,3,29,111,0,0.06207962780851395,3.0213794559406226,3.727082228903832,1.6698,Poor,19,8,32,16,0,0,0,3
2019,3,1,1,0.0,100.0,0,0,0,0,1*,0,0,0.0,0.0,0.0,,1,1,0,0,111,0,0.0,0.0,3.727082228903832,0.358,Poor,19,8,32,16,0,0,0,3
2014,1,1,8,8.0,133.33,0,1,0,0,8,0,1,31.0,7.75,24.0,2/20,8,0,2,20,112,0,0.8701555117118149,0.9700279056867338,5.164761978416834,1.9333,Poor,21,17,238,10,0,0,0,5
2016,4,4,65,32.5,191.17,4,6,0,0,39*,0,5,16.0,7.16,13.4,2/20,39,1,2,20,112,0,5.250641569849991,4.682349775611334,5.164761978416834,6.0875,Good,21,17,238,10,0,0,0,5
2017,4,3,51,25.5,196.15,5,3,0,0,20,0,1,123.0,9.71,76.0,2/20,20,0,2,20,112,0,4.622447125670519,0.224131333297864,5.164761978416834,3.7026,Below Average,21,17,238,10,0,0,0,5
2018,9,6,96,24.0,165.51,5,8,0,0,37,0,2,84.0,9.88,51.0,2/20,37,0,2,20,112,0,5.171758249063209,0.6018263003249049,5.164761978416834,4.1524,Average,21,17,238,10,0,0,0,5
2019,3,3,18,9.0,105.88,1,1,0,0,13*,0,1,27.0,13.5,12.0,2/20,13,1,2,20,112,0,1.4087885912403104,0.6757710365627474,5.164761978416834,2.1359,Poor,21,17,238,10,0,0,0,5
2014,3,3,40,13.33,114.28,7,0,0,0,20,0,0,0.0,0.0,0.0,,20,0,0,0,113,0,2.763128351007695,0.0,6.953569201408803,3.301,Below Average,3,3,40,0,0,0,0,1
2013,2,2,4,4.0,44.44,0,0,0,0,4*,0,1,71.0,10.14,42.0,2/15,4,1,2,15,116,0,0.09687743476928536,0.3625425493292026,3.9736048577691925,0.7167,Poor,9,4,5,10,0,0,0,2
2018,7,2,1,1.0,25.0,0,0,0,0,1*,0,9,23.44,10.04,14.0,2/15,1,1,2,15,116,0,0.003521498441860856,4.38648170721151,3.9736048577691925,2.1495,Poor,9,4,5,10,0,0,0,2
2013,8,8,193,32.16,137.85,21,5,1,0,64*,0,0,0.0,0.0,0.0,,64,1,0,0,117,0,6.291414506852389,0.0,7.240676269710922,5.9061,Good,8,8,193,0,1,0,0,1
2017,12,11,316,31.6,142.98,22,15,1,1,103*,0,12,26.33,7.18,22.0,3/15,103,1,3,15,118,0,7.007008717461333,5.559160655132986,5.049863271166666,7.9677,Very Good,45,44,935,28,2,2,2,6
2018,13,13,196,16.33,121.73,13,6,0,0,45,0,8,37.87,8.18,27.75,3/15,45,0,3,15,118,0,5.201300991972597,3.5569374694542715,5.049863271166666,5.4287,Average,45,44,935,28,2,2,2,6
2019,9,9,123,20.5,124.24,8,4,0,0,46,0,6,31.5,11.22,16.83,3/15,46,0,3,15,118,0,4.902277216827585,2.7661930937485133,5.049863271166666,4.9502,Average,45,44,935,28,2,2,2,6
2020,8,8,285,40.71,142.5,36,7,1,1,107*,0,2,77.0,10.26,45.0,3/15,107,1,3,15,118,0,7.212570509963985,0.6290310367628933,5.049863271166666,5.6799,Good,45,44,935,28,2,2,2,6
2021,1,1,0,0.0,0.0,0,0,0,0,0*,0,0,0.0,0.0,0.0,,0,1,0,0,118,0,0.0,0.0,5.049863271166666,0.7592,Poor,45,44,935,28,2,2,2,6
2023,2,2,15,7.5,107.14,2,0,0,0,8,2,0,0.0,0.0,0.0,,8,0,0,0,118,0,1.1154178304479472,0.0,5.049863271166666,1.8507,Poor,45,44,935,28,2,2,2,6
2014,3,1,0,0.0,0.0,0,0,0,0,0*,0,4,31.5,10.5,18.0,3/36,0,1,3,36,119,0,0.0,2.2096211271087016,3.4784798051704984,1.005,Poor,7,3,1,9,0,0,0,2
2015,4,2,1,0.0,50.0,0,0,0,0,1*,0,5,21.8,8.38,15.6,3/36,1,1,3,36,119,0,0.0,3.6745993770294576,3.4784798051704984,1.6481,Poor,7,3,1,9,0,0,0,2
2022,9,9,206,22.89,159.68,16,13,0,0,43,4,0,0.0,0.0,0.0,,43,0,0,0,120,0,6.113345935299064,0.0,5.257416139945207,4.7319,Average,13,13,277,0,1,0,4,2
2023,4,4,71,23.67,114.51,6,2,1,0,50,0,0,0.0,0.0,0.0,,50,0,0,0,120,0,4.242175849290347,0.0,5.257416139945207,3.3141,Below Average,13,13,277,0,1,0,4,2
2008,3,3,20,6.66,71.42,3,0,0,0,10,0,0,0.0,0.0,0.0,,10,0,0,0,121,0,0.9428297629966846,0.0,4.643476040266206,1.3537,Poor,23,21,280,0,1,0,0,4
2011,14,13,207,25.87,121.76,21,4,1,0,61*,0,0,0.0,0.0,0.0,,61,1,0,0,121,0,5.913262453252671,0.0,4.643476040266206,4.1272,Average,23,21,280,0,1,0,0,4
2012,5,4,37,12.33,105.71,3,2,0,0,25*,0,0,0.0,0.0,0.0,,25,1,0,0,121,0,2.484695294539386,0.0,4.643476040266206,2.2622,Poor,23,21,280,0,1,0,0,4
2013,1,1,16,16.0,88.88,1,1,0,0,16,0,0,0.0,0.0,0.0,,16,0,0,0,121,0,1.6732757942186542,0.0,4.643476040266206,1.9169,Poor,23,21,280,0,1,0,0,4
2012,5,1,6,0.0,300.0,0,1,0,0,6*,0,2,68.0,8.24,49.5,4/22,6,1,4,22,122,0,0.0,0.850811552673466,7.0971227355598625,2.1446,Poor,5,1,6,2,0,0,0,1
2012,11,9,40,13.33,100.0,4,0,0,0,11*,0,8,35.12,7.2,29.25,5/19,11,1,5,19,123,0,2.6029820622030497,3.9760415869027947,6.077349557169999,4.1733,Average,202,77,353,223,0,0,11,15
2013,16,9,52,7.42,73.23,3,1,0,0,24*,0,13,28.53,6.5,26.3,5/19,24,1,5,19,123,0,1.8922662645698578,5.79984082791949,6.077349557169999,4.2167,Average,202,77,353,223,0,0,11,15
2014,14,2,1,1.0,25.0,0,0,0,0,1,0,20,17.7,6.65,15.95,5/19,1,0,5,19,123,0,0.003521498441860856,8.055417816544306,6.077349557169999,3.7681,Below Average,202,77,353,223,0,0,11,15
2015,14,3,17,17.0,170.0,2,1,0,0,11*,0,18,22.61,7.87,17.22,5/19,11,1,5,19,123,0,2.5064248736229007,6.713142440361652,6.077349557169999,5.1508,Average,202,77,353,223,0,0,11,15
2016,17,8,43,7.16,159.25,6,1,0,0,21,0,23,21.3,7.42,17.21,5/19,21,0,5,19,123,0,2.5040350421387987,7.649370220471132,6.077349557169999,5.5619,Good,202,77,353,223,0,0,11,15
2017,14,2,4,4.0,100.0,0,0,0,0,4*,0,26,14.19,7.05,12.07,5/19,4,1,5,19,123,0,0.20932554836260303,9.185860301206333,6.077349557169999,4.5102,Average,202,77,353,223,0,0,11,15
2018,12,4,13,6.5,81.25,1,0,0,0,7,0,9,39.33,7.66,30.77,5/19,7,0,5,19,123,0,0.7371841838263775,3.855389425431376,6.077349557169999,3.0612,Below Average,202,77,353,223,0,0,11,15
2019,15,5,12,4.0,63.15,1,0,0,0,7*,0,13,35.46,7.81,27.23,5/19,7,1,5,19,123,0,0.37340871203699605,4.848550567379851,6.077349557169999,3.1046,Below Average,202,77,353,223,0,0,11,15
2020,4,1,0,0.0,0.0,0,0,0,0,0*,0,3,33.0,6.98,28.33,5/19,0,1,5,19,123,0,0.0,2.3246116933844276,6.077349557169999,2.2676,Poor,202,77,353,223,0,0,11,15
2021,11,7,34,34.0,113.33,3,0,0,0,14*,0,6,55.83,7.97,42.0,5/19,14,1,5,19,123,0,3.73215230260938,2.3797501109755554,6.077349557169999,4.3133,Average,202,77,353,223,0,0,11,15
2022,14,6,24,8.0,92.3,3,0,0,0,8,2,12,31.91,7.34,26.08,22/3,8,0,22,3,123,0,1.4380402345791437,5.0511544913938975,6.077349557169999,3.8615,Below Average,202,77,353,223,0,0,11,15
2023,14,6,42,14.0,89.36,4,0,0,0,27,2,16,26.56,8.33,19.12,30/5,27,0,30,5,123,0,2.585583808966435,5.875922088544127,6.077349557169999,4.804,Average,202,77,353,223,0,0,11,15
2024,16,5,23,7.67,79.31,3,0,0,0,13,1,11,48.45,9.35,31.09,41/3,13,0,41,3,123,0,1.2342011057198006,3.4342273385680095,6.077349557169999,3.1057,Below Average,202,77,353,223,0,0,11,15
2025,14,6,14,4.67,56.0,1,0,0,0,8,5,17,28.41,9.28,18.35,33/3,8,0,33,3,123,0,0.4400045736837533,5.597037180361914,6.077349557169999,3.3514,Below Average,202,77,353,223,0,0,11,15
2026,16,4,34,0.0,130.76,3,1,0,0,15*,1,28,17.89,7.95,13.5,23/4,15,1,23,4,123,0,0.0,8.444546023229085,6.077349557169999,4.1574,Average,202,77,353,223,0,0,11,15
2018,4,1,5,0.0,250.0,1,0,0,0,5*,0,5,26.0,8.12,19.2,2/21,5,1,2,21,124,0,0.0,3.3850975406555013,7.03257241222424,2.7947,Below Average,4,1,5,5,0,0,0,1
2013,8,7,123,24.6,110.81,13,2,1,0,55,0,0,0.0,0.0,0.0,,55,0,0,0,125,0,4.995205764030064,0.0,7.240676269710922,4.817,Average,8,7,123,0,1,0,0,1
2010,5,2,9,0.0,128.57,1,0,0,0,8*,0,3,31.33,9.4,20.0,2/13,8,1,2,13,126,0,0.0,1.9579987846860203,5.028443487046706,1.6437,Poor,32,17,187,16,0,0,0,6
2011,4,3,23,23.0,127.77,1,0,0,0,16*,0,4,19.5,6.5,18.0,2/13,16,1,2,13,126,0,2.8896257209720835,3.970722765737399,5.028443487046706,3.884,Below Average,32,17,187,16,0,0,0,6
2012,5,4,72,24.0,153.19,6,3,0,0,35*,0,0,0.0,0.0,0.0,,35,1,0,0,126,0,4.672717200588542,0.0,5.028443487046706,3.7119,Below Average,32,17,187,16,0,0,0,6
2015,4,1,1,1.0,50.0,0,0,0,0,1,0,3,16.66,7.14,14.0,2/13,1,0,2,13,126,0,0.007034226019245297,3.509471064257863,5.028443487046706,2.0261,Poor,32,17,187,16,0,0,0,6
2016,7,4,51,25.5,204.0,1,5,0,0,27*,0,3,40.33,8.64,28.0,2/13,27,1,2,13,126,0,4.67574134383503,1.7312419712159581,5.028443487046706,4.1342,Average,32,17,187,16,0,0,0,6
2017,7,3,31,31.0,129.16,2,1,0,0,21*,0,3,43.0,7.89,32.66,2/13,21,1,2,13,126,0,3.6615333199220252,1.7659234511870616,5.028443487046706,3.5022,Below Average,32,17,187,16,0,0,0,6
2010,5,4,35,35.0,94.59,3,0,0,0,16,0,0,0.0,0.0,0.0,,16,0,0,0,128,0,3.571998030396214,0.0,7.0971227355598625,3.6448,Below Average,5,4,35,0,0,0,0,1
2011,1,1,18,18.0,163.63,2,1,0,0,18,0,0,0.0,0.0,0.0,,18,0,0,0,129,0,2.596197290928587,0.0,6.708162813864161,3.0092,Below Average,1,1,18,0,0,0,0,1
2008,3,3,12,4.0,70.58,2,0,0,0,10,0,0,0.0,0.0,0.0,,10,0,0,0,130,0,0.41148890958408857,0.0,6.0250872989796385,1.7207,Poor,66,63,1400,17,6,0,0,7
2009,12,12,365,40.55,117.74,34,9,3,0,73,0,7,23.0,8.05,17.14,4/13,73,0,4,13,130,0,7.2863306824662155,4.3611901212413535,6.0250872989796385,8.0759,Very Good,66,63,1400,17,6,0,0,7
2010,4,4,99,24.75,110.0,11,1,1,0,50,0,2,20.5,8.2,15.0,4/13,50,0,4,13,130,0,4.697223939259528,2.184776745014217,6.0250872989796385,4.913,Average,66,63,1400,17,6,0,0,7
2011,14,14,285,35.62,120.76,26,9,1,0,51*,0,7,11.0,7.0,9.42,4/13,51,1,4,13,130,0,6.79368038758347,6.4435246063777365,6.0250872989796385,8.4957,Very Good,66,63,1400,17,6,0,0,7
2012,12,12,245,30.62,140.0,18,9,0,0,48*,0,1,21.0,10.5,12.0,4/13,48,1,4,13,130,0,6.5774790071386215,1.0424564983890396,6.0250872989796385,5.981,Good,66,63,1400,17,6,0,0,7
2013,17,14,293,41.85,134.4,27,9,1,0,54*,0,0,0.0,0.0,0.0,,54,1,0,0,130,0,7.20805634714905,0.0,6.0250872989796385,5.9188,Good,66,63,1400,17,6,0,0,7
2014,4,4,101,33.66,140.27,4,6,0,0,40,0,0,0.0,0.0,0.0,,40,0,0,0,130,0,5.47982827974149,0.0,6.0250872989796385,4.6536,Average,66,63,1400,17,6,0,0,7
2012,9,3,15,7.5,93.75,1,0,0,0,13,0,10,25.3,7.02,21.6,4/29,13,0,4,29,131,0,1.0156333208549517,5.27290445511719,5.687807975084201,3.4422,Below Average,15,5,22,19,0,0,0,2
2015,6,2,7,7.0,116.66,0,0,0,0,5,0,9,16.0,6.85,14.0,4/29,5,0,4,29,131,0,0.6376458252605264,6.189414491423245,5.687807975084201,3.4422,Below Average,15,5,22,19,0,0,0,2
2008,4,4,188,62.66,204.34,13,15,0,1,158*,0,0,0.0,0.0,0.0,,158,1,0,0,132,0,7.739708009662493,0.0,6.513287484307501,6.5938,Good,109,109,2880,0,13,2,0,11
2009,13,13,285,23.75,119.24,27,12,2,0,84*,0,0,0.0,0.0,0.0,,84,1,0,0,132,0,6.210071111279589,0.0,6.513287484307501,5.2801,Average,109,109,2880,0,13,2,0,11
2010,5,5,114,28.5,103.63,14,2,1,0,57*,0,0,0.0,0.0,0.0,,57,1,0,0,132,0,5.000932837800988,0.0,6.513287484307501,4.3875,Average,109,109,2880,0,13,2,0,11
2011,13,13,357,27.46,129.81,35,16,1,0,81,0,0,0.0,0.0,0.0,,81,0,0,0,132,0,6.845919949245837,0.0,6.513287484307501,5.8635,Good,109,109,2880,0,13,2,0,11
2012,12,12,289,24.08,102.12,37,3,1,0,56,0,0,0.0,0.0,0.0,,56,0,0,0,132,0,6.0329389095324615,0.0,6.513287484307501,5.2901,Average,109,109,2880,0,13,2,0,11
2013,1,1,6,6.0,85.71,1,0,0,0,6,0,0,0.0,0.0,0.0,,6,0,0,0,132,0,0.3792798267795621,0.0,6.513287484307501,1.9939,Poor,109,109,2880,0,13,2,0,11
2014,14,14,405,31.15,121.62,32,19,3,0,71*,0,0,0.0,0.0,0.0,,71,1,0,0,132,0,7.107871073254181,0.0,6.513287484307501,5.9749,Good,109,109,2880,0,13,2,0,11
2015,14,14,436,33.53,155.71,51,23,2,1,100*,0,0,0.0,0.0,0.0,,100,1,0,0,132,0,7.661243069772622,0.0,6.513287484307501,6.5991,Good,109,109,2880,0,13,2,0,11
2016,16,16,354,22.12,135.11,38,16,1,0,60,0,0,0.0,0.0,0.0,,60,0,0,0,132,0,6.587697895044087,0.0,6.513287484307501,5.6205,Good,109,109,2880,0,13,2,0,11
2017,11,11,319,29.0,147.0,29,18,2,0,72,0,0,0.0,0.0,0.0,,72,0,0,0,132,0,6.938835274975197,0.0,6.513287484307501,5.9921,Good,109,109,2880,0,13,2,0,11
2018,6,6,127,21.16,144.31,16,6,0,0,43,0,0,0.0,0.0,0.0,,43,0,0,0,132,0,5.194892748266662,0.0,6.513287484307501,4.5596,Average,109,109,2880,0,13,2,0,11
2008,4,3,17,17.0,130.76,2,1,0,0,16*,0,4,28.0,7.0,24.0,3/15,16,1,3,15,134,0,2.20611771056902,3.099975350122893,5.423123710677428,3.1489,Below Average,38,19,124,25,0,0,0,6
2009,5,4,28,14.0,82.35,2,1,0,0,14*,0,5,22.2,5.55,24.0,3/15,14,1,3,15,134,0,2.0333961621193963,4.518408266442993,5.423123710677428,3.809,Below Average,38,19,124,25,0,0,0,6
2010,4,3,11,11.0,122.22,1,0,0,0,7*,0,0,0.0,0.0,0.0,,7,1,0,0,134,0,1.2803236703224166,0.0,5.423123710677428,1.9098,Poor,38,19,124,25,0,0,0,6
2011,12,4,5,1.66,55.55,0,0,0,0,2*,0,5,67.6,7.45,54.4,3/15,2,1,3,15,134,0,0.06357219914743444,1.922064443907237,5.423123710677428,1.8241,Poor,38,19,124,25,0,0,0,6
2012,10,3,42,21.0,210.0,2,4,0,0,25,0,7,42.71,7.86,32.57,3/15,25,0,3,15,134,0,4.190942221107412,3.1403587855369826,5.423123710677428,4.4895,Average,38,19,124,25,0,0,0,6
2013,3,2,21,21.0,175.0,1,2,0,0,16*,0,4,21.5,7.16,18.0,3/15,16,1,3,15,134,0,3.053897030243154,3.5692881371012146,5.423123710677428,3.9799,Below Average,38,19,124,25,0,0,0,6
2026,13,2,2,0.0,50.0,0,0,0,0,1*,1,14,32.14,9.89,19.5,18/2,1,1,18,2,135,0,0.0,4.702987696040489,7.397105643841989,3.3314,Below Average,13,2,2,14,0,0,1,1
2011,5,4,48,24.0,88.88,6,0,0,0,16,0,0,0.0,0.0,0.0,,16,0,0,0,136,0,3.412206220915226,0.0,5.848302881509098,3.1793,Below Average,9,8,98,0,0,0,0,2
2012,4,4,50,12.5,79.36,3,0,0,0,23,0,0,0.0,0.0,0.0,,23,0,0,0,136,0,2.517590920574549,0.0,5.848302881509098,2.76,Below Average,9,8,98,0,0,0,0,2
2023,16,16,452,50.22,160.28,40,22,2,1,100*,5,6,60.16,9.5,38.0,41/2,100,1,41,2,137,0,8.32030556925263,2.0007010283922515,6.408389159316689,8.1091,Very Good,43,42,1029,23,4,1,18,3
2024,13,12,255,31.88,143.25,22,10,0,0,46,5,10,30.3,8.61,21.1,12/2,46,0,12,2,137,0,6.721834684559203,4.391586234960992,6.408389159316689,7.9813,Very Good,43,42,1029,23,4,1,18,3
2026,14,14,322,32.2,145.7,22,17,2,0,79,8,7,33.42,10.63,18.85,23/2,79,0,23,2,137,0,7.086104071119261,3.0346842781595122,6.408389159316689,7.4621,Very Good,43,42,1029,23,4,1,18,3
2008,8,8,114,16.28,111.76,8,4,0,0,31*,0,0,0.0,0.0,0.0,,31,1,0,0,138,0,4.342827898318786,0.0,5.4574180452375,3.4902,Below Average,47,45,954,1,6,0,0,5
2010,7,5,48,24.0,145.45,3,3,0,0,21*,0,0,0.0,0.0,0.0,,21,1,0,0,138,0,4.057201282731478,0.0,5.4574180452375,3.488,Below Average,47,45,954,1,6,0,0,5
2011,6,6,104,26.0,95.41,6,2,0,0,31*,0,0,0.0,0.0,0.0,,31,1,0,0,138,0,4.637768707127133,0.0,5.4574180452375,3.7752,Below Average,47,45,954,1,6,0,0,5
2012,13,13,479,43.54,149.68,41,20,5,0,78,0,0,0.0,0.0,0.0,,78,0,0,0,138,0,8.104966273410364,0.0,5.4574180452375,6.3991,Good,47,45,954,1,6,0,0,5
2013,13,13,209,17.41,109.42,18,7,1,0,52,0,1,16.0,8.0,12.0,1/14,52,0,1,14,138,0,5.231077340515831,1.6092271813150016,5.4574180452375,4.7579,Average,47,45,954,1,6,0,0,5
2016,8,6,83,13.83,218.42,6,8,0,0,34,0,7,26.42,7.98,19.85,3/43,34,0,3,43,139,0,4.598998811987372,4.078844198514188,4.556408746246966,4.8555,Average,16,14,181,13,0,0,0,4
2017,2,2,12,6.0,80.0,2,0,0,0,11,0,1,67.0,11.16,36.0,3/43,11,0,3,43,139,0,0.6415583723100932,0.34988349658089835,4.556408746246966,1.3585,Poor,16,14,181,13,0,0,0,4
2018,4,4,75,25.0,156.25,1,8,0,0,43*,0,5,18.8,9.24,12.2,3/43,43,1,3,43,139,0,4.810798752699791,3.7780960516175686,4.556408746246966,5.0617,Average,16,14,181,13,0,0,0,4
2019,2,2,11,5.5,110.0,1,0,0,0,6,0,0,0.0,0.0,0.0,,6,0,0,0,139,0,0.7194601195090462,0.0,4.556408746246966,1.382,Poor,16,14,181,13,0,0,0,4
2008,5,3,16,5.33,69.56,0,0,0,0,8,0,0,0.0,0.0,0.0,,8,0,0,0,140,0,0.6568740310302981,0.0,7.0971227355598625,2.2357,Poor,5,3,16,0,0,0,0,1
2008,5,4,21,7.0,116.66,0,1,0,0,12*,0,5,29.0,8.52,20.4,3/21,12,1,3,21,141,0,1.4086047044267365,3.0841820287856474,4.969229897641458,2.7614,Below Average,13,11,81,18,0,0,0,3
2009,2,2,30,30.0,142.85,1,1,0,0,20,0,4,17.75,8.87,12.0,3/21,20,0,3,21,141,0,3.7074885121953534,3.524147311118327,4.969229897641458,4.3191,Average,13,11,81,18,0,0,0,3
2010,6,5,30,7.5,88.23,1,1,0,0,16,0,9,15.44,6.31,14.66,3/21,16,0,3,21,141,0,1.542451357364976,6.483792436218675,4.969229897641458,3.8357,Below Average,13,11,81,18,0,0,0,3
2010,1,1,15,15.0,78.94,3,0,0,0,15,0,0,0.0,0.0,0.0,,15,0,0,0,142,0,1.4400687207124294,0.0,6.708162813864161,2.5118,Below Average,1,1,15,0,0,0,0,1
2011,3,1,8,8.0,100.0,0,1,0,0,8,0,5,16.8,7.63,13.2,3/15,8,0,3,15,143,0,0.6976994914718055,4.430250333674753,6.953569201408803,3.4576,Below Average,3,1,8,5,0,0,0,1
2021,14,6,16,3.2,64.0,2,0,0,0,7,0,14,30.42,8.19,22.28,3/31,7,0,3,31,144,0,0.3997424759327289,5.268231837620386,5.197313102597907,2.9646,Below Average,16,8,20,17,0,0,0,2
2023,2,2,4,4.0,66.66,1,0,0,0,4,0,3,29.66,11.12,16.0,53/2,4,0,53,2,144,0,0.1429298484168439,1.8031566231058436,5.197313102597907,1.7216,Poor,16,8,20,17,0,0,0,2
2009,3,1,0,0.0,0.0,0,0,0,0,0*,0,2,28.5,7.12,24.0,1/4,0,1,1,4,145,0,0.0,1.911972522887335,6.953569201408803,2.2645,Poor,3,1,0,2,0,0,0,1
2010,10,6,122,30.5,106.08,14,3,0,0,45*,0,0,0.0,0.0,0.0,,45,1,0,0,146,0,5.219203429816845,0.0,5.525220717682028,4.025,Average,30,22,390,0,1,0,0,5
2011,7,3,34,11.33,109.67,4,0,0,0,25,0,0,0.0,0.0,0.0,,25,0,0,0,146,0,2.331886614881295,0.0,5.525220717682028,2.4361,Poor,30,22,390,0,1,0,0,5
2012,3,3,17,5.66,77.27,1,1,0,0,11,0,0,0.0,0.0,0.0,,11,0,0,0,146,0,0.7840046326681881,0.0,5.525220717682028,1.6453,Poor,30,22,390,0,1,0,0,5
2013,4,4,92,23.0,92.92,14,0,1,0,51,0,0,0.0,0.0,0.0,,51,0,0,0,146,0,4.270977344905552,0.0,5.525220717682028,3.5552,Below Average,30,22,390,0,1,0,0,5
2014,6,6,125,25.0,100.8,17,0,0,0,40*,0,0,0.0,0.0,0.0,,40,1,0,0,146,0,4.909799660102242,0.0,5.525220717682028,4.1426,Average,30,22,390,0,1,0,0,5
2013,3,3,44,22.0,129.41,4,1,0,0,30,0,0,0.0,0.0,0.0,,30,0,0,0,147,0,3.673534069913445,0.0,4.396760309742232,2.9466,Below Average,13,13,169,0,0,0,0,3
2014,9,9,121,17.28,109.0,13,5,0,0,33,0,0,0.0,0.0,0.0,,33,0,0,0,147,0,4.469838215320686,0.0,4.396760309742232,3.1582,Below Average,13,13,169,0,0,0,0,3
2015,1,1,4,4.0,80.0,0,0,0,0,4,0,0,0.0,0.0,0.0,,4,0,0,0,147,0,0.16987236336961847,0.0,4.396760309742232,0.7968,Poor,13,13,169,0,0,0,0,3
2009,7,7,171,28.5,119.58,15,10,0,0,44*,0,1,144.0,7.64,113.0,3/21,44,1,3,21,148,0,5.7574067049514435,0.2425044929498924,6.906769297908488,5.3207,Average,142,141,4965,18,31,6,0,13
2010,9,9,292,32.44,158.69,30,16,2,0,88,0,4,38.0,9.5,24.0,3/21,88,0,3,21,148,0,7.079142101739414,2.0787422823256962,6.906769297908488,7.2515,Very Good,142,141,4965,18,31,6,0,13
2011,12,12,608,67.55,183.13,57,44,3,2,107,0,8,30.5,6.77,27.0,3/21,107,0,3,21,148,0,9.34254154182129,4.415268405958011,6.906769297908488,9.8378,Excellent,142,141,4965,18,31,6,0,13
2012,15,14,733,61.08,160.74,46,59,7,1,128*,0,0,0.0,0.0,0.0,,128,1,0,0,148,0,9.28039969558823,0.0,6.906769297908488,8.2536,Very Good,142,141,4965,18,31,6,0,13
2013,16,16,708,59.0,156.29,57,51,4,1,175*,0,3,13.33,10.0,8.0,3/21,175,1,3,21,148,0,9.143197732770409,3.285902884320113,6.906769297908488,9.1905,Excellent,142,141,4965,18,31,6,0,13
2014,9,9,196,21.77,106.52,18,12,0,0,46,0,0,0.0,0.0,0.0,,46,0,0,0,148,0,5.413527704363012,0.0,6.906769297908488,5.0389,Average,142,141,4965,18,31,6,0,13
2015,14,14,491,40.91,147.44,39,38,2,1,117,0,0,0.0,0.0,0.0,,117,0,0,0,148,0,8.030967841339152,0.0,6.906769297908488,6.9676,Good,142,141,4965,18,31,6,0,13
2016,10,10,227,22.7,151.33,17,21,2,0,76,0,2,31.5,6.3,30.0,3/21,76,0,3,21,148,0,6.162113932506106,1.94296492359054,6.906769297908488,6.4266,Good,142,141,4965,18,31,6,0,13
2017,9,9,200,22.22,122.69,15,14,1,0,77,0,0,0.0,0.0,0.0,,77,0,0,0,148,0,5.665138947284726,0.0,6.906769297908488,5.3401,Average,142,141,4965,18,31,6,0,13
2018,11,11,368,40.88,146.03,30,27,3,1,104*,0,0,0.0,0.0,0.0,,104,1,0,0,148,0,7.611339047067714,0.0,6.906769297908488,6.7725,Good,142,141,4965,18,31,6,0,13
2019,13,13,490,40.83,153.6,45,34,4,0,99*,0,0,0.0,0.0,0.0,,99,1,0,0,148,0,8.082886432454774,0.0,6.906769297908488,7.2586,Very Good,142,141,4965,18,31,6,0,13
2020,7,7,288,41.14,137.14,15,23,3,0,99,0,0,0.0,0.0,0.0,,99,0,0,0,148,0,7.188233356476075,0.0,6.906769297908488,6.3739,Good,142,141,4965,18,31,6,0,13
2021,10,10,193,21.44,125.32,21,8,0,0,46,0,0,0.0,0.0,0.0,,46,0,0,0,148,0,5.595712391026478,0.0,6.906769297908488,5.1306,Average,142,141,4965,18,31,6,0,13
2016,9,1,3,3.0,75.0,0,0,0,0,3,0,11,23.45,9.21,15.27,4/11,3,0,4,11,149,0,0.09212392260436969,5.03736970616149,4.703585388741824,2.5273,Below Average,33,13,81,29,0,0,5,6
2017,1,1,0,0.0,0.0,0,0,0,0,0*,0,0,0.0,0.0,0.0,,0,1,0,0,149,0,0.0,0.0,4.703585388741824,0.773,Poor,33,13,81,29,0,0,5,6
2020,9,5,29,9.66,93.54,2,0,0,0,13,0,9,33.77,9.65,21.0,4/11,13,0,4,11,149,0,1.814558074018056,3.693023428578236,4.703585388741824,2.9728,Below Average,33,13,81,29,0,0,5,6
2021,4,2,32,16.0,152.38,1,3,0,0,30,0,4,24.0,8.0,18.0,4/11,30,0,4,11,149,0,3.067478944603681,3.1386795508998224,4.703585388741824,3.6031,Below Average,33,13,81,29,0,0,5,6
2022,4,2,11,11.0,137.5,0,0,0,0,6*,4,2,67.5,10.51,38.5,23/2,6,1,23,2,149,0,1.381778325344412,0.6922802759531282,4.703585388741824,1.8965,Poor,33,13,81,29,0,0,5,6
2023,6,2,6,3.0,50.0,0,0,0,0,4,1,3,79.0,10.77,44.0,7/1,4,0,7,1,149,0,0.12154152338095542,0.8418778571095249,4.703585388741824,1.2436,Poor,33,13,81,29,0,0,5,6
2012,1,1,6,6.0,66.66,1,0,0,0,6,0,0,0.0,0.0,0.0,,6,0,0,0,150,0,0.303357057291836,0.0,5.3585399964645415,1.4217,Poor,42,42,1329,0,10,0,0,7
2014,2,2,58,29.0,118.36,5,3,0,0,45,0,0,0.0,0.0,0.0,,45,0,0,0,150,0,4.287688779822242,0.0,5.3585399964645415,3.5361,Below Average,42,42,1329,0,10,0,0,7
2016,2,2,25,25.0,113.63,0,1,0,0,15,0,0,0.0,0.0,0.0,,15,0,0,0,150,0,2.950606563061158,0.0,5.3585399964645415,2.7785,Below Average,42,42,1329,0,10,0,0,7
2017,7,7,295,49.16,180.98,25,19,3,0,93*,0,0,0.0,0.0,0.0,,93,1,0,0,150,0,7.861208779453236,0.0,5.3585399964645415,6.1069,Good,42,42,1329,0,10,0,0,7
2018,16,16,491,32.73,130.23,56,18,3,0,74,0,0,0.0,0.0,0.0,,74,0,0,0,150,0,7.543257501821201,0.0,5.3585399964645415,5.8055,Good,42,42,1329,0,10,0,0,7
2019,13,13,405,31.15,139.65,41,22,4,0,82,0,0,0.0,0.0,0.0,,82,0,0,0,150,0,7.301656563111582,0.0,5.3585399964645415,5.7216,Good,42,42,1329,0,10,0,0,7
2021,1,1,49,49.0,140.0,4,3,0,0,49,0,0,0.0,0.0,0.0,,49,0,0,0,150,0,4.998677878979361,0.0,5.3585399964645415,3.8287,Below Average,42,42,1329,0,10,0,0,7
2013,16,6,14,7.0,87.5,0,0,0,0,7*,0,15,26.73,8.02,20.0,4/23,7,1,4,23,151,0,0.8733389592411744,5.795289924180689,5.586109238870701,3.4452,Below Average,81,51,618,95,2,0,0,8
2015,11,7,76,38.0,165.21,3,5,0,0,34*,0,13,23.92,7.4,19.38,4/23,34,1,4,23,151,0,5.480570159626762,5.913756033756785,5.586109238870701,6.7767,Good,81,51,618,95,2,0,0,8
2016,12,7,195,65.0,178.89,15,12,1,0,82*,0,13,23.69,7.0,20.3,4/23,82,1,4,23,151,0,7.655738427514326,6.074409599104404,5.586109238870701,8.3695,Very Good,81,51,618,95,2,0,0,8
2017,9,9,154,30.8,163.82,15,6,1,0,52*,0,12,20.0,7.74,15.5,4/23,52,1,4,23,151,0,6.157181427860997,6.046706466355193,5.586109238870701,7.8196,Very Good,81,51,618,95,2,0,0,8
2018,4,4,46,46.0,176.92,3,2,0,0,27*,0,3,47.66,10.21,28.0,4/23,27,1,4,23,151,0,5.146403678385326,1.338721770268871,5.586109238870701,4.6963,Average,81,51,618,95,2,0,0,8
2019,9,6,32,5.33,86.48,1,2,0,0,17,0,13,23.53,9.27,15.23,4/23,17,0,4,23,151,0,1.27812629620162,5.408092767311209,5.586109238870701,3.5781,Below Average,81,51,618,95,2,0,0,8
2020,9,5,34,8.5,161.9,2,3,0,0,25*,0,11,19.09,6.63,17.27,4/23,25,1,4,23,151,0,2.449454810750521,6.330828389739259,5.586109238870701,4.5491,Average,81,51,618,95,2,0,0,8
2021,11,7,67,13.4,136.73,2,5,0,0,36*,0,15,25.06,9.17,16.4,4/23,36,1,4,23,151,0,3.6470895729649793,5.626573028171875,5.586109238870701,5.1189,Average,81,51,618,95,2,0,0,8
2017,13,7,46,11.5,97.87,4,1,0,0,18,0,17,22.7,8.77,15.52,3/36,18,0,3,36,152,0,2.5681022723584146,6.286836520862171,4.66839369125582,4.2936,Average,21,12,78,30,0,0,0,3
2018,5,4,17,8.5,89.47,1,1,0,0,11,0,8,23.75,10.36,13.75,3/36,11,0,3,36,152,0,1.170304769662989,4.034087408934678,4.66839369125582,2.9968,Below Average,21,12,78,30,0,0,0,3
2021,3,1,15,0.0,136.36,2,0,0,0,15*,0,5,16.4,7.45,13.2,3/36,15,1,3,36,152,0,0.0,4.53719764346792,4.66839369125582,2.4031,Poor,21,12,78,30,0,0,0,3
2012,2,1,8,8.0,53.33,0,0,0,0,8,0,1,60.0,8.57,42.0,1/36,8,0,1,36,153,0,0.41414955278754045,0.49534979532285783,6.85171634801522,2.1025,Poor,2,1,8,1,0,0,0,1
2011,3,3,21,10.5,80.76,2,0,0,0,13*,0,0,0.0,0.0,0.0,,13,1,0,0,154,0,1.442407768821077,0.0,4.37116705417034,1.6725,Poor,15,15,205,0,0,0,0,2
2019,12,12,184,18.4,119.48,20,5,0,0,47,0,0,0.0,0.0,0.0,,47,0,0,0,154,0,5.252905556799371,0.0,4.37116705417034,3.6198,Below Average,15,15,205,0,0,0,0,2
2016,4,3,30,10.0,100.0,3,0,0,0,16,0,0,0.0,0.0,0.0,,16,0,0,0,155,0,1.9551732739947079,0.0,5.265184452882236,2.2468,Poor,13,12,177,0,0,0,0,3
2018,5,5,63,12.6,153.65,7,4,0,0,33,0,0,0.0,0.0,0.0,,33,0,0,0,155,0,3.6386843625333576,0.0,5.265184452882236,3.1139,Below Average,13,12,177,0,0,0,0,3
2019,4,4,84,21.0,120.0,9,4,0,0,40,0,0,0.0,0.0,0.0,,40,0,0,0,155,0,4.370209862440271,0.0,5.265184452882236,3.5098,Below Average,13,12,177,0,0,0,0,3
2017,12,9,126,15.75,136.95,10,6,0,0,36,0,4,33.75,8.43,24.0,3/4,36,0,3,4,156,0,4.708529769663152,2.447169171337836,5.529948691183941,4.7848,Average,25,21,303,6,0,0,0,3
2018,9,8,131,26.2,155.95,4,10,0,0,40,0,2,64.5,8.6,45.0,3/4,40,0,3,4,156,0,5.639550833885,0.8582304250290146,5.529948691183941,4.7859,Average,25,21,303,6,0,0,0,3
2019,4,4,46,15.33,93.87,4,2,0,0,37,0,0,0.0,0.0,0.0,,37,0,0,0,156,0,2.8640365467873092,0.0,5.529948691183941,2.8708,Below Average,25,21,303,6,0,0,0,3
2026,14,13,491,44.64,163.12,43,32,2,1,107*,4,0,0.0,0.0,0.0,,107,1,0,0,157,0,8.295752654387373,0.0,7.4215323339199415,7.6611,Very Good,14,13,491,0,2,1,4,1
2025,2,2,47,23.5,146.87,3,3,0,0,27,2,1,55.0,7.85,42.0,26/1,27,0,26,1,158,0,4.014130392958036,0.5806965623390735,5.673214048194932,3.7793,Below Average,8,6,97,13,0,0,6,2
2026,6,4,50,50.0,161.29,5,2,0,0,32*,4,12,16.25,9.66,10.08,26/4,32,1,26,4,158,0,5.248521524145593,6.012285920753371,5.673214048194932,7.0181,Very Good,8,6,97,13,0,0,6,2
2014,12,11,265,29.44,146.4,21,15,1,0,95*,0,4,46.0,10.22,27.0,2/18,95,1,2,18,159,0,6.694699084859343,1.716063271552077,5.106643120731224,5.7079,Good,30,29,538,11,3,0,0,4
2015,4,4,114,38.0,117.52,11,6,2,0,55*,0,1,33.0,8.25,24.0,2/18,55,1,2,18,159,0,5.570221443050385,0.8720338359209587,5.106643120731224,4.4495,Average,30,29,538,11,3,0,0,4
2017,11,11,142,20.28,115.44,8,9,0,0,41*,0,3,62.0,9.87,37.66,2/18,41,1,2,18,159,0,4.983518865038569,1.1120179128075087,5.106643120731224,4.3597,Average,30,29,538,11,3,0,0,4
2018,3,3,17,5.66,77.27,0,1,0,0,15,0,3,38.33,13.26,17.33,2/18,15,0,2,18,159,0,0.7840046326681881,1.2930721096977642,5.106643120731224,1.9514,Poor,30,29,538,11,3,0,0,4
2018,7,7,115,16.42,116.16,11,5,0,0,44,0,1,19.0,6.33,18.0,1/10,44,0,1,10,160,0,4.418151088865567,1.686716352037554,7.198975588953446,5.1568,Average,7,7,115,1,0,0,0,1
2008,10,2,2,2.0,40.0,0,0,0,0,1*,0,10,25.2,6.63,22.8,3/11,1,1,3,11,161,0,0.02238712708467907,5.41823202190699,5.192639595639278,2.7578,Below Average,93,36,167,93,0,0,0,10
2009,3,2,0,0.0,0.0,0,0,0,0,0*,0,2,31.0,6.88,27.0,3/11,0,1,3,11,161,0,0.0,1.8439403855520267,5.192639595639278,1.8452,Poor,93,36,167,93,0,0,0,10
2010,15,4,13,3.25,76.47,2,0,0,0,8,0,15,27.06,6.88,23.6,3/11,8,0,3,11,161,0,0.3948536621019582,6.14222113231913,5.192639595639278,3.1749,Below Average,93,36,167,93,0,0,0,10
2011,12,5,36,9.0,102.85,3,0,0,0,13,0,14,21.35,6.57,19.5,3/11,13,0,3,11,161,0,2.0677389237929105,6.679096538979091,5.192639595639278,4.4098,Average,93,36,167,93,0,0,0,10
2012,12,6,19,3.8,90.47,0,1,0,0,7,0,18,15.83,6.1,15.55,3/11,7,0,3,11,161,0,0.7090000942061343,8.299864974529212,5.192639595639278,4.2417,Average,93,36,167,93,0,0,0,10
2013,17,8,53,26.5,147.22,5,2,0,0,18*,0,19,20.21,5.66,21.42,3/11,18,1,3,11,161,0,4.3386237969059165,7.995663197463147,5.192639595639278,6.7484,Good,93,36,167,93,0,0,0,10
2014,14,4,22,7.33,84.61,1,0,0,0,12,0,11,39.18,7.69,30.54,3/11,12,0,3,11,161,0,1.2136609583528768,4.284461898613093,5.192639595639278,2.9846,Below Average,93,36,167,93,0,0,0,10
2015,6,3,20,20.0,153.84,3,0,0,0,19*,0,3,56.66,8.94,38.0,3/11,19,1,3,11,161,0,2.7750453221435603,1.296573618166569,5.192639595639278,2.9762,Below Average,93,36,167,93,0,0,0,10
2016,1,1,1,1.0,50.0,0,0,0,0,1,0,0,0.0,0.0,0.0,,1,0,0,0,161,0,0.007034226019245297,0.0,5.192639595639278,1.0309,Poor,93,36,167,93,0,0,0,10
2020,3,1,1,0.0,50.0,0,0,0,0,1*,0,1,133.0,11.4,70.0,3/11,1,1,3,11,161,0,0.0,0.17803468829435412,5.192639595639278,0.9249,Poor,93,36,167,93,0,0,0,10
2010,1,1,19,19.0,79.16,1,0,0,0,19,0,0,0.0,0.0,0.0,,19,0,0,0,162,0,1.9040767549664501,0.0,6.708162813864161,2.7592,Below Average,1,1,19,0,0,0,0,1
2011,14,13,190,17.27,119.49,9,7,0,0,30,0,11,31.81,7.66,24.9,2/10,30,0,2,10,163,0,5.209969554156312,4.759158532097389,5.033778415767614,5.8614,Good,49,41,460,38,0,0,0,6
2012,7,7,145,29.0,122.88,8,6,0,0,39,0,8,29.12,8.62,20.25,2/10,39,0,2,10,163,0,5.5907574066549905,3.991604403217757,5.033778415767614,5.9567,Good,49,41,460,38,0,0,0,6
2013,2,2,6,3.0,40.0,0,0,0,0,4,0,0,0.0,0.0,0.0,,4,0,0,0,163,0,0.09805673553114055,0.0,5.033778415767614,0.7854,Poor,49,41,460,38,0,0,0,6
2017,13,9,79,15.8,161.22,5,5,0,0,17*,0,11,27.09,7.45,21.81,2/10,17,1,2,10,163,0,4.302139471888103,5.196163756906369,5.033778415767614,5.3272,Average,49,41,460,38,0,0,0,6
2018,4,3,26,13.0,78.78,0,1,0,0,13,0,4,25.25,8.53,17.75,2/10,13,0,2,10,163,0,1.8309540264424686,2.9263253221169956,5.033778415767614,2.8152,Below Average,49,41,460,38,0,0,0,6
2021,9,7,14,2.33,58.33,1,0,0,0,9,0,4,38.75,9.3,25.0,2/10,9,0,2,10,163,0,0.24565955676703863,2.0812821264580523,5.033778415767614,1.8071,Poor,49,41,460,38,0,0,0,6
2012,4,4,111,27.75,109.9,11,5,0,0,47,0,0,0.0,0.0,0.0,,47,0,0,0,164,0,5.008339959936583,0.0,7.03257241222424,4.694,Average,4,4,111,0,0,0,0,1
2020,3,1,0,0.0,0.0,0,0,0,0,0*,0,0,0.0,0.0,0.0,,0,1,0,0,165,0,0.0,0.0,3.805876310608025,0.4935,Poor,16,13,44,14,0,0,7,3
2021,2,2,6,6.0,100.0,0,0,0,0,3*,0,1,39.0,6.5,36.0,1/24,3,1,1,24,165,0,0.43366393456570335,0.9268758659684057,3.805876310608025,0.9959,Poor,16,13,44,14,0,0,7,3
2022,11,10,38,5.43,105.55,1,3,0,0,15,7,13,28.46,8.8,19.38,30/4,15,0,30,4,165,0,1.630694884758381,5.0816215695860905,3.805876310608025,3.0206,Below Average,16,13,44,14,0,0,7,3
2010,3,3,33,33.0,122.22,4,0,0,0,19*,0,2,48.5,8.31,35.0,3/15,19,1,3,15,166,0,3.7528840963064014,1.1232007305564793,5.606432997978244,3.7188,Below Average,25,13,87,19,0,0,0,3
2011,13,4,23,23.0,82.14,1,1,0,0,18*,0,12,25.91,6.01,25.83,3/15,18,1,3,15,166,0,2.3640445340129874,6.032095838254094,5.606432997978244,4.4324,Average,25,13,87,19,0,0,0,3
2012,9,6,31,7.75,119.23,3,1,0,0,20,0,5,47.2,6.74,42.0,3/15,20,0,3,15,166,0,1.9065696667675254,2.632910437087303,5.606432997978244,3.1448,Below Average,25,13,87,19,0,0,0,3
2026,2,2,2,1.0,40.0,0,0,0,0,2,0,0,0.0,0.0,0.0,,2,0,0,0,167,0,0.011237982911609849,0.0,6.85171634801522,1.8306,Poor,2,2,2,0,0,0,0,1
2017,1,1,6,0.0,120.0,1,0,0,0,6*,0,0,0.0,0.0,0.0,,6,1,0,0,168,0,0.0,0.0,6.708162813864161,1.7298,Poor,1,1,6,0,0,0,0,1
2008,2,2,18,9.0,100.0,3,0,0,0,17,0,0,0.0,0.0,0.0,,17,0,0,0,169,0,1.3584219463942582,0.0,6.85171634801522,2.536,Below Average,2,2,18,0,0,0,0,1
2013,10,9,174,29.0,131.81,11,10,1,0,60,0,8,21.0,7.52,16.75,4/22,60,0,4,22,170,0,5.940850351181409,5.0248354669541,4.694072415113579,6.4696,Good,22,20,295,11,1,0,0,3
2014,10,9,108,15.42,118.68,4,8,0,0,29,0,3,52.33,11.21,28.0,4/22,29,0,4,22,170,0,4.277964781808051,1.151319789663204,4.694072415113579,3.8183,Below Average,22,20,295,11,1,0,0,3
2015,2,2,13,6.5,72.22,0,0,0,0,7,0,0,0.0,0.0,0.0,,7,0,0,0,170,0,0.6718882133822721,0.0,4.694072415113579,1.2471,Poor,22,20,295,11,1,0,0,3
2024,3,1,12,12.0,109.09,0,1,0,0,12,2,3,15.0,9.31,9.66,21/2,12,0,21,2,171,0,1.3317381702250466,3.196737296081732,6.953569201408803,3.4152,Below Average,3,1,12,3,0,0,2,1
2022,2,2,33,16.5,75.0,1,0,0,0,17,2,0,0.0,0.0,0.0,,17,0,0,0,172,0,2.293313732392499,0.0,4.224110774884737,1.9914,Poor,15,15,351,1,2,0,11,2
2024,13,13,318,28.91,142.6,27,10,2,0,63,9,1,70.0,11.66,36.0,18/1,63,0,18,1,172,0,6.887547969869111,0.32215814561563116,4.224110774884737,4.7664,Average,15,15,351,1,2,0,11,2
2023,3,3,26,13.0,100.0,2,1,0,0,17,2,0,0.0,0.0,0.0,,17,0,0,0,173,0,2.083169542707484,0.0,5.355230969977316,2.2793,Poor,10,8,89,1,0,0,4,2
2026,7,5,63,12.6,136.95,3,4,0,0,29,2,1,60.0,10.0,36.0,29/1,29,0,29,1,173,0,3.489378801664733,0.4296845000500672,5.355230969977316,3.1145,Below Average,10,8,89,1,0,0,4,2
2008,13,13,319,29.0,123.16,19,17,2,0,71,0,2,65.0,10.0,39.0,2/2,71,0,2,2,174,0,6.691266090084031,0.7477675550347449,5.925582069504943,5.7824,Good,64,61,1322,8,5,0,0,7
2009,4,4,98,24.5,166.1,7,6,0,0,43,0,0,0.0,0.0,0.0,,43,0,0,0,174,0,5.233358357801476,0.0,5.925582069504943,4.3688,Average,64,61,1322,8,5,0,0,7
2010,6,6,94,23.5,109.3,5,5,0,0,31,0,0,0.0,0.0,0.0,,31,0,0,0,174,0,4.547892872275876,0.0,5.925582069504943,3.9421,Below Average,64,61,1322,8,5,0,0,7
2011,8,8,64,10.66,101.58,3,3,0,0,21*,0,1,38.0,12.66,18.0,2/2,21,1,2,2,174,0,2.920399447423589,0.5264200466218864,5.925582069504943,3.0482,Below Average,64,61,1322,8,5,0,0,7
2012,16,15,396,33.0,129.83,28,17,2,0,68*,0,3,21.0,7.0,18.0,2/2,68,1,2,2,174,0,7.2488017178948825,3.099975350122893,5.925582069504943,7.4539,Very Good,64,61,1322,8,5,0,0,7
2013,12,11,235,23.5,112.44,20,6,0,0,41,0,0,0.0,0.0,0.0,,41,0,0,0,174,0,5.845433885816359,0.0,5.925582069504943,4.8118,Average,64,61,1322,8,5,0,0,7
2014,5,4,116,58.0,123.4,8,6,1,0,50*,0,2,19.0,13.41,8.5,2/2,50,1,2,2,174,0,6.249438937308217,1.6150270810284826,5.925582069504943,5.8075,Good,64,61,1322,8,5,0,0,7
2012,6,6,98,32.66,130.66,6,4,0,0,34*,0,0,0.0,0.0,0.0,,34,1,0,0,175,0,5.298730487225852,0.0,6.954925323226153,4.8506,Average,151,144,3288,0,14,1,34,14
2013,12,12,418,59.71,164.56,28,24,3,1,101*,0,0,0.0,0.0,0.0,,101,1,0,0,175,0,8.490853782604674,0.0,6.954925323226153,7.6354,Very Good,151,144,3288,0,14,1,34,14
2014,16,16,446,44.6,149.16,34,21,3,0,66,0,0,0.0,0.0,0.0,,66,0,0,0,175,0,8.03354348554576,0.0,6.954925323226153,7.125,Very Good,151,144,3288,0,14,1,34,14
2015,13,13,357,32.45,134.21,21,21,2,0,89*,0,0,0.0,0.0,0.0,,89,1,0,0,175,0,7.126423016322693,0.0,6.954925323226153,6.2139,Good,151,144,3288,0,14,1,34,14
2016,14,13,161,16.1,122.9,11,4,0,0,31,0,0,0.0,0.0,0.0,,31,0,0,0,175,0,4.925203539271245,0.0,6.954925323226153,4.5845,Average,151,144,3288,0,14,1,34,14
2017,5,4,83,27.66,103.75,4,4,0,0,30*,0,0,0.0,0.0,0.0,,30,1,0,0,175,0,4.5295075566621295,0.0,6.954925323226153,4.3531,Average,151,144,3288,0,14,1,34,14
2018,3,3,74,37.0,115.62,3,2,0,0,26,0,0,0.0,0.0,0.0,,26,0,0,0,175,0,4.916585839683983,0.0,6.954925323226153,4.5056,Average,151,144,3288,0,14,1,34,14
2019,10,10,213,26.62,129.87,19,7,1,0,59*,0,0,0.0,0.0,0.0,,59,1,0,0,175,0,6.082368511888795,0.0,6.954925323226153,5.5529,Good,151,144,3288,0,14,1,34,14
2021,9,8,124,24.8,109.73,11,3,1,0,62,0,0,0.0,0.0,0.0,,62,0,0,0,175,0,5.003971736492614,0.0,6.954925323226153,4.5207,Average,151,144,3288,0,14,1,34,14
2022,16,16,481,68.71,142.72,32,23,2,0,94*,6,0,0.0,0.0,0.0,,94,1,0,0,175,0,8.68559133552388,0.0,6.954925323226153,7.9081,Very Good,151,144,3288,0,14,1,34,14
2023,16,13,259,32.38,145.5,18,13,0,0,46,11,0,0.0,0.0,0.0,,46,0,0,0,175,0,6.787166356240188,0.0,6.954925323226153,6.1531,Good,151,144,3288,0,14,1,34,14
2024,9,9,210,35.0,151.07,20,8,1,0,55,5,0,0.0,0.0,0.0,,55,0,0,0,175,0,6.655238126856036,0.0,6.954925323226153,5.9438,Good,151,144,3288,0,14,1,34,14
2025,11,11,153,30.6,127.5,13,4,0,0,27*,5,0,0.0,0.0,0.0,,27,1,0,0,175,0,5.790692446992071,0.0,6.954925323226153,5.3115,Average,151,144,3288,0,14,1,34,14
2026,11,10,211,35.17,154.01,15,14,1,0,51,7,0,0.0,0.0,0.0,,51,0,0,0,175,0,6.695597230130154,0.0,6.954925323226153,5.796,Good,151,144,3288,0,14,1,34,14
2026,2,1,6,0.0,120.0,0,0,0,0,6*,0,2,35.0,14.0,15.0,35/2,6,1,35,2,176,0,0.0,0.9540994413586472,6.85171634801522,1.9549,Poor,2,1,6,2,0,0,0,1
2010,11,11,282,28.2,147.64,27,14,1,1,107*,0,0,0.0,0.0,0.0,,107,1,0,0,177,0,6.733262651343717,0.0,7.294924313598614,6.1512,Good,177,177,6402,0,61,4,18,14
2011,13,13,324,24.92,117.39,34,11,3,0,77,0,0,0.0,0.0,0.0,,77,0,0,0,177,0,6.434159492808975,0.0,7.294924313598614,5.8882,Good,177,177,6402,0,61,4,18,14
2012,8,8,256,36.57,164.1,28,14,1,1,109*,0,0,0.0,0.0,0.0,,109,1,0,0,177,0,7.109663155553405,0.0,7.294924313598614,6.6022,Good,177,177,6402,0,61,4,18,14
2013,16,16,410,31.53,126.93,41,14,4,0,77,0,0,0.0,0.0,0.0,,77,0,0,0,177,0,7.201954935471284,0.0,7.294924313598614,6.787,Good,177,177,6402,0,61,4,18,14
2014,14,14,528,48.0,140.8,39,24,6,0,90,0,0,0.0,0.0,0.0,,90,0,0,0,177,0,8.293048338835993,0.0,7.294924313598614,7.5427,Very Good,177,177,6402,0,61,4,18,14
2015,14,14,562,43.23,156.54,65,21,7,0,91,0,0,0.0,0.0,0.0,,91,0,0,0,177,0,8.382659580352524,0.0,7.294924313598614,7.6605,Very Good,177,177,6402,0,61,4,18,14
2016,17,17,848,60.57,151.42,88,31,9,0,93*,0,0,0.0,0.0,0.0,,93,1,0,0,177,0,9.389724856027795,0.0,7.294924313598614,8.3716,Very Good,177,177,6402,0,61,4,18,14
2017,14,14,641,58.27,141.81,63,26,4,1,126,0,0,0.0,0.0,0.0,,126,0,0,0,177,0,8.848807470124974,0.0,7.294924313598614,8.2214,Very Good,177,177,6402,0,61,4,18,14
2019,12,12,692,69.2,143.86,57,21,8,1,100*,0,0,0.0,0.0,0.0,,100,1,0,0,177,0,9.21886720453437,0.0,7.294924313598614,8.1868,Very Good,177,177,6402,0,61,4,18,14
2020,16,16,548,39.14,134.64,52,14,4,0,85*,0,0,0.0,0.0,0.0,,85,1,0,0,177,0,7.995526574249921,0.0,7.294924313598614,7.3055,Very Good,177,177,6402,0,61,4,18,14
2021,8,8,195,24.37,107.73,15,6,2,0,57,0,0,0.0,0.0,0.0,,57,0,0,0,177,0,5.5779502701226145,0.0,7.294924313598614,5.4536,Average,177,177,6402,0,61,4,18,14
2022,12,12,432,48.0,150.52,52,15,5,0,92*,6,0,0.0,0.0,0.0,,92,1,0,0,177,0,8.104744471156664,0.0,7.294924313598614,7.3064,Very Good,177,177,6402,0,61,4,18,14
2023,14,14,516,36.86,131.63,69,10,6,0,86,7,0,0.0,0.0,0.0,,86,0,0,0,177,0,7.794879564751879,0.0,7.294924313598614,6.9791,Good,177,177,6402,0,61,4,18,14
2024,8,8,168,21.0,134.4,17,10,1,0,52,5,0,0.0,0.0,0.0,,52,0,0,0,177,0,5.471964482380099,0.0,7.294924313598614,5.1494,Average,177,177,6402,0,61,4,18,14
2015,14,7,122,30.5,141.86,12,4,0,0,47*,0,16,22.06,8.33,15.87,4/33,47,1,4,33,178,0,5.620303592746597,6.335412015038973,4.18861756424936,6.4722,Good,18,11,148,16,0,0,3,3
2016,1,1,5,0.0,125.0,0,0,0,0,5*,0,0,0.0,0.0,0.0,,5,1,0,0,178,0,0.0,0.0,4.18861756424936,0.6746,Poor,18,11,148,16,0,0,3,3
2023,3,3,21,21.0,190.9,0,3,0,0,12*,3,0,0.0,0.0,0.0,,12,1,0,0,178,0,3.1630073882476144,0.0,4.18861756424936,2.5321,Below Average,18,11,148,16,0,0,3,3
2022,4,2,18,9.0,60.0,3,0,0,0,18,1,1,72.0,6.54,66.0,29/1,18,0,29,1,179,0,0.9577020865642082,0.5367917482117958,3.8148235999697837,1.1036,Poor,8,5,53,4,0,0,2,2
2023,4,3,35,0.0,109.37,4,0,0,0,20*,1,3,35.0,7.0,30.0,16/2,20,1,16,2,179,0,0.0,2.228628577202384,3.8148235999697837,1.2741,Poor,8,5,53,4,0,0,2,2
2011,6,6,92,15.33,104.54,10,4,0,0,32,0,0,0.0,0.0,0.0,,32,0,0,0,180,0,3.8875896727333767,0.0,7.151699256297347,3.9885,Below Average,6,6,92,0,0,0,0,1
2021,1,1,26,26.0,100.0,1,1,0,0,26,0,0,0.0,0.0,0.0,,26,0,0,0,181,0,2.8898014816054967,0.0,6.708162813864161,3.323,Below Average,1,1,26,0,0,0,0,1
2008,6,6,103,17.16,109.57,9,5,0,0,31,0,0,0.0,0.0,0.0,,31,0,0,0,182,0,4.25065468953096,0.0,5.6432862126387855,3.5929,Below Average,31,22,304,0,0,0,0,3
2012,15,10,126,42.0,135.48,9,6,0,0,35*,0,0,0.0,0.0,0.0,,35,1,0,0,182,0,6.0452045437103425,0.0,5.6432862126387855,4.7159,Average,31,22,304,0,0,0,0,3
2013,10,6,75,15.0,101.35,5,5,0,0,23,0,0,0.0,0.0,0.0,,23,0,0,0,182,0,3.5510701133295837,0.0,5.6432862126387855,3.2431,Below Average,31,22,304,0,0,0,0,3
2017,3,1,14,14.0,233.33,0,2,0,0,14,0,1,74.0,10.57,42.0,4/13,14,0,4,13,183,0,2.422971481932997,0.335359325546459,5.196617478605461,2.6205,Below Average,93,21,142,91,0,0,4,8
2018,12,4,50,16.66,172.41,1,4,0,0,39,0,10,27.8,7.28,22.9,4/13,39,0,4,13,183,0,3.8529338163213893,4.966909728438099,5.196617478605461,5.0293,Average,93,21,142,91,0,0,4,8
2019,17,2,7,3.5,77.77,1,0,0,0,7,0,22,21.9,7.47,17.59,4/13,7,0,4,13,183,0,0.24597238429916984,7.44399416498299,5.196617478605461,3.3545,Below Average,93,21,142,91,0,0,4,8
2020,14,3,7,7.0,58.33,0,0,0,0,5*,0,12,33.0,7.61,26.0,4/13,5,1,4,13,183,0,0.3545563321260376,4.8895096062042755,5.196617478605461,2.8533,Below Average,93,21,142,91,0,0,4,8
2021,15,2,1,0.0,100.0,0,0,0,0,1*,0,14,32.21,8.35,23.14,4/13,1,1,4,13,183,0,0.0,5.088215723885399,5.196617478605461,2.5787,Below Average,93,21,142,91,0,0,4,8
2023,10,1,1,0.0,50.0,0,0,0,0,1*,1,13,22.84,8.73,15.69,22/3,1,1,22,3,183,0,0.0,5.623746749417281,5.196617478605461,2.8645,Below Average,93,21,142,91,0,0,4,8
2025,14,4,37,37.0,148.0,3,2,0,0,28*,2,11,34.18,9.17,22.36,12/2,28,1,12,2,183,0,4.3113048030042505,4.198421665258653,5.196617478605461,4.8994,Average,93,21,142,91,0,0,4,8
2026,8,4,25,12.5,131.57,3,1,0,0,10,1,8,33.12,10.39,19.12,33/2,10,0,33,2,183,0,2.301008585871112,3.3488403851996242,5.196617478605461,3.3962,Below Average,93,21,142,91,0,0,4,8
2015,14,9,151,16.77,158.94,6,11,1,0,54,0,1,129.0,8.5,91.0,2/16,54,0,2,16,184,0,5.245973063327286,0.24327962761301905,5.767224810709214,4.3098,Average,125,101,1496,10,8,0,25,11
2016,17,15,144,10.28,119.0,9,5,0,0,34,0,3,32.33,7.46,26.0,2/16,34,0,2,16,184,0,4.123906538069792,2.2528142213300715,5.767224810709214,4.2618,Average,125,101,1496,10,8,0,25,11
2017,10,6,78,26.0,150.0,5,4,0,0,19*,0,2,21.0,10.5,12.0,2/16,19,1,2,16,184,0,4.8621359205672,1.799417606713516,5.767224810709214,4.7388,Average,125,101,1496,10,8,0,25,11
2018,9,8,87,21.75,107.4,2,3,0,0,32*,0,0,0.0,0.0,0.0,,32,1,0,0,184,0,4.315382809199278,0.0,5.767224810709214,3.7566,Below Average,125,101,1496,10,8,0,25,11
2019,11,7,64,10.66,101.58,5,1,0,0,20,0,1,21.0,10.5,12.0,2/16,20,0,2,16,184,0,2.920399447423589,1.0424564983890396,5.767224810709214,3.1648,Below Average,125,101,1496,10,8,0,25,11
2020,7,5,101,101.0,142.25,5,5,1,0,62*,0,0,0.0,0.0,0.0,,62,1,0,0,184,0,7.029731129685592,0.0,5.767224810709214,5.7653,Good,125,101,1496,10,8,0,25,11
2021,12,11,160,16.0,130.08,9,9,1,0,64,0,2,68.0,8.5,48.0,2/16,64,0,2,16,184,0,4.985845193378559,0.8282927481262631,5.767224810709214,4.3812,Average,125,101,1496,10,8,0,25,11
2022,15,14,451,32.21,136.66,36,18,4,0,59,8,1,43.0,10.75,24.0,31/1,59,0,31,1,184,0,7.4691570061324475,0.5458926435018329,5.767224810709214,6.1897,Good,125,101,1496,10,8,0,25,11
2023,12,12,84,7.64,93.33,3,2,0,0,17,10,0,0.0,0.0,0.0,,17,0,0,0,184,0,2.7423248278906183,0.0,5.767224810709214,2.8654,Below Average,125,101,1496,10,8,0,25,11
2024,11,9,145,18.13,138.09,16,3,1,0,50,4,0,0.0,0.0,0.0,,50,0,0,0,184,0,5.104148899565858,0.0,5.767224810709214,4.1661,Average,125,101,1496,10,8,0,25,11
2025,7,5,31,6.2,75.6,2,1,0,0,22,3,0,0.0,0.0,0.0,,22,0,0,0,184,0,1.2655504751900184,0.0,5.767224810709214,2.0915,Poor,125,101,1496,10,8,0,25,11
2020,15,15,473,31.53,124.8,51,8,5,0,74,0,0,0.0,0.0,0.0,,74,0,0,0,185,0,7.3786694178908165,0.0,6.370192820442773,6.1519,Good,90,89,2270,0,14,1,27,7
2021,14,14,411,31.61,125.3,44,14,1,1,101*,0,0,0.0,0.0,0.0,,101,1,0,0,185,0,7.190804059522302,0.0,6.370192820442773,6.0451,Good,90,89,2270,0,14,1,27,7
2022,17,17,376,22.12,122.87,40,14,1,0,54,5,0,0.0,0.0,0.0,,54,0,0,0,185,0,6.539266333095871,0.0,6.370192820442773,5.6888,Good,90,89,2270,0,14,1,27,7
2023,11,11,261,26.1,130.5,31,6,2,0,52,4,0,0.0,0.0,0.0,,52,0,0,0,185,0,6.344748032157769,0.0,6.370192820442773,5.3493,Average,90,89,2270,0,14,1,27,7
2024,7,7,38,5.43,71.69,3,0,0,0,13,4,0,0.0,0.0,0.0,,13,0,0,0,185,0,1.2805452378903437,0.0,6.370192820442773,2.0988,Poor,90,89,2270,0,14,1,27,7
2025,10,10,247,27.44,150.6,21,14,2,0,61,1,0,0.0,0.0,0.0,,61,0,0,0,185,0,6.537617196815713,0.0,6.370192820442773,5.7062,Good,90,89,2270,0,14,1,27,7
2026,16,15,464,33.14,168.72,49,24,3,0,61,13,0,0.0,0.0,0.0,,61,0,0,0,185,0,7.844944690157235,0.0,6.370192820442773,6.8566,Good,90,89,2270,0,14,1,27,7
2022,7,7,252,42.0,145.66,22,12,3,0,87,2,0,0.0,0.0,0.0,,87,0,0,0,186,0,7.114556573499151,0.0,5.448292948868934,5.5176,Good,29,28,1080,0,11,0,10,3
2023,16,15,672,51.69,139.7,77,18,6,0,92*,6,0,0.0,0.0,0.0,,92,1,0,0,186,0,8.725524355478298,0.0,5.448292948868934,6.7187,Good,29,28,1080,0,11,0,10,3
2025,6,6,156,26.0,131.09,17,4,2,0,69,2,0,0.0,0.0,0.0,,69,0,0,0,186,0,5.630336873283629,0.0,5.448292948868934,4.3767,Average,29,28,1080,0,11,0,10,3
2008,2,2,13,6.5,100.0,1,0,0,0,9,0,0,0.0,0.0,0.0,,9,0,0,0,187,0,0.8638159021735661,0.0,6.85171634801522,2.2285,Poor,2,2,13,0,0,0,0,1
2022,7,7,161,23.0,142.47,14,11,0,0,49,3,1,8.0,16.0,3.0,8/1,49,0,8,1,188,0,5.61953076070128,1.6092271813150016,5.85923777115214,5.2559,Average,27,24,606,1,2,0,22,4
2024,3,3,69,23.0,116.94,3,5,0,0,46,1,0,0.0,0.0,0.0,,46,0,0,0,188,0,4.1935678901234965,0.0,5.85923777115214,3.5961,Below Average,27,24,606,1,2,0,22,4
2025,6,6,225,37.5,180.0,13,17,2,0,57,6,0,0.0,0.0,0.0,,57,0,0,0,188,0,7.0935726491684665,0.0,5.85923777115214,5.7799,Good,27,24,606,1,2,0,22,4
2026,11,8,151,18.88,127.96,8,10,0,0,44,12,0,0.0,0.0,0.0,,44,0,0,0,188,0,5.110865636679636,0.0,5.85923777115214,4.3022,Average,27,24,606,1,2,0,22,4
2008,10,1,2,0.0,12.5,0,0,0,0,2*,0,11,21.45,8.0,16.09,4/14,2,1,4,14,189,0,0.0,5.58284961958339,5.050049353511371,2.6545,Below Average,84,22,100,77,0,0,0,11
2009,8,4,9,4.5,52.94,0,0,0,0,7*,0,5,41.2,7.92,31.2,4/14,7,1,4,14,189,0,0.2739706216998959,2.589895616176344,5.050049353511371,2.0949,Poor,84,22,100,77,0,0,0,11
2011,6,2,2,2.0,50.0,0,0,0,0,2,0,5,29.8,7.45,24.0,4/14,2,0,4,14,189,0,0.02792882141790685,3.2872644381088323,5.050049353511371,2.2797,Poor,84,22,100,77,0,0,0,11
2012,2,1,10,0.0,200.0,2,0,0,0,10*,0,6,10.66,8.0,8.0,4/14,10,1,4,14,189,0,0.0,5.8086943409391445,5.050049353511371,2.8647,Below Average,84,22,100,77,0,0,0,11
2014,8,2,35,0.0,140.0,1,2,0,0,28*,0,6,36.83,8.18,27.0,4/14,28,1,4,14,189,0,0.0,3.0544658581036095,5.050049353511371,2.0077,Poor,84,22,100,77,0,0,0,11
2015,11,2,4,2.0,36.36,0,0,0,0,3,0,13,21.3,7.91,16.15,4/14,3,0,4,14,189,0,0.04043919696831871,6.035208755936124,5.050049353511371,2.914,Below Average,84,22,100,77,0,0,0,11
2016,14,5,23,11.5,153.33,2,0,0,0,6*,0,18,20.22,7.42,16.33,4/14,6,1,4,14,189,0,2.2854765187374086,7.149065583322042,5.050049353511371,4.6788,Average,84,22,100,77,0,0,0,11
2017,6,1,1,1.0,50.0,0,0,0,0,1,0,3,57.66,9.18,37.66,4/14,1,0,4,14,189,0,0.007034226019245297,1.251595168807538,5.050049353511371,1.3494,Poor,84,22,100,77,0,0,0,11
2018,8,2,6,6.0,85.71,0,0,0,0,3*,0,4,47.0,9.47,29.75,4/14,3,1,4,14,189,0,0.3792798267795621,1.7872082016282467,5.050049353511371,1.8758,Poor,84,22,100,77,0,0,0,11
2019,10,1,5,0.0,166.66,1,0,0,0,5*,0,6,55.83,9.57,35.0,4/14,5,1,4,14,189,0,0.0,2.0984353543922745,5.050049353511371,1.7251,Poor,84,22,100,77,0,0,0,11
2020,1,1,3,0.0,150.0,0,0,0,0,3*,0,0,0.0,0.0,0.0,,3,1,0,0,189,0,0.0,0.0,5.050049353511371,1.0717,Poor,84,22,100,77,0,0,0,11
2023,13,11,152,21.71,172.72,11,9,0,0,34*,1,0,0.0,0.0,0.0,,34,1,0,0,190,0,5.726591978299959,0.0,6.16715336153971,4.7841,Average,58,51,1195,0,10,0,37,4
2024,15,11,195,24.38,138.29,18,7,2,0,56*,11,0,0.0,0.0,0.0,,56,1,0,0,190,0,5.924738059765612,0.0,6.16715336153971,5.0986,Average,58,51,1195,0,10,0,37,4
2025,14,13,333,37.0,156.33,22,22,2,0,70,7,0,0.0,0.0,0.0,,70,0,0,0,190,0,7.42676566833109,0.0,6.16715336153971,6.0542,Good,58,51,1195,0,10,0,37,4
2026,16,16,515,36.79,154.65,47,24,6,0,81*,18,0,0.0,0.0,0.0,,81,1,0,0,190,0,8.015952642612099,0.0,6.16715336153971,6.7308,Good,58,51,1195,0,10,0,37,4
2018,1,1,8,8.0,88.88,0,1,0,0,8,0,0,0.0,0.0,0.0,,8,0,0,0,191,0,0.6351291108184773,0.0,4.784053021855521,1.2967,Poor,2,2,13,0,0,0,0,2
2019,1,1,5,5.0,62.5,0,0,0,0,5,0,0,0.0,0.0,0.0,,5,0,0,0,191,0,0.20475881131298218,0.0,4.784053021855521,0.872,Poor,2,2,13,0,0,0,0,2
2025,13,2,1,1.0,33.33,0,0,0,0,1,3,14,30.64,8.25,22.28,30/2,1,0,30,2,192,0,0.004692911457903685,5.233945143339515,4.3386168231458875,2.4547,Poor,23,4,3,19,0,0,7,2
2026,10,2,2,0.0,40.0,0,0,0,0,2*,4,5,79.4,10.17,46.8,45/2,2,1,45,2,192,0,0.0,1.3433472310865264,4.3386168231458875,1.2109,Poor,23,4,3,19,0,0,7,2
2008,5,1,2,0.0,200.0,0,0,0,0,2*,0,10,16.0,8.0,12.0,4/18,2,1,4,18,193,0,0.0,6.065928619015837,6.071241651348768,3.2146,Below Average,10,2,4,17,0,0,0,2
2010,5,1,2,0.0,100.0,0,0,0,0,2*,0,7,19.71,7.26,16.28,4/18,2,1,4,18,193,0,0.0,4.943714313683894,6.071241651348768,2.8059,Below Average,10,2,4,17,0,0,0,2
2009,2,1,10,10.0,76.92,0,0,0,0,10,0,4,14.0,8.0,10.5,3/32,10,0,3,32,194,0,0.8046487721992239,4.236410568494991,6.85171634801522,3.4161,Below Average,2,1,10,4,0,0,0,1
2008,1,1,9,9.0,112.5,0,1,0,0,9,0,2,14.5,7.25,12.0,5/25,9,0,5,25,196,0,0.9135708440040682,2.9702075869340723,4.908390707270721,2.3853,Poor,13,11,79,19,0,0,0,5
2009,5,4,39,9.75,100.0,4,0,0,0,27,0,6,22.0,6.82,19.33,5/25,27,0,5,25,196,0,2.2130465651664997,4.485603788305792,4.908390707270721,3.5735,Below Average,13,11,79,19,0,0,0,5
2010,2,2,12,12.0,120.0,0,0,0,0,9*,0,4,16.25,8.12,12.0,5/25,9,1,5,25,196,0,1.4153925991899239,3.8860323014196894,4.908390707270721,2.956,Below Average,13,11,79,19,0,0,0,5
2012,4,3,14,4.66,87.5,1,0,0,0,9,0,7,15.0,6.56,13.71,5/25,9,0,5,25,196,0,0.6369421005718805,5.835680492114067,4.908390707270721,2.9713,Below Average,13,11,79,19,0,0,0,5
2013,1,1,5,0.0,100.0,0,0,0,0,5*,0,0,0.0,0.0,0.0,,5,1,0,0,196,0,0.0,0.0,4.908390707270721,0.7371,Poor,13,11,79,19,0,0,0,5
2008,13,8,145,24.16,135.51,13,4,1,0,56*,0,0,0.0,0.0,0.0,,56,1,0,0,197,0,5.473581519253835,0.0,7.3423684185629385,5.2558,Average,242,221,4554,0,21,0,22,16
2010,14,14,278,21.38,117.29,26,6,1,0,69,0,0,0.0,0.0,0.0,,69,0,0,0,197,0,6.006197094828316,0.0,7.3423684185629385,5.6248,Good,242,221,4554,0,21,0,22,16
2011,14,13,282,25.63,128.18,32,7,1,0,69,0,0,0.0,0.0,0.0,,69,0,0,0,197,0,6.402329168280117,0.0,7.3423684185629385,5.7663,Good,242,221,4554,0,21,0,22,16
2012,17,14,238,18.3,111.73,30,2,0,0,44,0,0,0.0,0.0,0.0,,44,0,0,0,197,0,5.507817102092111,0.0,7.3423684185629385,5.3112,Average,242,221,4554,0,21,0,22,16
2013,19,19,510,28.33,124.08,54,14,2,0,86,0,0,0.0,0.0,0.0,,86,0,0,0,197,0,7.326084683145458,0.0,7.3423684185629385,6.7821,Good,242,221,4554,0,21,0,22,16
2014,14,14,325,23.21,125.96,28,11,3,0,69,0,0,0.0,0.0,0.0,,69,0,0,0,197,0,6.437588421635039,0.0,7.3423684185629385,5.9342,Good,242,221,4554,0,21,0,22,16
2015,16,11,141,12.81,120.51,15,4,0,0,28,0,0,0.0,0.0,0.0,,28,0,0,0,197,0,4.407790798853483,0.0,7.3423684185629385,4.3284,Average,242,221,4554,0,21,0,22,16
2016,16,15,335,25.76,125.93,38,3,3,0,53,0,0,0.0,0.0,0.0,,53,0,0,0,197,0,6.625162027795325,0.0,7.3423684185629385,6.1994,Good,242,221,4554,0,21,0,22,16
2017,14,13,361,36.1,139.38,30,11,2,0,65,0,0,0.0,0.0,0.0,,65,0,0,0,197,0,7.344481406052558,0.0,7.3423684185629385,6.7996,Good,242,221,4554,0,21,0,22,16
2018,16,16,498,49.8,147.77,49,16,2,0,52,0,0,0.0,0.0,0.0,,52,0,0,0,197,0,8.330508730060929,0.0,7.3423684185629385,7.8898,Very Good,242,221,4554,0,21,0,22,16
2019,14,13,253,31.62,146.24,22,14,2,0,97*,0,0,0.0,0.0,0.0,,97,1,0,0,197,0,6.728259779127404,0.0,7.3423684185629385,6.2257,Good,242,221,4554,0,21,0,22,16
2020,14,14,169,14.08,126.11,20,4,1,0,58,0,0,0.0,0.0,0.0,,58,0,0,0,197,0,4.843525790541258,0.0,7.3423684185629385,4.7327,Average,242,221,4554,0,21,0,22,16
2021,17,15,223,22.3,131.17,22,7,0,0,40,0,0,0.0,0.0,0.0,,40,0,0,0,197,0,5.913815241115312,0.0,7.3423684185629385,5.5888,Good,242,221,4554,0,21,0,22,16
2022,16,16,330,55.0,183.33,27,22,1,0,66*,10,0,0.0,0.0,0.0,,66,1,0,0,197,0,8.194715665055458,0.0,7.3423684185629385,7.6228,Very Good,242,221,4554,0,21,0,22,16
2023,13,13,140,11.67,134.61,13,5,0,0,30,8,0,0.0,0.0,0.0,,30,0,0,0,197,0,4.421718762669931,0.0,7.3423684185629385,4.5011,Average,242,221,4554,0,21,0,22,16
2024,15,13,326,36.22,187.35,27,22,2,0,83,4,0,0.0,0.0,0.0,,83,0,0,0,197,0,7.621098740465758,0.0,7.3423684185629385,7.0729,Very Good,242,221,4554,0,21,0,22,16
2008,6,3,33,16.5,137.5,5,0,0,0,26*,0,1,78.0,9.95,47.0,1/21,26,1,1,21,198,0,3.016082971912144,0.33783355612042065,7.151699256297347,3.5518,Below Average,6,3,33,1,0,0,0,1
2010,9,2,4,4.0,30.76,0,0,0,0,3,0,7,32.0,6.52,29.42,3/27,3,0,3,27,199,0,0.0677582046455816,4.1012562078944805,7.277978799768882,3.0871,Below Average,9,2,4,7,0,0,0,1
2011,7,4,16,16.0,72.72,1,0,0,0,10*,0,0,0.0,0.0,0.0,,10,1,0,0,200,0,1.4828407121574825,0.0,4.375393638075147,1.6182,Poor,25,17,170,0,0,0,0,4
2012,5,3,25,25.0,192.3,5,0,0,0,10*,0,0,0.0,0.0,0.0,,10,1,0,0,200,0,3.619533126128667,0.0,4.375393638075147,2.8753,Below Average,25,17,170,0,0,0,0,4
2013,12,9,125,15.62,130.2,17,2,0,0,34,0,0,0.0,0.0,0.0,,34,0,0,0,200,0,4.617770468850441,0.0,4.375393638075147,3.4117,Below Average,25,17,170,0,0,0,0,4
2014,1,1,4,0.0,66.66,0,0,0,0,4*,0,0,0.0,0.0,0.0,,4,1,0,0,200,0,0.0,0.0,4.375393638075147,0.6481,Poor,25,17,170,0,0,0,0,4
2008,3,1,3,3.0,37.5,0,0,0,0,3,0,2,43.5,10.87,24.0,1/30,3,0,1,30,201,0,0.04681401329955776,0.983259170156312,6.953569201408803,2.0878,Poor,3,1,3,2,0,0,0,1
2008,6,4,39,19.5,73.58,2,2,0,0,30,0,3,13.33,5.71,14.0,2/7,30,0,2,7,202,0,2.6605398511506557,4.453359657111204,7.151699256297347,4.8883,Average,6,4,39,3,0,0,0,1
2015,6,2,1,1.0,33.33,0,0,0,0,1,0,4,25.25,7.21,21.0,2/18,1,0,2,18,203,0,0.004692911457903685,3.239735882165145,7.151699256297347,2.8119,Below Average,6,2,1,4,0,0,0,1
2024,2,2,8,4.0,72.72,0,0,0,0,7,2,0,0.0,0.0,0.0,,7,0,0,0,204,0,0.2950614726819363,0.0,3.5853869196182777,0.6238,Poor,18,16,326,1,2,0,15,3
2025,1,1,1,1.0,33.33,0,0,0,0,1,0,0,0.0,0.0,0.0,,1,0,0,0,204,0,0.004692911457903685,0.0,3.5853869196182777,0.0854,Poor,18,16,326,1,2,0,15,3
2026,15,13,317,35.22,179.09,25,23,2,0,69,13,1,41.0,13.66,18.0,14/1,69,0,14,1,204,0,7.479210301178726,0.45793829662539653,3.5853869196182777,4.9557,Average,18,16,326,1,2,0,15,3
2010,8,2,18,0.0,105.88,1,1,0,0,16*,0,12,17.25,6.67,15.5,4/13,16,1,4,13,205,0,0.0,6.790751462319477,3.707100320792997,2.567,Below Average,14,3,21,20,0,0,0,2
2012,6,1,3,3.0,60.0,0,0,0,0,3,0,8,19.62,8.72,13.5,4/13,3,0,4,13,205,0,0.07417425603883662,4.839669333515592,3.707100320792997,1.9447,Poor,14,3,21,20,0,0,0,2
2012,1,1,12,0.0,133.33,1,0,0,0,12*,0,3,10.66,8.0,8.0,3/32,12,1,3,32,206,0,0.0,4.203531775461884,6.708162813864161,2.8695,Below Average,1,1,12,3,0,0,0,1
2022,12,8,43,10.75,153.57,3,3,0,0,17,2,9,42.66,8.72,29.33,17/2,17,0,17,2,208,0,2.95006651278244,3.4270386872107417,3.792862062233015,3.1567,Below Average,18,11,53,13,0,0,3,2
2025,6,3,10,0.0,71.42,0,0,0,0,8*,1,4,42.75,11.4,22.5,24/1,8,1,24,1,208,0,0.0,1.6703878302589907,3.792862062233015,0.9697,Poor,18,11,53,13,0,0,3,2
2022,6,5,44,11.0,157.14,3,3,0,0,22,2,6,35.0,10.0,21.0,30/2,22,0,30,2,209,0,3.0356721767277364,2.783330969624496,7.151699256297347,4.5501,Average,6,5,44,6,0,0,2,1
2008,7,6,109,18.16,132.92,10,5,0,0,40,0,1,19.0,9.5,12.0,1/19,40,0,1,19,210,0,4.664452243771852,1.2288196300925973,5.12025294710581,4.087,Average,32,25,375,1,1,0,0,5
2009,9,6,65,21.66,92.85,7,0,0,0,27,0,0,0.0,0.0,0.0,,27,0,0,0,210,0,3.729289211884819,0.0,5.12025294710581,3.0217,Below Average,32,25,375,1,1,0,0,5
2011,12,9,183,26.14,127.08,17,4,1,0,60,0,0,0.0,0.0,0.0,,60,0,0,0,210,0,5.815963160467951,0.0,5.12025294710581,4.3772,Average,32,25,375,1,1,0,0,5
2012,2,2,4,2.0,100.0,1,0,0,0,4,0,0,0.0,0.0,0.0,,4,0,0,0,210,0,0.10854272727951482,0.0,5.12025294710581,1.1171,Poor,32,25,375,1,1,0,0,5
2013,2,2,14,14.0,82.35,0,0,0,0,10,0,0,0.0,0.0,0.0,,10,0,0,0,210,0,1.3552207838579446,0.0,5.12025294710581,1.8015,Poor,32,25,375,1,1,0,0,5
2008,9,7,178,29.66,132.83,19,5,1,0,64*,0,11,21.09,8.14,15.54,4/22,64,1,4,22,211,0,6.014437706680022,5.581829710414315,6.085804370288834,7.5753,Very Good,161,113,1560,183,5,0,3,14
2009,11,10,218,27.25,107.38,15,8,2,0,70*,0,11,23.54,7.8,18.09,4/22,70,1,4,22,211,0,5.882802543964178,5.420463268121885,6.085804370288834,7.4662,Very Good,161,113,1560,183,5,0,3,14
2010,10,8,61,8.71,115.09,3,4,0,0,23,0,4,57.0,8.71,39.25,4/22,23,0,4,22,211,0,2.7673842096286503,1.6472098561097335,6.085804370288834,3.4196,Below Average,161,113,1560,183,5,0,3,14
2011,6,2,11,11.0,183.33,1,1,0,0,6*,0,6,26.16,7.85,20.0,4/22,6,1,4,22,211,0,1.6485001207983863,3.8091351993989777,6.085804370288834,3.5263,Below Average,161,113,1560,183,5,0,3,14
2012,19,16,371,46.37,140.53,20,20,0,0,48,0,15,30.73,7.99,23.06,4/22,48,0,4,22,211,0,7.7457829537846195,5.467226622442056,6.085804370288834,8.5477,Excellent,161,113,1560,183,5,0,3,14
2013,18,12,121,15.12,114.15,11,3,0,0,23*,0,32,15.53,7.95,11.71,4/22,23,1,4,22,211,0,4.352022762340979,9.178503158507363,6.085804370288834,7.9937,Very Good,161,113,1560,183,5,0,3,14
2014,1,1,8,0.0,266.66,0,1,0,0,8*,0,0,0.0,0.0,0.0,,8,1,0,0,211,0,0.0,0.0,6.085804370288834,1.388,Poor,161,113,1560,183,5,0,3,14
2015,17,14,195,21.66,131.75,22,5,1,0,62*,0,26,16.38,8.14,12.07,4/22,62,1,4,22,211,0,5.693400006057622,8.419230893568347,6.085804370288834,8.4324,Very Good,161,113,1560,183,5,0,3,14
2016,15,13,99,12.37,120.73,11,1,0,0,22*,0,17,29.05,8.82,19.76,4/22,22,1,4,22,211,0,3.89126260606025,5.666094692935715,6.085804370288834,5.8009,Good,161,113,1560,183,5,0,3,14
2018,16,10,141,35.25,154.94,8,10,1,0,68,0,14,38.07,9.96,22.92,4/22,68,0,4,22,211,0,6.144688908951583,4.309098129490081,6.085804370288834,6.9107,Good,161,113,1560,183,5,0,3,14
2019,12,9,80,16.0,121.21,6,3,0,0,27,0,11,30.0,8.01,22.45,4/22,27,0,4,22,211,0,3.9550169604180425,4.79092789218709,6.085804370288834,5.3698,Average,161,113,1560,183,5,0,3,14
2020,6,2,7,3.5,116.66,0,0,0,0,7,0,6,30.0,8.57,21.0,4/22,7,0,4,22,211,0,0.3545563321260376,3.3563172628895446,6.085804370288834,2.7057,Below Average,161,113,1560,183,5,0,3,14
2021,11,3,47,47.0,261.11,3,4,0,0,23,0,14,18.78,7.81,14.42,4/22,23,0,4,22,211,0,5.743103756965393,6.56625051403773,6.085804370288834,7.8599,Very Good,161,113,1560,183,5,0,3,14
2022,10,6,23,11.5,95.83,1,1,0,0,12,3,16,18.68,8.7,12.87,20/3,12,0,20,3,211,0,1.7807612630960066,6.644460040968903,6.085804370288834,4.4834,Average,161,113,1560,183,5,0,3,14
2008,4,3,45,15.0,112.5,5,1,0,0,20,0,5,16.6,7.54,13.2,4/8,20,0,4,8,212,0,3.0337326922603975,4.483274957938723,6.362046178972535,4.7252,Average,91,89,2385,26,17,0,0,9
2009,8,8,215,26.87,162.87,12,15,0,0,49,0,1,124.0,8.85,84.0,4/8,49,0,4,8,212,0,6.423950610576867,0.2430885613636928,6.362046178972535,5.6874,Good,91,89,2385,26,17,0,0,9
2010,3,3,22,11.0,88.0,1,1,0,0,13*,0,1,36.0,9.39,23.0,4/8,13,1,4,8,212,0,1.6090863668217124,0.722351786119946,6.362046178972535,2.4535,Poor,91,89,2385,26,17,0,0,9
2012,7,6,157,39.25,160.2,18,7,1,0,87*,0,2,47.5,7.3,39.0,4/8,87,1,4,8,212,0,6.490979805851699,1.2693618582142487,6.362046178972535,5.9558,Good,91,89,2385,26,17,0,0,9
2013,13,13,418,32.15,122.58,40,19,4,0,68,0,2,29.5,11.8,15.0,4/8,68,0,4,8,212,0,7.20745765462415,1.265404699880148,6.362046178972535,6.6327,Good,91,89,2385,26,17,0,0,9
2014,16,16,566,35.37,136.05,50,34,5,0,79,0,4,23.75,9.5,15.0,4/8,79,0,4,8,212,0,7.913251542883076,2.842837037290558,6.362046178972535,8.2218,Very Good,91,89,2385,26,17,0,0,9
2015,16,16,399,24.93,119.1,52,16,2,0,62,0,1,17.0,8.5,12.0,4/8,62,0,4,8,212,0,6.745836387227686,1.466010153961646,6.362046178972535,6.3977,Good,91,89,2385,26,17,0,0,9
2016,12,12,324,29.45,146.6,35,16,3,0,73,0,8,19.12,8.5,13.5,4/8,73,0,4,8,212,0,6.978357089920477,4.958154754621694,6.362046178972535,8.3026,Very Good,91,89,2385,26,17,0,0,9
2017,12,12,239,21.72,153.2,32,8,2,0,74,0,2,74.0,11.38,39.0,4/8,74,0,4,8,212,0,6.189498753336671,0.593973433931301,6.362046178972535,5.4688,Average,91,89,2385,26,17,0,0,9
2016,4,2,24,12.0,171.42,2,2,0,0,19,0,0,0.0,0.0,0.0,,19,0,0,0,213,0,2.5121130237541616,0.0,7.03257241222424,3.0341,Below Average,4,2,24,0,0,0,0,1
2010,6,4,35,11.66,116.66,2,1,0,0,17,0,0,0.0,0.0,0.0,,17,0,0,0,214,0,2.469670143856717,0.0,6.140492386958114,2.8567,Below Average,83,75,1405,0,5,0,0,8
2011,12,9,137,15.22,117.09,17,3,1,0,66,0,0,0.0,0.0,0.0,,66,0,0,0,214,0,4.562986212988319,0.0,6.140492386958114,4.0418,Average,83,75,1405,0,5,0,0,8
2013,14,13,307,27.9,127.91,28,13,1,0,51,0,0,0.0,0.0,0.0,,51,0,0,0,214,0,6.636512517087315,0.0,6.140492386958114,5.5841,Good,83,75,1405,0,5,0,0,8
2015,9,9,187,23.37,123.84,11,11,1,0,63,0,0,0.0,0.0,0.0,,63,0,0,0,214,0,5.654864873504978,0.0,6.140492386958114,4.7037,Average,83,75,1405,0,5,0,0,8
2016,7,6,123,24.6,117.14,8,4,1,0,51,0,0,0.0,0.0,0.0,,51,0,0,0,214,0,5.071346196693545,0.0,6.140492386958114,4.3494,Average,83,75,1405,0,5,0,0,8
2017,4,4,65,16.25,104.83,6,2,0,0,26,0,0,0.0,0.0,0.0,,26,0,0,0,214,0,3.513126433036499,0.0,6.140492386958114,3.3583,Below Average,83,75,1405,0,5,0,0,8
2020,14,14,418,41.8,138.41,32,24,1,0,68*,0,0,0.0,0.0,0.0,,68,1,0,0,214,0,7.746235664090355,0.0,6.140492386958114,6.4741,Good,83,75,1405,0,5,0,0,8
2021,17,16,133,11.08,95.68,8,6,0,0,47*,0,0,0.0,0.0,0.0,,47,1,0,0,214,0,3.828675385670024,0.0,6.140492386958114,3.6184,Below Average,83,75,1405,0,5,0,0,8
2026,15,3,7,7.0,41.17,0,0,0,0,5,4,20,25.35,9.33,16.3,32/4,5,0,32,4,215,0,0.2591742449168275,6.262413123281036,7.4443819764980885,3.9373,Below Average,15,3,7,20,0,0,4,1
2018,13,13,382,29.38,138.4,32,24,2,0,65,0,0,0.0,0.0,0.0,,65,0,0,0,216,0,7.125078933503836,0.0,5.254645311894724,5.2811,Average,27,26,654,0,4,0,3,4
2019,3,3,48,16.0,92.3,4,2,0,0,32,0,0,0.0,0.0,0.0,,32,0,0,0,216,0,2.948300754910247,0.0,5.254645311894724,2.8415,Below Average,27,26,654,0,4,0,3,4
2021,5,5,151,30.2,162.36,18,7,1,0,58,0,0,0.0,0.0,0.0,,58,0,0,0,216,0,6.089950765688866,0.0,5.254645311894724,4.7073,Average,27,26,654,0,4,0,3,4
2022,6,5,73,24.33,130.35,8,3,1,0,55*,3,0,0.0,0.0,0.0,,55,1,0,0,216,0,4.49106323998245,0.0,5.254645311894724,3.5366,Below Average,27,26,654,0,4,0,3,4
2021,4,3,6,6.0,50.0,0,0,0,0,6,0,1,90.0,8.18,66.0,1/22,6,0,1,22,217,0,0.23343484302292855,0.355024027306829,4.940134188401805,1.0373,Poor,5,4,14,2,0,0,0,2
2022,1,1,8,8.0,114.28,1,0,0,0,8,0,1,46.0,11.5,24.0,46/1,8,0,46,1,217,0,0.7741825302299449,0.48262380816562744,4.940134188401805,1.6304,Poor,5,4,14,2,0,0,0,2
2022,16,16,468,31.2,127.52,49,13,3,0,96,4,0,0.0,0.0,0.0,,96,0,0,0,218,0,7.379247785041353,0.0,5.964211248346325,6.0806,Good,54,54,1838,0,17,0,19,4
2023,14,14,730,56.15,153.68,60,36,8,0,84,3,0,0.0,0.0,0.0,,84,0,0,0,218,0,9.092854397574007,0.0,5.964211248346325,7.69,Very Good,54,54,1838,0,17,0,19,4
2024,15,15,438,29.2,161.62,47,21,4,0,64,8,0,0.0,0.0,0.0,,64,0,0,0,218,0,7.525848776632765,0.0,5.964211248346325,6.1565,Good,54,54,1838,0,17,0,19,4
2025,9,9,202,22.44,123.92,18,8,2,0,62,4,0,0.0,0.0,0.0,,62,0,0,0,218,0,5.706391152563468,0.0,5.964211248346325,4.637,Average,54,54,1838,0,17,0,19,4
2012,13,12,398,33.16,130.92,29,17,3,0,73,0,0,0.0,0.0,0.0,,73,0,0,0,219,0,7.274370438449163,0.0,6.75599991578153,6.2781,Good,100,93,2935,0,22,0,0,9
2014,15,12,303,27.54,128.93,26,7,2,0,54*,0,0,0.0,0.0,0.0,,54,1,0,0,219,0,6.611134975714917,0.0,6.75599991578153,5.8286,Good,100,93,2935,0,22,0,0,9
2015,17,15,380,29.23,125.0,37,5,1,0,55,0,0,0.0,0.0,0.0,,55,0,0,0,219,0,6.9679042612572,0.0,6.75599991578153,6.0739,Good,100,93,2935,0,22,0,0,9
2016,6,6,206,34.33,127.16,17,9,2,0,69,0,0,0.0,0.0,0.0,,69,0,0,0,219,0,6.360805852611147,0.0,6.75599991578153,5.5581,Good,100,93,2935,0,22,0,0,9
2017,2,1,8,8.0,114.28,1,0,0,0,8,0,0,0.0,0.0,0.0,,8,0,0,0,219,0,0.7741825302299449,0.0,6.75599991578153,2.324,Poor,100,93,2935,0,22,0,0,9
2018,6,6,162,32.4,125.58,17,6,1,0,67*,0,0,0.0,0.0,0.0,,67,1,0,0,219,0,5.9283253281267285,0.0,6.75599991578153,5.4337,Average,100,93,2935,0,22,0,0,9
2019,12,12,396,36.0,123.36,36,15,3,0,96,0,0,0.0,0.0,0.0,,96,0,0,0,219,0,7.299131492597768,0.0,6.75599991578153,6.4688,Good,100,93,2935,0,22,0,0,9
2020,13,13,449,40.81,140.75,42,14,4,0,87*,0,0,0.0,0.0,0.0,,87,1,0,0,219,0,7.836612348067584,0.0,6.75599991578153,6.7802,Good,100,93,2935,0,22,0,0,9
2021,16,16,633,45.21,138.2,60,23,6,0,95*,0,0,0.0,0.0,0.0,,95,1,0,0,219,0,8.43772261348773,0.0,6.75599991578153,7.4673,Very Good,100,93,2935,0,22,0,0,9
2010,10,9,164,20.5,106.49,19,1,0,0,45,0,0,0.0,0.0,0.0,,45,0,0,0,220,0,5.085122025094772,0.0,4.383291350490232,3.6918,Below Average,12,11,183,0,0,0,0,2
2011,2,2,19,9.5,100.0,3,0,0,0,16,0,0,0.0,0.0,0.0,,16,0,0,0,220,0,1.4546496694091469,0.0,4.383291350490232,1.6813,Poor,12,11,183,0,0,0,0,2
2016,3,3,14,7.0,107.69,2,0,0,0,9*,0,0,0.0,0.0,0.0,,9,1,0,0,221,0,1.016096228865805,0.0,6.953569201408803,2.4767,Poor,3,3,14,0,0,0,0,1
2022,3,1,2,0.0,25.0,0,0,0,0,2*,0,2,55.0,9.16,36.0,32/2,2,1,32,2,222,0,0.0,0.9318798597303379,4.989015765704342,1.3432,Poor,12,3,5,6,0,0,1,3
2023,4,1,1,0.0,20.0,0,0,0,0,1*,1,4,29.25,8.77,20.0,41/2,1,1,41,2,222,0,0.0,2.619462750459088,4.989015765704342,1.9494,Poor,12,3,5,6,0,0,1,3
2025,5,1,2,0.0,100.0,0,0,0,0,2*,0,0,0.0,0.0,0.0,,2,1,0,0,222,0,0.0,0.0,4.989015765704342,0.9394,Poor,12,3,5,6,0,0,1,3
2026,11,11,349,34.9,214.11,33,28,1,1,100*,1,0,0.0,0.0,0.0,,100,1,0,0,223,0,7.852225959269306,0.0,7.342529123104505,7.2278,Very Good,11,11,349,0,1,1,1,1
2008,14,14,534,41.07,140.89,68,8,5,0,86,0,0,0.0,0.0,0.0,,86,0,0,0,225,0,8.090588646473762,0.0,7.239894444050625,7.2335,Very Good,139,137,3931,0,35,0,0,10
2010,11,10,277,30.77,127.64,32,2,2,0,72,0,0,0.0,0.0,0.0,,72,0,0,0,225,0,6.626687918946937,0.0,7.239894444050625,6.0971,Good,139,137,3931,0,35,0,0,10
2011,15,15,378,34.36,119.24,44,3,2,0,75*,0,0,0.0,0.0,0.0,,75,1,0,0,225,0,7.120934851638553,0.0,7.239894444050625,6.4864,Good,139,137,3931,0,35,0,0,10
2012,17,17,590,39.33,143.55,64,17,6,0,93,0,0,0.0,0.0,0.0,,93,0,0,0,225,0,8.196234126693406,0.0,7.239894444050625,7.3588,Very Good,139,137,3931,0,35,0,0,10
2013,16,16,406,25.37,118.36,51,5,4,0,60,0,0,0.0,0.0,0.0,,60,0,0,0,225,0,6.785916118089029,0.0,7.239894444050625,6.3167,Good,139,137,3931,0,35,0,0,10
2014,16,16,335,22.33,114.33,36,4,3,0,69,0,0,0.0,0.0,0.0,,69,0,0,0,225,0,6.2908162176585956,0.0,7.239894444050625,5.9734,Good,139,137,3931,0,35,0,0,10
2015,13,13,327,25.15,117.62,41,4,3,0,60,0,0,0.0,0.0,0.0,,60,0,0,0,225,0,6.4625793201101835,0.0,7.239894444050625,6.0678,Good,139,137,3931,0,35,0,0,10
2016,15,15,501,38.53,121.89,54,6,5,0,90*,0,0,0.0,0.0,0.0,,90,1,0,0,225,0,7.707702854384339,0.0,7.239894444050625,7.0074,Very Good,139,137,3931,0,35,0,0,10
2017,16,16,498,41.5,128.02,61,7,4,0,76*,0,0,0.0,0.0,0.0,,76,1,0,0,225,0,7.87250216202294,0.0,7.239894444050625,7.2633,Very Good,139,137,3931,0,35,0,0,10
2018,6,5,85,17.0,96.59,8,1,1,0,55,0,0,0.0,0.0,0.0,,55,0,0,0,225,0,3.815299246941927,0.0,7.239894444050625,4.0208,Average,139,137,3931,0,35,0,0,10
2009,3,2,45,22.5,115.38,7,0,0,0,30,0,0,0.0,0.0,0.0,,30,0,0,0,226,0,3.5825969147923913,0.0,5.59368359199775,3.2142,Below Average,40,37,663,0,2,0,0,5
2010,1,1,18,18.0,66.66,2,0,0,0,18,0,0,0.0,0.0,0.0,,18,0,0,0,226,0,1.622623659109962,0.0,5.59368359199775,2.1257,Poor,40,37,663,0,2,0,0,5
2014,17,16,257,28.55,135.26,19,10,0,0,40*,0,0,0.0,0.0,0.0,,40,1,0,0,226,0,6.498396128959598,0.0,5.59368359199775,5.1414,Average,40,37,663,0,2,0,0,5
2015,13,13,259,23.54,136.31,22,7,2,0,61*,0,0,0.0,0.0,0.0,,61,1,0,0,226,0,6.250827717371794,0.0,5.59368359199775,4.936,Average,40,37,663,0,2,0,0,5
2016,6,5,84,21.0,85.71,9,2,0,0,34,0,0,0.0,0.0,0.0,,34,0,0,0,226,0,3.9208186293467313,0.0,5.59368359199775,3.2761,Below Average,40,37,663,0,2,0,0,5
2021,5,3,2,2.0,50.0,0,0,0,0,2*,0,3,45.0,9.0,30.0,1/27,2,1,1,27,227,0,0.02792882141790685,1.5451033470044053,7.0971227355598625,2.3514,Poor,5,3,2,3,0,0,0,1
2026,3,3,31,10.33,147.61,6,0,0,0,16,0,1,55.0,8.91,37.0,18/1,16,0,18,1,228,0,2.461326769961534,0.5176256654113958,6.953569201408803,3.2253,Below Average,3,3,31,1,0,0,0,1
2024,10,5,14,3.5,63.63,0,1,0,0,8,1,13,26.23,10.17,15.46,34/4,8,0,34,4,229,0,0.38275790084007,4.934920728517761,4.799746862096661,2.8223,Below Average,14,7,31,15,0,0,3,2
2025,4,2,17,8.5,154.54,2,1,0,0,12,2,2,65.5,10.91,36.0,10/1,12,0,10,1,229,0,1.6549754508836898,0.6878331702431391,4.799746862096661,2.204,Poor,14,7,31,15,0,0,3,2
2012,2,2,6,6.0,54.54,0,0,0,0,3*,0,1,22.0,7.33,18.0,2/15,3,1,2,15,230,0,0.2528354663336554,1.3449305559157292,6.2448432315755715,2.0781,Poor,141,135,2819,41,18,0,17,13
2013,3,3,36,18.0,133.33,1,4,0,0,23,0,0,0.0,0.0,0.0,,23,0,0,0,230,0,3.195731518108217,0.0,6.2448432315755715,3.2392,Below Average,141,135,2819,41,18,0,17,13
2014,16,16,552,34.5,187.75,48,36,4,0,95,0,1,132.0,12.0,66.0,2/15,95,0,2,15,230,0,8.29583435200839,0.17064273217064974,6.2448432315755715,6.9962,Good,141,135,2819,41,18,0,17,13
2015,11,11,145,13.18,129.46,13,8,0,0,43,0,2,48.5,9.7,30.0,2/15,43,0,2,15,230,0,4.580972774245409,0.9874740273650946,6.2448432315755715,4.4101,Average,141,135,2819,41,18,0,17,13
2016,11,11,179,19.88,144.35,14,8,2,0,68,0,0,0.0,0.0,0.0,,68,0,0,0,230,0,5.582598976160289,0.0,6.2448432315755715,4.6236,Average,141,135,2819,41,18,0,17,13
2017,14,13,310,31.0,173.18,19,26,0,0,47,0,7,17.85,6.57,16.28,2/15,47,0,2,15,230,0,7.22180358175641,5.411680797200702,6.2448432315755715,8.4026,Very Good,141,135,2819,41,18,0,17,13
2018,12,12,169,14.08,140.83,14,9,0,0,47,0,5,26.4,8.25,19.2,2/15,47,0,2,15,230,0,4.994465867634768,3.3243294893177735,6.2448432315755715,5.6812,Good,141,135,2819,41,18,0,17,13
2020,13,11,108,15.42,101.88,9,0,0,0,32,0,3,56.33,8.04,42.0,2/15,32,0,2,15,230,0,4.073850410253298,1.4167597124773854,6.2448432315755715,4.1652,Average,141,135,2819,41,18,0,17,13
2021,15,14,513,42.75,144.1,48,21,6,0,78,0,3,45.0,8.43,32.0,2/15,78,0,2,15,230,0,8.122219566186422,1.6241729216841903,6.2448432315755715,7.7061,Very Good,141,135,2819,41,18,0,17,13
2022,13,13,301,27.36,169.1,31,15,1,0,55,5,6,27.5,6.87,24.0,22/2,55,0,22,2,230,0,6.972107991015193,3.9841351575207957,6.2448432315755715,7.8511,Very Good,141,135,2819,41,18,0,17,13
2023,14,14,400,33.33,183.48,29,31,5,0,77,4,3,31.33,9.09,20.66,3/1,77,0,3,1,230,0,7.762290123549187,2.00556072216547,6.2448432315755715,7.3409,Very Good,141,135,2819,41,18,0,17,13
2024,10,9,52,5.78,120.93,6,2,0,0,28,3,6,21.5,8.06,16.0,23/2,28,0,23,2,230,0,2.162878434535473,4.169127246831409,6.2448432315755715,4.0125,Average,141,135,2819,41,18,0,17,13
2025,7,6,48,8.0,97.95,5,1,0,0,30,5,4,27.5,8.46,19.5,5/1,30,0,5,1,230,0,2.200889160004731,2.7884970234698137,6.2448432315755715,3.6285,Below Average,141,135,2819,41,18,0,17,13
2008,14,3,4,4.0,80.0,1,0,0,0,4*,0,12,29.75,6.61,27.0,4/29,4,1,4,29,231,0,0.16987236336961847,5.464529199121938,7.4215323339199415,3.8096,Below Average,14,3,4,12,0,0,0,1
2021,3,3,26,13.0,78.78,1,2,0,0,14*,0,1,20.0,10.0,12.0,1/17,14,1,1,17,232,0,1.8309540264424686,1.1302063180028579,5.098042852541404,2.5502,Below Average,14,13,132,2,0,0,10,3
2023,5,5,39,7.8,177.27,2,4,0,0,25,2,1,20.0,6.66,18.0,10/1,25,0,10,1,232,0,2.6164053547114445,1.561086371043713,5.098042852541404,2.9834,Below Average,14,13,132,2,0,0,10,3
2026,6,5,67,16.75,124.07,4,2,0,0,25,8,0,0.0,0.0,0.0,,25,0,0,0,232,0,3.8121369709337505,0.0,5.098042852541404,3.0631,Below Average,14,13,132,2,0,0,10,3
2008,11,11,441,49.0,121.82,54,8,3,0,91,0,0,0.0,0.0,0.0,,91,0,0,0,233,0,7.865378229037075,0.0,4.884859116473789,5.7583,Good,29,29,739,0,4,0,0,4
2009,12,12,212,19.27,98.14,27,1,1,0,77,0,0,0.0,0.0,0.0,,77,0,0,0,233,0,5.240651127987683,0.0,4.884859116473789,3.9631,Below Average,29,29,739,0,4,0,0,4
2010,2,2,44,22.0,112.82,7,0,0,0,26,0,0,0.0,0.0,0.0,,26,0,0,0,233,0,3.4952930319357516,0.0,4.884859116473789,2.9522,Below Average,29,29,739,0,4,0,0,4
2011,4,4,42,10.5,82.35,6,0,0,0,24,0,0,0.0,0.0,0.0,,24,0,0,0,233,0,2.1619539293528995,0.0,4.884859116473789,2.3502,Poor,29,29,739,0,4,0,0,4
2009,1,1,15,15.0,93.75,1,0,0,0,15,0,1,27.0,6.75,24.0,1/27,15,0,1,27,234,0,1.599942358824336,1.2192612059129968,6.708162813864161,3.0063,Below Average,1,1,15,1,0,0,0,1
2024,2,1,19,19.0,126.66,1,1,0,0,19,1,0,0.0,0.0,0.0,,19,0,0,0,235,0,2.422758391099647,0.0,6.85171634801522,3.021,Below Average,2,1,19,0,0,0,1,1
2012,5,4,86,28.66,165.38,12,2,0,0,29*,0,0,0.0,0.0,0.0,,29,1,0,0,238,0,5.26344947235545,0.0,5.708380750420584,4.183,Average,39,32,511,5,2,0,0,6
2013,11,9,108,13.5,113.68,10,3,0,0,31,0,0,0.0,0.0,0.0,,31,0,0,0,238,0,4.042726786169617,0.0,5.708380750420584,3.4663,Below Average,39,32,511,5,2,0,0,6
2015,5,5,35,7.0,89.74,3,1,0,0,15,0,3,22.0,7.33,18.0,2/15,15,0,2,15,238,0,1.6398567309535717,2.9294344168351043,5.708380750420584,3.0879,Below Average,39,32,511,5,2,0,0,6
2016,7,6,113,22.6,131.39,11,3,1,0,51,0,2,15.5,7.75,12.0,2/15,51,0,2,15,238,0,4.996246473510967,2.732181170767074,5.708380750420584,5.1586,Average,39,32,511,5,2,0,0,6
2019,3,3,98,32.66,140.0,11,2,1,0,65,0,0,0.0,0.0,0.0,,65,0,0,0,238,0,5.39390811752131,0.0,5.708380750420584,4.3033,Average,39,32,511,5,2,0,0,6
2020,8,5,71,0.0,88.75,8,0,0,0,21*,0,0,0.0,0.0,0.0,,21,1,0,0,238,0,0.0,0.0,5.708380750420584,1.2828,Poor,39,32,511,5,2,0,0,6
2008,1,1,2,2.0,40.0,0,0,0,0,2,0,0,0.0,0.0,0.0,,2,0,0,0,239,0,0.02238712708467907,0.0,6.708162813864161,1.6927,Poor,1,1,2,0,0,0,0,1
2013,17,17,241,17.21,86.69,17,1,0,0,46,0,1,38.0,6.33,36.0,1/5,46,0,1,5,240,0,5.090999735262384,0.9690400494303547,4.23349398756743,3.8456,Below Average,24,23,284,1,0,0,0,3
2015,5,4,39,9.75,111.42,6,0,0,0,16,0,0,0.0,0.0,0.0,,16,0,0,0,240,0,2.3351323542624565,0.0,4.23349398756743,2.0979,Poor,24,23,284,1,0,0,0,3
2019,2,2,4,2.0,50.0,0,0,0,0,2,0,0,0.0,0.0,0.0,,2,0,0,0,240,0,0.0553153012051216,0.0,4.23349398756743,0.6306,Poor,24,23,284,1,0,0,0,3
2008,3,3,30,15.0,176.47,1,3,0,0,28,0,5,16.4,8.2,12.0,5/18,28,0,5,18,241,0,3.0896238548260606,4.324394522051468,6.227078508269087,4.659,Average,163,90,833,150,1,0,0,13
2009,13,10,84,10.5,158.49,6,5,0,0,20,0,12,21.33,5.81,22.0,5/18,20,0,5,18,241,0,3.8173310154277833,6.602485689646241,6.227078508269087,6.2241,Good,163,90,833,150,1,0,0,13
2010,15,7,105,26.25,166.66,12,5,0,0,49*,0,17,22.17,7.04,18.88,5/18,49,1,5,18,241,0,5.428159895845771,6.901324508008274,6.227078508269087,7.7659,Very Good,163,90,833,150,1,0,0,13
2011,15,8,103,34.33,145.07,9,6,0,0,30,0,14,26.42,6.98,22.71,5/18,30,0,5,18,241,0,5.580695498005397,5.995203121723213,6.227078508269087,7.4907,Very Good,163,90,833,150,1,0,0,13
2012,17,11,108,12.0,135.0,14,3,0,0,33,0,6,64.0,7.11,54.0,5/18,33,0,5,18,241,0,4.114800383759371,2.3440869233796446,6.227078508269087,4.7124,Average,163,90,833,150,1,0,0,13
2013,19,14,116,19.33,146.83,12,5,0,0,25*,0,24,19.0,6.51,17.5,5/18,25,1,5,18,241,0,4.9702545336331,8.406055044975222,6.227078508269087,8.0491,Very Good,163,90,833,150,1,0,0,13
2014,14,7,28,5.6,112.0,2,2,0,0,10*,0,14,25.42,6.47,23.57,5/18,10,1,5,18,241,0,1.4298765199974564,6.278936301981072,6.227078508269087,4.1157,Average,163,90,833,150,1,0,0,13
2015,15,10,117,16.71,160.27,9,9,1,0,64,0,18,24.77,7.82,19.0,5/18,64,0,5,18,241,0,4.902573456976817,6.4987031099150165,6.227078508269087,6.9496,Good,163,90,833,150,1,0,0,13
2016,14,7,92,30.66,109.52,11,2,0,0,45*,0,9,43.55,8.0,32.66,5/18,45,1,5,18,241,0,4.883188407811354,3.5575065101483707,6.227078508269087,5.7507,Good,163,90,833,150,1,0,0,13
2017,11,7,16,8.0,100.0,0,1,0,0,7*,0,8,33.25,6.48,30.75,5/18,7,1,5,18,241,0,1.1623835776615392,4.321415974610894,6.227078508269087,3.415,Below Average,163,90,833,150,1,0,0,13
2018,13,3,29,9.66,80.55,3,1,0,0,19,0,7,38.57,8.48,27.28,5/18,19,0,5,18,241,0,1.6651570438546481,3.189612584130264,6.227078508269087,3.3164,Below Average,163,90,833,150,1,0,0,13
2019,11,1,1,1.0,33.33,0,0,0,0,1,0,16,19.5,7.09,16.5,5/18,1,0,5,18,241,0,0.004692911457903685,7.056487206950134,6.227078508269087,3.7699,Below Average,163,90,833,150,1,0,0,13
2021,3,2,4,0.0,100.0,0,0,0,0,2*,0,0,0.0,0.0,0.0,,2,1,0,0,241,0,0.0,0.0,6.227078508269087,1.3335,Poor,163,90,833,150,1,0,0,13
2015,9,8,112,22.4,180.64,9,8,1,0,61*,0,1,176.0,10.35,102.0,3/20,61,1,3,20,242,0,5.409506015173317,0.14896853850842848,6.8100695466136685,4.994,Average,162,150,2955,82,10,0,18,12
2016,11,9,44,6.28,69.84,4,0,0,0,9,0,3,51.0,9.18,33.33,3/20,9,0,3,20,242,0,1.51605258002234,1.380256047962933,6.8100695466136685,3.0804,Below Average,162,150,2955,82,10,0,18,12
2017,17,16,250,35.71,156.25,11,20,0,0,35*,0,6,35.5,8.19,26.0,3/20,35,1,3,20,242,0,6.974441408100781,3.1208409187249098,6.8100695466136685,7.6429,Very Good,162,150,2955,82,10,0,18,12
2018,13,13,260,28.88,133.33,20,11,1,0,50,0,18,21.16,8.92,14.22,3/20,50,0,3,20,242,0,6.510581147469146,6.563988179426187,6.8100695466136685,8.4525,Very Good,162,150,2955,82,10,0,18,12
2019,16,15,402,44.66,191.42,28,29,1,0,91,0,14,27.85,9.17,18.21,3/20,91,0,3,20,242,0,8.240117184941031,5.209761056720973,6.8100695466136685,9.2755,Excellent,162,150,2955,82,10,0,18,12
2020,14,13,281,35.12,178.98,14,25,1,0,60*,0,0,0.0,0.0,0.0,,60,1,0,0,242,0,7.305245190171701,0.0,6.8100695466136685,6.3488,Good,162,150,2955,82,10,0,18,12
2021,12,11,127,14.11,113.39,11,5,0,0,40*,0,0,0.0,0.0,0.0,,40,1,0,0,242,0,4.315143537114135,0.0,6.8100695466136685,4.1226,Average,162,150,2955,82,10,0,18,12
2022,15,15,487,44.27,131.26,49,12,4,0,87*,2,8,27.75,7.27,22.87,17/3,87,1,17,3,242,0,7.967033550753041,4.466870902321723,6.8100695466136685,8.7417,Excellent,162,150,2955,82,10,0,18,12
2023,16,15,346,31.45,136.75,26,15,2,0,66,7,3,76.0,9.12,50.0,10/1,66,0,10,1,242,0,7.064983052340123,1.002495254643247,6.8100695466136685,6.8563,Good,162,150,2955,82,10,0,18,12
2024,14,13,216,18.0,143.04,17,11,0,0,46,4,11,35.18,10.75,19.63,31/3,46,0,31,3,242,0,5.692570796712543,3.7997900881335167,6.8100695466136685,6.8326,Good,162,150,2955,82,10,0,18,12
2025,15,12,224,24.89,163.5,18,12,0,0,48*,3,14,24.42,9.77,15.0,36/5,48,1,36,5,242,0,6.379753832853422,5.3710142565145516,6.8100695466136685,8.3688,Very Good,162,150,2955,82,10,0,18,12
2026,10,10,206,22.89,138.25,21,7,0,0,40,2,4,64.75,11.42,34.0,18/1,40,0,18,1,242,0,5.912964167262781,1.2052762253682787,6.8100695466136685,5.8504,Good,162,150,2955,82,10,0,18,12
2019,6,3,3,1.5,42.85,0,0,0,0,2*,0,7,31.71,9.65,19.71,2/39,2,1,2,39,243,0,0.026936381276433212,3.317458664036347,7.151699256297347,3.0125,Below Average,6,3,3,7,0,0,0,1
2012,7,2,15,15.0,214.28,3,0,0,0,14,0,6,28.0,8.68,19.33,3/24,14,0,3,24,245,0,2.4843813620097652,3.466975192746426,3.7218860701942975,2.9799,Below Average,10,3,18,11,0,0,0,2
2013,3,1,3,3.0,75.0,0,0,0,0,3,0,5,17.4,7.67,13.6,3/24,3,0,3,24,245,0,0.09212392260436969,4.34116538658856,3.7218860701942975,2.0112,Poor,10,3,18,11,0,0,0,2
2023,3,3,76,25.33,128.81,8,3,0,0,41,1,0,0.0,0.0,0.0,,41,0,0,0,246,0,4.584029757434116,0.0,4.341850725119249,3.291,Below Average,5,5,103,0,0,0,1,2
2024,2,2,27,13.5,79.41,2,0,0,0,14,0,0,0.0,0.0,0.0,,14,0,0,0,246,0,1.9174737017364951,0.0,4.341850725119249,2.1637,Poor,5,5,103,0,0,0,1,2
2019,2,1,20,0.0,166.66,2,1,0,0,20*,0,0,0.0,0.0,0.0,,20,1,0,0,247,0,0.0,0.0,4.960909059134364,0.9521,Poor,50,27,249,37,0,0,13,7
2021,7,5,64,0.0,110.34,3,2,0,0,25*,0,5,27.8,6.04,27.6,3/19,25,1,3,19,247,0,0.0,3.848652726391535,4.960909059134364,2.2012,Poor,50,27,249,37,0,0,13,7
2022,5,3,22,7.33,88.0,1,2,0,0,14,3,4,36.5,9.12,24.0,26/3,14,0,26,3,247,0,1.2458982441947744,2.1998408988583797,4.960909059134364,2.4989,Poor,50,27,249,37,0,0,13,7
2023,13,8,52,8.67,126.82,5,2,0,0,17*,2,9,24.22,8.02,18.11,30/4,17,1,30,4,247,0,2.686345291065307,4.818639403243475,4.960909059134364,4.0132,Average,50,27,249,37,0,0,13,7
2024,13,7,75,37.5,138.88,8,2,0,0,29,7,7,43.28,7.97,32.57,13/2,29,0,13,2,247,0,5.204759742643078,3.0894253181231783,4.960909059134364,5.0733,Average,50,27,249,37,0,0,13,7
2025,8,2,11,11.0,84.61,0,1,0,0,7*,0,10,19.0,8.63,13.2,22/3,7,1,22,3,247,0,0.9942575975923569,5.463110829395151,4.960909059134364,3.2778,Below Average,50,27,249,37,0,0,13,7
2026,2,1,5,0.0,166.66,1,0,0,0,5*,1,2,30.0,7.5,24.0,35/2,5,1,35,2,247,0,0.0,1.7727752843631488,4.960909059134364,1.6144,Poor,50,27,249,37,0,0,13,7
2011,2,2,14,14.0,70.0,0,0,0,0,13,0,0,0.0,0.0,0.0,,13,0,0,0,248,0,1.2181746283713355,0.0,4.2596254562365,1.4974,Poor,3,3,20,0,0,0,0,2
2012,1,1,6,6.0,100.0,0,0,0,0,6,0,0,0.0,0.0,0.0,,6,0,0,0,248,0,0.43366393456570335,0.0,4.2596254562365,0.8719,Poor,3,3,20,0,0,0,0,2
2023,11,11,190,21.11,123.37,23,4,0,1,100*,3,0,0.0,0.0,0.0,,100,1,0,0,249,0,5.530902365803723,0.0,7.342529123104505,5.3065,Average,11,11,190,0,0,1,3,1
2019,8,1,1,0.0,20.0,0,0,0,0,1*,0,7,34.0,8.81,23.14,2/25,1,1,2,25,250,0,0.0,3.3589868558348037,7.240676269710922,2.9381,Below Average,8,1,1,7,0,0,0,1
2026,8,5,13,6.5,144.44,2,0,0,0,9*,3,8,28.5,10.36,16.5,12/3,9,1,12,3,251,0,1.1251008103593663,3.6540184565506757,7.240676269710922,3.4584,Below Average,8,5,13,8,0,0,3,1
2012,12,3,15,7.5,100.0,1,0,0,0,10,0,9,37.77,8.29,27.33,5/27,10,0,5,27,252,0,1.0630891418375066,3.775242387950124,5.442693262384273,2.9911,Below Average,117,48,280,147,0,0,12,12
2014,3,3,13,6.5,185.71,1,1,0,0,6,0,4,28.25,10.27,16.5,5/27,6,0,5,27,252,0,1.3308346328367042,2.41546538209661,5.442693262384273,2.5914,Below Average,117,48,280,147,0,0,12,12
2015,15,7,19,3.8,158.33,0,2,0,0,9*,0,17,19.29,7.48,15.47,5/27,9,1,5,27,252,0,1.0750792475283686,7.102458636869779,5.442693262384273,3.9119,Below Average,117,48,280,147,0,0,12,12
2018,5,2,60,60.0,181.81,1,6,0,0,36*,0,7,23.85,9.54,15.0,5/27,36,1,5,27,252,0,5.91853633132337,3.9170283224193962,5.442693262384273,6.2741,Good,117,48,280,147,0,0,12,12
2019,2,2,0,0.0,0.0,0,0,0,0,0*,0,2,38.5,9.62,24.0,5/27,0,1,5,27,252,0,0.0,1.2035649963324075,5.442693262384273,1.625,Poor,117,48,280,147,0,0,12,12
2020,5,2,21,10.5,87.5,2,0,0,0,16,0,3,44.66,8.93,30.0,5/27,16,0,5,27,252,0,1.5158388883980354,1.5634417189165462,5.442693262384273,2.4679,Poor,117,48,280,147,0,0,12,12
2021,15,8,59,14.75,128.26,6,2,0,0,31,0,32,14.34,8.14,10.56,5/27,31,0,5,27,252,0,3.5235037927633117,9.329229970546555,5.442693262384273,6.9175,Good,117,48,280,147,0,0,12,12
2022,15,8,43,8.6,110.25,4,2,0,0,11,2,19,21.57,7.66,16.89,34/4,11,0,34,4,252,0,2.291452369949056,7.04015950733239,5.442693262384273,4.6765,Average,117,48,280,147,0,0,12,12
2023,13,2,6,3.0,100.0,0,1,0,0,6,2,14,32.42,9.65,20.14,32/3,6,0,32,3,252,0,0.23343484302292855,4.739141989591448,5.442693262384273,2.7628,Below Average,117,48,280,147,0,0,12,12
2024,14,4,13,4.33,68.42,1,1,0,0,12,5,24,19.87,9.73,12.25,15/3,12,0,15,3,252,0,0.45949291796134156,7.2369395392837745,5.442693262384273,3.6458,Below Average,117,48,280,147,0,0,12,12
2025,13,4,21,10.5,80.76,0,0,0,0,12*,3,16,26.87,9.8,16.43,28/4,12,1,28,4,252,0,1.442407768821077,5.454238888660337,5.442693262384273,3.6864,Below Average,117,48,280,147,0,0,12,12
2026,5,3,10,3.33,111.11,2,0,0,0,6,0,0,0.0,0.0,0.0,,6,0,0,0,252,0,0.44399247501981287,0.0,5.442693262384273,1.5229,Poor,117,48,280,147,0,0,12,12
2022,2,2,2,2.0,100.0,0,0,0,0,2,0,1,51.0,10.2,30.0,24/1,2,0,24,1,253,0,0.0553153012051216,0.49011037267893637,3.926359312985004,0.6308,Poor,15,9,59,16,0,0,6,2
2025,13,7,57,14.25,107.54,5,3,0,0,34,6,15,29.86,10.18,17.6,25/3,34,0,25,3,253,0,3.209584652260304,4.9638666323511025,3.926359312985004,4.0406,Average,15,9,59,16,0,0,6,2
2016,6,6,157,26.16,131.93,20,4,1,0,96,0,0,0.0,0.0,0.0,,96,0,0,0,254,0,5.656521959564343,0.0,4.895172987968852,4.2033,Average,16,16,577,0,3,2,0,2
2017,10,10,420,60.0,145.83,40,17,2,2,104*,0,0,0.0,0.0,0.0,,104,1,0,0,254,0,8.33440306674275,0.0,4.895172987968852,6.0258,Good,16,16,577,0,3,2,0,2
2018,4,4,57,19.0,121.27,5,1,0,0,32,0,0,0.0,0.0,0.0,,32,0,0,0,255,0,3.7354084524991227,0.0,5.6878598467373465,3.1316,Below Average,63,60,2104,0,13,2,31,6
2019,3,2,9,4.5,90.0,0,0,0,0,6,0,0,0.0,0.0,0.0,,6,0,0,0,255,0,0.438322861371248,0.0,5.6878598467373465,1.5931,Poor,63,60,2104,0,13,2,31,6
2023,12,11,448,49.78,177.07,32,25,2,1,104,3,0,0.0,0.0,0.0,,104,0,0,0,255,0,8.435557589907894,0.0,5.6878598467373465,6.7483,Good,63,60,2104,0,13,2,31,6
2024,16,15,479,39.92,171.07,19,38,4,0,80*,8,0,0.0,0.0,0.0,,80,1,0,0,255,0,8.170723750474641,0.0,5.6878598467373465,6.5311,Good,63,60,2104,0,13,2,31,6
2025,13,13,487,44.27,172.69,42,25,1,1,105*,7,0,0.0,0.0,0.0,,105,1,0,0,255,0,8.35272855500569,0.0,5.6878598467373465,6.6958,Good,63,60,2104,0,13,2,31,6
2026,15,15,624,48.0,160.0,48,31,6,0,69,13,0,0.0,0.0,0.0,,69,0,0,0,255,0,8.70793873248627,0.0,5.6878598467373465,6.9739,Good,63,60,2104,0,13,2,31,6
2008,9,9,167,18.55,109.15,17,8,0,0,47,0,0,0.0,0.0,0.0,,47,0,0,0,256,0,5.00676431063016,0.0,5.899912522117752,4.2815,Average,36,36,886,0,6,0,0,4
2009,14,14,371,33.72,112.08,32,12,4,0,69*,0,0,0.0,0.0,0.0,,69,1,0,0,256,0,6.981663175818821,0.0,5.899912522117752,5.595,Good,36,36,886,0,6,0,0,4
2010,10,10,267,26.7,113.61,26,9,1,0,50,0,0,0.0,0.0,0.0,,50,0,0,0,256,0,6.214910526154984,0.0,5.899912522117752,4.9451,Average,36,36,886,0,6,0,0,4
2012,3,3,81,40.5,92.04,8,2,1,0,66*,0,0,0.0,0.0,0.0,,66,1,0,0,256,0,4.851942158500321,0.0,5.899912522117752,4.0315,Average,36,36,886,0,6,0,0,4
2026,6,5,92,30.67,133.33,5,5,0,0,40*,1,0,0.0,0.0,0.0,,40,1,0,0,257,0,5.153163051357358,0.0,7.151699256297347,4.9146,Average,6,5,92,0,0,0,1,1
2022,5,3,43,21.5,89.58,5,0,0,0,25,2,2,63.5,8.46,45.0,47/2,25,0,47,2,258,0,3.1423393923709826,0.8821767461482446,5.555791583081032,3.3029,Below Average,13,6,66,5,0,0,5,2
2023,8,3,23,23.0,135.29,4,0,0,0,18*,3,3,62.33,9.84,38.0,34/2,18,1,34,2,258,0,2.960142630945979,1.1099431535746564,5.555791583081032,3.137,Below Average,13,6,66,5,0,0,5,2
2014,6,2,8,4.0,80.0,2,0,0,0,4,0,9,19.0,8.2,13.88,4/12,4,0,4,12,259,0,0.3214661331882567,5.333697476631034,4.7979042592642465,2.5846,Below Average,41,8,33,54,0,0,0,6
2015,10,2,5,5.0,83.33,0,0,0,0,3*,0,15,20.93,8.84,14.2,4/12,3,1,4,12,259,0,0.26688950513480386,6.157612386862007,4.7979042592642465,2.8475,Below Average,41,8,33,54,0,0,0,6
2016,4,1,5,5.0,71.42,1,0,0,0,5,0,5,27.6,8.62,19.2,4/12,5,0,4,12,259,0,0.23170070859471062,3.1551601186267693,4.7979042592642465,2.0212,Poor,41,8,33,54,0,0,0,6
2017,12,1,0,0.0,0.0,0,0,0,0,0*,0,18,20.5,7.85,15.66,4/12,0,1,4,12,259,0,0.0,6.969229310644978,4.7979042592642465,3.0224,Below Average,41,8,33,54,0,0,0,6
2018,6,1,2,0.0,100.0,0,0,0,0,2*,0,6,31.33,9.09,20.66,4/12,2,1,4,12,259,0,0.0,3.1598297848549572,4.7979042592642465,1.9574,Poor,41,8,33,54,0,0,0,6
2020,3,1,13,0.0,130.0,2,0,0,0,13*,0,1,76.0,6.9,66.0,4/12,13,1,4,12,259,0,0.0,0.48650840625697217,4.7979042592642465,1.0022,Poor,41,8,33,54,0,0,0,6
2008,1,1,1,0.0,50.0,0,0,0,0,1*,0,0,0.0,0.0,0.0,,1,1,0,0,260,0,0.0,0.0,4.227120645002212,0.6024,Poor,36,10,86,35,0,0,0,6
2011,15,2,15,0.0,125.0,1,0,0,0,12*,0,16,19.06,6.1,18.75,3/24,12,1,3,24,260,0,0.0,7.503837672161496,4.227120645002212,3.112,Below Average,36,10,86,35,0,0,0,6
2013,5,2,8,0.0,57.14,0,0,0,0,6*,0,7,20.28,7.53,16.14,3/24,6,1,3,24,260,0,0.0,4.794068799512399,4.227120645002212,2.2228,Poor,36,10,86,35,0,0,0,6
2015,5,2,20,10.0,111.11,4,0,0,0,20,0,4,37.5,7.89,28.5,3/24,20,0,3,24,260,0,1.6502112552799542,2.383903562914828,4.227120645002212,2.3609,Poor,36,10,86,35,0,0,0,6
2016,8,2,37,0.0,137.03,4,1,0,0,33*,0,6,35.5,8.52,25.0,3/24,33,1,3,24,260,0,0.0,3.047151630537842,4.227120645002212,1.7756,Poor,36,10,86,35,0,0,0,6
2017,2,1,5,0.0,71.42,0,0,0,0,5*,0,2,27.5,11.0,15.0,3/24,5,1,3,24,260,0,0.0,1.4146616501933553,4.227120645002212,0.9613,Poor,36,10,86,35,0,0,0,6
2008,14,10,131,21.83,112.93,9,6,0,0,40,0,15,23.33,6.6,21.2,3/24,40,0,3,24,261,0,4.943881094323283,6.617722117929812,6.092064582731288,7.1694,Very Good,103,82,1139,80,1,0,0,9
2009,14,12,196,19.6,124.05,17,6,0,0,39,0,17,22.94,7.74,17.76,3/24,39,0,3,24,261,0,5.478901501255163,6.573996675011163,6.092064582731288,7.679,Very Good,103,82,1139,80,1,0,0,9
2010,14,13,276,34.5,148.38,21,10,1,0,60,0,15,28.4,9.19,18.53,3/24,60,0,3,24,261,0,6.992349201957138,5.321568905511897,6.092064582731288,8.2356,Very Good,103,82,1139,80,1,0,0,9
2011,14,12,150,18.75,108.69,12,6,0,0,44*,0,11,31.27,7.5,25.0,3/24,44,1,3,24,261,0,4.868811114042407,4.846698560611753,6.092064582731288,6.3167,Good,103,82,1139,80,1,0,0,9
2012,17,12,176,25.14,139.68,14,6,0,0,42*,0,8,58.12,7.75,45.0,3/24,42,1,3,24,261,0,5.8389002408491315,2.8460795677107695,6.092064582731288,6.0506,Good,103,82,1139,80,1,0,0,9
2013,15,13,142,17.75,93.42,9,3,0,0,24,0,10,38.2,7.44,30.8,3/24,24,0,3,24,261,0,4.513953576789433,4.203979766418814,6.092064582731288,5.8463,Good,103,82,1139,80,1,0,0,9
2014,10,6,55,27.5,101.85,5,0,0,0,23*,0,4,51.25,8.66,35.5,3/24,23,1,3,24,261,0,3.945585808472737,1.7909661192238495,6.092064582731288,4.2323,Average,103,82,1139,80,1,0,0,9
2016,4,3,11,3.66,84.61,0,0,0,0,7,0,0,0.0,0.0,0.0,,7,0,0,0,261,0,0.41344263556314553,0.0,6.092064582731288,1.6096,Poor,103,82,1139,80,1,0,0,9
2017,1,1,2,2.0,66.66,0,0,0,0,2,0,0,0.0,0.0,0.0,,2,0,0,0,261,0,0.037113199714171013,0.0,6.092064582731288,1.5274,Poor,103,82,1139,80,1,0,0,9
2018,6,1,1,1.0,16.66,0,0,0,0,1,0,5,27.0,5.86,27.6,3/26,1,0,3,26,262,0,0.0023477036545492547,3.9736310107564314,3.54662178647109,1.6894,Poor,8,2,7,9,0,0,0,2
2019,2,1,6,6.0,54.54,0,0,0,0,6,0,4,16.75,9.34,10.75,3/26,6,0,3,26,262,0,0.2528354663336554,3.5368713142999324,3.54662178647109,1.7239,Poor,8,2,7,9,0,0,0,2
2016,5,5,42,8.4,102.43,5,0,0,0,27,0,0,0.0,0.0,0.0,,27,0,0,0,263,0,2.1564913107827968,0.0,6.736339700189873,2.9093,Below Average,133,127,3600,0,23,1,49,11
2017,11,10,277,27.7,134.46,29,13,1,0,61,0,0,0.0,0.0,0.0,,61,0,0,0,263,0,6.552561317073847,0.0,6.736339700189873,5.8226,Good,133,127,3600,0,23,1,49,11
2018,14,12,275,22.91,149.45,22,17,2,0,62,0,0,0.0,0.0,0.0,,62,0,0,0,263,0,6.4249354318661736,0.0,6.736339700189873,5.6366,Good,133,127,3600,0,23,1,49,11
2019,7,6,101,16.83,101.0,8,4,0,0,28,0,0,0.0,0.0,0.0,,28,0,0,0,263,0,4.089587232379441,0.0,6.736339700189873,4.0592,Average,133,127,3600,0,23,1,49,11
2020,14,13,516,57.33,145.76,36,30,4,0,99,0,0,0.0,0.0,0.0,,99,0,0,0,263,0,8.559285476718765,0.0,6.736339700189873,7.5935,Very Good,133,127,3600,0,23,1,49,11
2021,10,10,241,26.77,133.88,21,10,2,0,84,0,0,0.0,0.0,0.0,,84,0,0,0,263,0,6.304579246789519,0.0,6.736339700189873,5.7071,Good,133,127,3600,0,23,1,49,11
2022,14,14,418,32.15,120.11,45,11,3,0,81*,13,0,0.0,0.0,0.0,,81,1,0,0,263,0,7.1789235269391085,0.0,6.736339700189873,6.2729,Good,133,127,3600,0,23,1,49,11
2023,15,15,454,30.27,142.76,54,18,3,0,75,10,0,0.0,0.0,0.0,,75,0,0,0,263,0,7.452568958002307,0.0,6.736339700189873,6.6371,Good,133,127,3600,0,23,1,49,11
2024,14,14,320,22.86,148.83,35,16,1,0,69,9,0,0.0,0.0,0.0,,69,0,0,0,263,0,6.627726096452156,0.0,6.736339700189873,5.6896,Good,133,127,3600,0,23,1,49,11
2025,14,13,354,35.4,152.58,33,15,1,1,106*,8,0,0.0,0.0,0.0,,106,1,0,0,263,0,7.416478828674204,0.0,6.736339700189873,6.4658,Good,133,127,3600,0,23,1,49,11
2026,15,15,602,40.13,182.42,60,32,6,0,91,9,0,0.0,0.0,0.0,,91,0,0,0,263,0,8.589962494253028,0.0,6.736339700189873,7.4825,Very Good,133,127,3600,0,23,1,49,11
2011,1,1,7,0.0,175.0,1,0,0,0,7*,0,0,0.0,0.0,0.0,,7,1,0,0,264,0,0.0,0.0,6.708162813864161,1.717,Poor,1,1,7,0,0,0,0,1
2011,2,2,28,14.0,75.67,3,0,0,0,25,0,0,0.0,0.0,0.0,,25,0,0,0,266,0,1.943227857943669,0.0,4.925752358460938,2.0718,Poor,7,7,76,0,0,0,0,3
2012,3,3,15,7.5,71.42,0,0,0,0,10*,0,0,0.0,0.0,0.0,,10,1,0,0,266,0,0.8317105963666126,0.0,4.925752358460938,1.517,Poor,7,7,76,0,0,0,0,3
2017,2,2,33,33.0,84.61,3,0,0,0,28,0,0,0.0,0.0,0.0,,28,0,0,0,266,0,3.277339800524637,0.0,4.925752358460938,2.9697,Below Average,7,7,76,0,0,0,0,3
2008,13,6,11,11.0,100.0,1,0,0,0,4*,0,8,41.37,7.66,32.37,5/12,4,1,5,12,267,0,1.1184044430426283,3.511436805180892,5.017581704218586,2.718,Below Average,79,25,57,70,0,0,2,8
2009,11,3,16,8.0,123.07,1,1,0,0,9,0,11,27.0,6.9,23.45,5/12,9,0,5,12,267,0,1.3341498885761633,5.385783321949315,5.017581704218586,3.4308,Below Average,79,25,57,70,0,0,2,8
2010,7,2,6,6.0,35.29,0,0,0,0,6*,0,7,33.71,9.44,21.42,5/12,6,1,5,12,267,0,0.16867655197018908,3.241959105955256,5.017581704218586,2.1712,Poor,79,25,57,70,0,0,2,8
2011,12,5,4,0.0,80.0,0,0,0,0,1*,0,11,28.54,7.13,24.0,5/12,1,1,5,12,267,0,0.0,5.176770503456519,5.017581704218586,2.6272,Below Average,79,25,57,70,0,0,2,8
2017,6,3,8,4.0,66.66,1,0,0,0,5*,0,0,0.0,0.0,0.0,,5,1,0,0,267,0,0.27269836272732223,0.0,5.017581704218586,1.0931,Poor,79,25,57,70,0,0,2,8
2019,13,3,10,0.0,333.33,1,1,0,0,10*,0,13,26.84,7.58,21.23,5/12,10,1,5,12,267,0,0.0,5.57516837755597,5.017581704218586,2.7887,Below Average,79,25,57,70,0,0,2,8
2023,8,1,1,0.0,100.0,0,0,0,0,1*,0,10,20.6,8.24,15.0,19/2,1,1,19,2,267,0,0.0,5.380436746975457,5.017581704218586,2.7759,Below Average,79,25,57,70,0,0,2,8
2024,9,2,1,0.0,14.28,0,0,0,0,1*,2,10,26.5,9.81,16.2,34/3,1,1,34,3,267,0,0.0,4.399381839810551,5.017581704218586,2.5596,Below Average,79,25,57,70,0,0,2,8
2020,10,4,15,5.0,136.36,1,1,0,0,10*,0,8,35.25,9.72,21.75,2/41,10,1,2,41,269,0,0.9935040546792155,3.357285255680049,7.311723042807013,3.4497,Below Average,10,4,15,8,0,0,0,1
2010,5,2,26,13.0,108.33,1,1,0,0,22,0,3,18.0,7.36,14.66,3/12,22,0,3,12,270,0,2.1710351367779497,3.2978227517807586,7.0971227355598625,4.129,Average,5,2,26,3,0,0,0,1
2009,13,12,372,41.33,114.46,26,11,5,0,62,0,4,23.25,5.31,26.25,4/17,62,0,4,17,271,0,7.300068063547355,4.026609281652667,6.449917343129382,8.0934,Very Good,83,77,2029,23,14,0,0,8
2010,7,7,157,31.4,119.84,13,5,0,0,42*,0,1,37.0,6.72,33.0,4/17,42,1,4,17,271,0,5.776346566320597,0.9422461596785943,6.449917343129382,5.4312,Average,83,77,2029,23,14,0,0,8
2011,10,10,205,20.5,117.81,9,8,1,0,55,0,4,35.75,7.94,27.0,4/17,55,0,4,17,271,0,5.5316614832228765,2.4509395789504875,6.449917343129382,5.9698,Good,83,77,2029,23,14,0,0,8
2012,9,9,244,81.33,128.42,13,11,2,0,74,0,1,104.0,8.66,72.0,4/17,74,0,4,17,271,0,7.819829679894341,0.293487163545468,6.449917343129382,6.8806,Good,83,77,2029,23,14,0,0,8
2014,14,14,410,51.25,134.42,22,20,2,0,67*,0,3,80.0,7.27,66.0,4/17,67,1,4,17,271,0,7.964350025323696,1.1594476034366792,6.449917343129382,7.3875,Very Good,83,77,2029,23,14,0,0,8
2015,14,13,414,41.4,131.42,27,20,4,0,78*,0,8,15.75,7.41,12.75,4/17,78,1,4,17,271,0,7.646453139896424,5.745224766351985,6.449917343129382,8.9345,Excellent,83,77,2029,23,14,0,0,8
2016,10,8,191,38.2,122.43,13,3,0,0,49*,0,2,27.5,7.85,21.0,4/17,49,1,4,17,271,0,6.351469735642778,1.8276777420215664,6.449917343129382,6.267,Good,83,77,2029,23,14,0,0,8
2018,6,4,36,36.0,90.0,3,1,0,0,23,0,0,0.0,0.0,0.0,,23,0,0,0,271,0,3.5805686992004033,0.0,6.449917343129382,3.6151,Below Average,83,77,2029,23,14,0,0,8
2025,2,2,67,33.5,171.79,9,3,1,0,55,1,0,0.0,0.0,0.0,,55,0,0,0,272,0,5.1869840393453135,0.0,4.961394810013795,3.9513,Below Average,9,9,163,0,1,0,5,2
2026,7,7,96,13.71,124.67,12,3,0,0,27,4,0,0.0,0.0,0.0,,27,0,0,0,272,0,4.0293437926293105,0.0,4.961394810013795,3.1784,Below Average,9,9,163,0,1,0,5,2
2008,4,3,18,18.0,150.0,1,1,0,0,13,0,3,49.66,9.31,32.0,3/32,13,0,3,32,274,0,2.4937264020670873,1.393985409890813,4.731451612282398,2.767,Below Average,15,11,106,8,0,0,0,2
2009,11,8,88,14.66,94.62,5,4,0,0,41*,0,5,26.6,8.58,18.6,3/32,41,1,3,32,274,0,3.639752671818241,3.234170813297146,4.731451612282398,3.7507,Below Average,15,11,106,8,0,0,0,2
2008,11,11,199,18.09,108.74,23,4,1,0,54,0,4,77.75,9.05,51.5,3/13,54,0,3,13,275,0,5.207763899538964,1.2546328244605134,6.798233879960376,5.3301,Average,98,96,2427,65,17,0,0,7
2009,15,15,361,27.76,108.73,37,8,3,0,69*,0,6,58.83,7.67,46.0,3/13,69,1,3,13,275,0,6.628882508956067,2.3574534927159925,6.798233879960376,6.6356,Good,98,96,2427,65,17,0,0,7
2010,16,16,572,47.66,115.78,67,9,6,0,89*,0,13,36.61,8.35,26.3,3/13,89,1,3,13,275,0,8.12049136535565,4.623591277517881,6.798233879960376,8.8437,Excellent,98,96,2427,65,17,0,0,7
2011,15,14,424,35.33,112.16,46,6,4,0,80*,0,7,24.28,7.08,20.57,3/13,80,1,3,13,275,0,7.235124200099015,4.52609403289445,6.798233879960376,8.4013,Very Good,98,96,2427,65,17,0,0,7
2012,17,17,409,25.56,106.51,34,10,2,0,79,0,15,26.86,7.46,21.6,3/13,79,0,3,13,275,0,6.659129241469914,5.960674285470898,6.798233879960376,8.4901,Very Good,98,96,2427,65,17,0,0,7
2013,16,16,311,20.73,96.58,35,3,0,0,41,0,16,24.62,7.43,19.87,3/13,41,0,3,13,275,0,5.849238268804767,6.34677714960522,6.798233879960376,8.1296,Very Good,98,96,2427,65,17,0,0,7
2014,8,7,151,25.16,117.05,13,4,1,0,72,0,4,46.5,8.45,33.0,3/13,72,0,3,13,275,0,5.383390412710156,1.9570833909531482,6.798233879960376,5.6815,Good,98,96,2427,65,17,0,0,7
2022,2,2,40,40.0,108.1,3,1,0,0,39*,0,0,0.0,0.0,0.0,,39,1,0,0,276,0,4.099466905988283,0.0,4.757405266256253,3.2758,Below Average,8,8,129,0,0,0,1,2
2023,6,6,89,14.83,109.87,14,1,0,0,36,1,0,0.0,0.0,0.0,,36,0,0,0,276,0,3.865697918233344,0.0,4.757405266256253,3.0123,Below Average,8,8,129,0,0,0,1,2
2008,3,3,23,7.66,100.0,5,0,0,0,22,0,0,0.0,0.0,0.0,,22,0,0,0,277,0,1.4327596252566124,0.0,6.953569201408803,2.7347,Below Average,3,3,23,0,0,0,0,1
2015,13,6,48,48.0,150.0,4,2,0,0,34*,0,10,33.7,8.64,23.4,2/14,34,1,2,14,278,0,5.03670566182755,4.151606692895836,3.824612065038944,4.8545,Average,21,10,70,19,0,0,3,4
2019,1,1,6,6.0,40.0,0,0,0,0,6,0,2,14.0,7.0,12.0,2/14,6,0,2,14,278,0,0.18973690856310607,3.099975350122893,3.824612065038944,1.704,Poor,21,10,70,19,0,0,3,4
2021,2,1,14,0.0,233.33,2,1,0,0,14*,0,0,0.0,0.0,0.0,,14,1,0,0,278,0,0.0,0.0,3.824612065038944,0.6416,Poor,21,10,70,19,0,0,3,4
2022,5,2,2,1.0,25.0,0,0,0,0,2,3,7,20.0,7.77,15.42,12/2,2,0,12,2,278,0,0.007034226019245297,4.754150941624199,3.824612065038944,2.111,Poor,21,10,70,19,0,0,3,4
2024,9,9,330,36.67,234.04,32,28,4,0,84,5,0,0.0,0.0,0.0,,84,0,0,0,279,0,7.968146930896847,0.0,3.951269448397634,5.3609,Average,15,15,385,0,4,0,8,2
2025,6,6,55,9.17,105.76,7,2,0,0,38,3,0,0.0,0.0,0.0,,38,0,0,0,279,0,2.6034287092221717,0.0,3.951269448397634,2.1258,Poor,15,15,385,0,4,0,8,2
2012,2,2,14,14.0,107.69,0,0,0,0,11*,0,3,24.0,9.0,16.0,5/16,11,1,5,16,280,0,1.600554109489817,2.4273746179316538,5.569714384420573,2.8853,Below Average,59,45,527,58,0,0,0,6
2013,16,9,57,11.4,100.0,5,2,0,0,19*,0,28,15.25,6.75,13.53,5/16,19,1,5,16,280,0,2.8413612554869427,9.308228145187226,5.569714384420573,6.1781,Good,59,45,527,58,0,0,0,6
2014,13,12,181,45.25,192.55,8,16,0,0,41*,0,11,38.09,9.74,23.45,5/16,41,1,5,16,280,0,7.146342090454466,3.839694242434841,5.569714384420573,7.4237,Very Good,59,45,527,58,0,0,0,6
2015,13,11,144,18.0,132.11,12,5,0,0,46,0,8,53.25,9.46,33.75,5/16,46,0,5,16,280,0,5.024073101484753,2.6506412835146635,5.569714384420573,5.0361,Average,59,45,527,58,0,0,0,6
2016,7,5,77,25.66,130.5,7,0,0,0,32,0,2,83.5,9.82,51.0,5/16,32,0,5,16,280,0,4.637009981750587,0.6083869172130145,5.569714384420573,4.1334,Average,59,45,527,58,0,0,0,6
2017,8,6,54,13.5,94.73,4,0,0,0,21,0,6,43.0,9.79,26.33,5/16,21,0,5,16,280,0,2.9160574138863433,2.4695164181412137,5.569714384420573,3.6359,Below Average,59,45,527,58,0,0,0,6
2011,8,5,107,53.5,137.17,10,2,0,0,45*,0,3,33.0,9.73,20.33,2/18,45,1,2,18,281,0,6.17179739337582,1.8390207591286036,4.997998854701859,5.3561,Average,20,16,327,9,1,0,0,2
2012,12,11,220,24.44,98.65,15,6,1,0,79,0,6,20.16,8.06,15.0,2/18,79,0,2,18,281,0,5.627001084225341,4.309299443630333,4.997998854701859,5.9952,Good,20,16,327,9,1,0,0,2
2008,11,11,221,20.09,149.32,27,8,2,0,71,0,7,39.42,9.85,24.0,2/2,71,0,2,2,282,0,5.936354018157957,2.872770156130413,5.88718614769127,6.1132,Good,21,19,417,14,4,0,0,2
2011,10,8,196,39.2,124.05,22,3,2,0,55,0,7,38.85,8.5,27.42,2/2,55,0,2,2,282,0,6.4419196997115975,3.171423513968881,5.88718614769127,6.736,Good,21,19,417,14,4,0,0,2
2022,2,2,31,15.5,114.81,3,0,0,0,17,1,0,0.0,0.0,0.0,,17,0,0,0,283,0,2.6435154686442526,0.0,6.85171634801522,3.0543,Below Average,2,2,31,0,0,0,1,1
2020,10,2,15,15.0,115.38,2,0,0,0,11,0,11,29.09,9.01,19.36,2/19,11,0,2,19,284,0,1.8050287538080336,4.593838115552044,7.311723042807013,4.3009,Average,10,2,15,11,0,0,0,1
2025,3,2,15,0.0,214.28,1,1,0,0,11*,0,0,0.0,0.0,0.0,,11,1,0,0,285,0,0.0,0.0,3.7088429540152608,0.4956,Poor,13,8,151,14,0,0,1,2
2026,10,6,136,34.0,158.13,13,6,0,0,43*,1,14,17.78,8.89,12.0,18/4,43,1,18,4,285,0,6.072550758843035,6.378196193080013,3.7088429540152608,6.6112,Good,13,8,151,14,0,0,1,2
2010,6,4,8,8.0,72.72,0,0,0,0,4*,0,6,23.16,9.92,14.0,2/18,4,1,2,18,286,0,0.5389458560721379,3.5794568011905503,7.151699256297347,3.0687,Below Average,6,4,8,6,0,0,0,1
2023,12,2,6,0.0,66.66,0,0,0,0,3*,2,14,27.64,9.21,18.0,23/3,3,1,23,3,287,0,0.0,5.217345288115938,7.370867969875238,3.5051,Below Average,12,2,6,14,0,0,2,1
2014,1,1,16,16.0,133.33,2,1,0,0,16,0,1,35.0,11.66,18.0,4/52,16,0,4,52,288,0,2.0938349652161286,0.6109103689512995,5.8356521357479645,2.7134,Below Average,51,34,324,68,0,0,15,7
2016,4,4,22,5.5,115.78,2,1,0,0,13,0,2,51.5,7.92,39.0,4/52,13,0,4,52,288,0,1.2352766649852354,1.1121977596421466,5.8356521357479645,2.2883,Poor,51,34,324,68,0,0,15,7
2020,7,4,66,33.0,124.52,5,3,0,0,26*,0,14,16.64,8.32,12.0,4/52,26,1,4,52,288,0,4.705660283621807,6.7122907170425865,5.8356521357479645,6.858,Good,51,34,324,68,0,0,15,7
2021,8,7,85,14.16,118.05,2,6,0,0,47*,0,16,15.43,7.75,11.93,4/52,47,1,4,52,288,0,3.8387928503495425,7.430820026984498,5.8356521357479645,6.5019,Good,51,34,324,68,0,0,15,7
2022,12,8,58,9.67,131.81,2,6,0,0,16,4,14,27.92,9.42,17.78,31/3,16,0,31,3,288,0,3.0003446456422065,5.14059268459635,5.8356521357479645,4.7458,Average,51,34,324,68,0,0,15,7
2023,8,3,12,6.0,109.09,0,1,0,0,11,3,4,71.0,9.96,42.75,29/2,11,0,29,2,288,0,0.8175421326764031,1.2495959233147802,5.8356521357479645,2.2829,Poor,51,34,324,68,0,0,15,7
2026,11,7,65,13.0,125.0,3,3,0,0,23*,8,17,17.05,7.56,13.52,24/4,23,1,24,4,288,0,3.4522313259409456,7.393516348191158,5.8356521357479645,5.9756,Good,51,34,324,68,0,0,15,7
2017,3,3,59,29.5,147.5,9,1,0,0,31,0,0,0.0,0.0,0.0,,31,0,0,0,289,0,4.631096137522063,0.0,5.966243637412971,4.0339,Average,21,21,614,0,4,0,2,4
2018,5,5,120,30.0,127.65,9,7,1,0,91*,0,0,0.0,0.0,0.0,,91,1,0,0,289,0,5.428710807735615,0.0,5.966243637412971,4.4641,Average,21,21,614,0,4,0,2,4
2021,5,5,150,30.0,123.96,21,1,1,0,60,0,0,0.0,0.0,0.0,,60,0,0,0,289,0,5.696750985593011,0.0,5.966243637412971,4.6232,Average,21,21,614,0,4,0,2,4
2023,8,8,285,35.63,151.59,36,12,2,0,61,2,0,0.0,0.0,0.0,,61,0,0,0,289,0,7.112430609565646,0.0,5.966243637412971,5.8775,Good,21,21,614,0,4,0,2,4
2014,11,2,1,0.0,33.33,0,0,0,0,1*,0,5,60.2,7.58,47.6,4/14,1,1,4,14,290,0,0.0,2.062428701028508,5.5319992873232025,2.0468,Poor,126,26,75,148,0,0,2,9
2016,14,2,8,8.0,72.72,1,0,0,0,6,0,15,27.06,7.8,20.8,4/14,6,0,4,14,290,0,0.5389458560721379,5.8332379731661,5.5319992873232025,3.4,Below Average,126,26,75,148,0,0,2,9
2017,16,2,16,16.0,133.33,0,1,0,0,16*,0,20,21.95,7.39,17.8,4/14,16,1,4,14,290,0,2.0938349652161286,7.219424504336869,5.5319992873232025,4.855,Average,126,26,75,148,0,0,2,9
2018,14,3,10,10.0,90.9,1,0,0,0,6*,0,17,21.88,6.88,19.05,4/14,6,1,4,14,290,0,0.9119095344030209,6.99377250785493,5.5319992873232025,3.9144,Below Average,126,26,75,148,0,0,2,9
2019,16,3,0,0.0,0.0,0,0,0,0,0*,0,19,21.52,6.63,19.47,4/14,0,1,4,14,290,0,0.0,7.418552366123235,5.5319992873232025,3.4953,Below Average,126,26,75,148,0,0,2,9
2020,15,1,5,0.0,166.66,0,0,0,0,5*,0,27,14.96,6.73,13.33,4/14,5,1,4,14,290,0,0.0,9.270057798585208,5.5319992873232025,4.2026,Average,126,26,75,148,0,0,2,9
2021,14,7,16,8.0,94.11,2,0,0,0,5*,0,21,19.52,7.45,15.71,4/14,5,1,4,14,290,0,1.1149592168164655,7.629189656793729,5.5319992873232025,4.2824,Average,126,26,75,148,0,0,2,9
2024,13,4,12,0.0,100.0,1,0,0,0,8*,1,20,16.8,6.48,15.55,21/5,8,1,21,5,290,0,0.0,8.26140499881266,5.5319992873232025,3.8146,Below Average,126,26,75,148,0,0,2,9
2026,13,2,7,7.0,100.0,1,0,0,0,5*,1,4,102.5,8.36,73.5,15/1,5,1,15,1,290,0,0.562417646579841,1.067816117051362,5.5319992873232025,2.005,Poor,126,26,75,148,0,0,2,9
2018,4,2,8,8.0,133.33,0,1,0,0,6*,0,2,44.5,12.71,21.0,1/24,6,1,1,24,291,0,0.8701555117118149,0.8439647470405398,7.03257241222424,2.5293,Below Average,4,2,8,2,0,0,0,1
2016,5,2,6,3.0,60.0,0,0,0,0,5,0,2,62.5,7.35,51.0,1/23,5,0,1,23,292,0,0.14464164768246984,1.0074490460372474,3.7553773269550725,0.7593,Poor,10,5,40,4,0,0,0,2
2021,5,3,34,17.0,130.76,2,1,0,0,23,0,2,65.0,7.64,51.0,1/23,23,0,1,23,292,0,3.0278414940180287,0.9433407307239551,3.7553773269550725,2.5136,Below Average,10,5,40,4,0,0,0,2
2014,9,2,1,1.0,16.66,0,0,0,0,1*,0,9,30.0,8.66,20.77,5/25,1,1,5,25,293,0,0.0023477036545492547,4.170250868707082,5.285089473442948,2.5146,Below Average,83,31,199,80,0,0,4,10
2017,12,2,2,0.0,40.0,0,0,0,0,2*,0,24,13.41,7.02,11.45,5/25,2,1,5,25,293,0,0.0,9.134231626388905,5.285089473442948,3.9953,Below Average,83,31,199,80,0,0,4,10
2018,15,7,49,12.25,128.94,6,1,0,0,26,0,11,44.18,9.65,27.45,5/25,26,0,5,25,293,0,3.057471743195195,3.5550790682250937,5.285089473442948,3.99,Below Average,83,31,199,80,0,0,4,10
2019,11,4,1,1.0,33.33,0,0,0,0,1,0,10,39.8,10.66,22.4,5/25,1,0,5,25,293,0,0.004692911457903685,3.375713500418787,5.285089473442948,2.2902,Poor,83,31,199,80,0,0,4,10
2020,7,1,9,9.0,69.23,0,0,0,0,9,0,4,57.0,9.91,34.5,5/25,9,0,5,25,293,0,0.6278564668111855,1.492384720894774,5.285089473442948,1.9686,Poor,83,31,199,80,0,0,4,10
2021,6,3,41,20.5,141.37,3,2,0,0,24,0,4,42.0,7.63,33.0,5/25,24,0,5,25,293,0,3.604656499748514,2.258188870617282,5.285089473442948,3.9192,Below Average,83,31,199,80,0,0,4,10
2022,5,5,59,19.67,159.45,4,3,0,0,19*,1,6,31.66,9.5,20.0,32/2,19,1,32,2,293,0,4.189688281158887,3.0575453209635626,5.285089473442948,4.5236,Average,83,31,199,80,0,0,4,10
2023,3,1,9,9.0,128.57,1,0,0,0,9,0,0,0.0,0.0,0.0,,9,0,0,0,293,0,1.0064947650337763,0.0,5.285089473442948,1.6491,Poor,83,31,199,80,0,0,4,10
2024,11,5,24,8.0,92.3,2,1,0,0,8*,0,8,39.87,10.23,23.37,30/3,8,1,30,3,293,0,1.4380402345791437,3.0262173704535344,5.285089473442948,2.9894,Below Average,83,31,199,80,0,0,4,10
2026,4,1,4,0.0,133.33,0,0,0,0,4*,3,4,35.0,10.9,19.25,21/3,4,1,21,3,293,0,0.0,1.998879295269627,5.285089473442948,1.7588,Poor,83,31,199,80,0,0,4,10
2013,3,3,23,7.66,85.18,0,0,0,0,12,0,1,36.0,7.2,30.0,1/16,12,0,1,16,294,0,1.292694785329861,0.9094814824693526,6.953569201408803,2.6141,Below Average,3,3,23,1,0,0,0,1
2009,5,5,56,11.2,114.28,9,0,0,0,32,0,3,38.33,6.76,34.0,2/14,32,0,2,14,295,0,2.9620088744599067,2.1437911712990756,5.428276076391606,3.3686,Below Average,29,29,604,8,4,0,0,3
2011,13,13,292,22.46,148.22,37,11,2,0,60,0,4,29.5,7.69,23.0,2/14,60,0,2,14,295,0,6.469433851720905,2.8331573629605957,5.428276076391606,6.1432,Good,29,29,604,8,4,0,0,3
2012,11,11,256,25.6,120.75,23,8,2,0,86,0,1,70.0,10.0,42.0,2/14,86,0,2,14,295,0,6.182605473292423,0.37220964412971336,5.428276076391606,4.9552,Average,29,29,604,8,4,0,0,3
2021,3,2,15,7.5,62.5,2,0,0,0,15,0,3,39.0,10.63,22.0,2/41,15,0,2,41,296,0,0.7509667306527585,1.5175869050012112,3.640183921592693,1.4064,Poor,4,3,17,3,0,0,0,2
2024,1,1,2,2.0,100.0,0,0,0,0,2,0,0,0.0,0.0,0.0,,2,0,0,0,296,0,0.0553153012051216,0.0,3.640183921592693,0.398,Poor,4,3,17,3,0,0,0,2
2014,4,3,42,14.0,91.3,3,1,0,0,22,0,1,91.0,10.11,54.0,3/12,22,0,3,12,297,0,2.6110752680003992,0.28761604634920196,3.8465898672806724,2.2458,Poor,12,8,61,8,0,0,0,3
2020,5,3,19,9.5,105.55,0,1,0,0,10*,0,2,74.0,9.86,45.0,3/12,10,1,3,12,297,0,1.5041405217859833,0.6752446183906164,3.8465898672806724,1.6943,Poor,12,8,61,8,0,0,0,3
2021,3,2,0,0.0,0.0,0,0,0,0,0*,0,5,13.2,7.33,10.8,3/12,0,1,3,12,297,0,0.0,5.071219119222202,3.8465898672806724,2.2512,Poor,12,8,61,8,0,0,0,3
2022,12,10,234,29.25,163.63,22,12,0,0,44,9,0,0.0,0.0,0.0,,44,0,0,0,298,0,6.667272798970066,0.0,6.3919725779672465,5.7266,Good,71,59,1107,0,1,0,59,5
2023,14,14,309,23.77,156.06,22,21,0,0,49*,3,0,0.0,0.0,0.0,,49,1,0,0,298,0,6.6997035670963845,0.0,6.3919725779672465,5.7679,Good,71,59,1107,0,1,0,59,5
2024,14,12,187,17.0,131.69,9,12,0,0,32*,13,0,0.0,0.0,0.0,,32,1,0,0,298,0,5.300184431102095,0.0,6.3919725779672465,4.4188,Average,71,59,1107,0,1,0,59,5
2025,15,11,261,37.29,176.35,24,17,1,0,85*,19,0,0.0,0.0,0.0,,85,1,0,0,298,0,7.265022521965546,0.0,6.3919725779672465,6.1084,Good,71,59,1107,0,1,0,59,5
2026,16,12,116,12.89,122.1,9,6,0,0,23,15,0,0.0,0.0,0.0,,23,0,0,0,298,0,4.1716575104538025,0.0,6.3919725779672465,3.7091,Below Average,71,59,1107,0,1,0,59,5
2019,1,1,0,0.0,0.0,0,0,0,0,0*,0,0,0.0,0.0,0.0,,0,1,0,0,299,0,0.0,0.0,6.708162813864161,1.6976,Poor,1,1,0,0,0,0,0,1
2023,3,1,10,10.0,66.66,1,0,0,0,10,2,0,0.0,0.0,0.0,,10,0,0,0,300,0,0.720391301279651,0.0,6.953569201408803,2.2171,Poor,3,1,10,0,0,0,2,1
2018,10,8,15,3.0,71.42,2,0,0,0,8,0,15,21.66,8.36,15.53,3/15,8,0,3,15,301,0,0.39304489734479725,6.211135579575036,5.294325010830294,3.31,Below Average,68,42,326,84,0,0,9,6
2019,11,5,67,33.5,167.5,4,4,0,0,27*,0,11,26.45,6.76,23.45,3/15,27,1,3,15,301,0,5.152229666491928,5.483993048018768,5.294325010830294,6.3879,Good,68,42,326,84,0,0,9,6
2020,14,10,113,18.83,179.36,5,10,0,0,27*,0,20,18.25,6.55,16.7,3/15,27,1,3,15,301,0,5.172858379783555,8.014766786915143,5.294325010830294,7.6474,Very Good,68,42,326,84,0,0,9,6
2023,5,2,4,0.0,100.0,0,0,0,0,3*,0,2,95.0,9.5,60.0,35/1,3,1,35,1,301,0,0.0,0.5579516211220013,5.294325010830294,1.2396,Poor,68,42,326,84,0,0,9,6
2025,12,7,63,10.5,126.0,3,4,0,0,30,1,11,39.18,9.47,24.81,25/3,30,0,25,3,301,0,3.150404489291274,3.8394807556107495,5.294325010830294,4.1727,Average,68,42,326,84,0,0,9,6
2026,16,10,64,10.67,136.17,4,4,0,0,32,8,25,22.36,9.31,14.4,17/3,32,0,17,3,301,0,3.2889935705395135,7.151619607291146,5.294325010830294,5.545,Good,68,42,326,84,0,0,9,6
2008,8,3,16,8.0,145.45,1,1,0,0,16,0,8,29.87,9.68,18.5,2/27,16,0,2,27,302,0,1.482903795728331,3.6967717381401286,5.221226488695886,3.0439,Below Average,12,5,36,10,0,0,0,2
2009,4,2,20,20.0,111.11,0,1,0,0,16*,0,2,28.5,8.14,21.0,2/27,16,1,2,27,302,0,2.3899774793458044,1.7329691026585867,5.221226488695886,3.0379,Below Average,12,5,36,10,0,0,0,2
2009,3,3,47,23.5,117.5,5,0,0,0,37,0,3,24.66,6.16,24.0,3/6,37,0,3,6,303,0,3.719788659504231,3.0388972161516214,4.8326673874974,3.9727,Below Average,34,28,409,25,1,0,0,5
2011,10,9,230,46.0,116.16,20,2,1,0,67*,0,7,34.14,6.63,30.85,3/6,67,1,3,6,303,0,6.797160576387866,3.9279810066574465,4.8326673874974,6.8021,Good,34,28,409,25,1,0,0,5
2012,11,7,58,14.5,107.4,4,1,0,0,14*,0,9,33.0,7.24,27.33,3/6,14,1,3,6,303,0,3.252026257465986,4.353151561796738,4.8326673874974,4.2302,Average,34,28,409,25,1,0,0,5
2013,6,6,43,7.16,82.69,5,1,0,0,23,0,5,21.8,6.54,20.0,3/6,23,0,3,6,303,0,1.785205624992521,4.196845716834293,4.8326673874974,3.1323,Below Average,34,28,409,25,1,0,0,5
2015,4,3,31,10.33,206.66,5,1,0,0,17,0,1,81.0,8.1,60.0,3/6,17,0,3,6,303,0,2.8637308278759415,0.3954262568462072,4.8326673874974,2.75,Below Average,34,28,409,25,1,0,0,5
2011,3,3,18,9.0,112.5,1,1,0,0,14*,0,3,43.0,10.75,24.0,2/49,14,1,2,49,304,0,1.4634213687219908,1.3941861608692858,6.953569201408803,3.0326,Below Average,3,3,18,3,0,0,0,1
2019,10,10,445,55.62,157.24,48,18,2,1,114,0,0,0.0,0.0,0.0,,114,0,0,0,306,0,8.415073271725458,0.0,6.414268389580796,7.1577,Very Good,52,52,1674,0,9,2,11,6
2020,11,11,345,31.36,126.83,31,13,3,0,97,0,0,0.0,0.0,0.0,,97,0,0,0,306,0,6.951444244845818,0.0,6.414268389580796,5.8659,Good,52,52,1674,0,9,2,11,6
2021,7,7,248,41.33,141.71,20,15,2,0,63*,0,0,0.0,0.0,0.0,,63,1,0,0,306,0,7.03109399912168,0.0,6.414268389580796,5.9077,Good,52,52,1674,0,9,2,11,6
2022,11,11,253,23.0,144.57,34,9,2,0,66,2,0,0.0,0.0,0.0,,66,0,0,0,306,0,6.267812153606412,0.0,6.414268389580796,5.3442,Average,52,52,1674,0,9,2,11,6
2024,11,11,298,29.8,152.82,33,14,0,1,108*,8,0,0.0,0.0,0.0,,108,1,0,0,306,0,6.935955531078013,0.0,6.414268389580796,5.9579,Good,52,52,1674,0,9,2,11,6
2025,2,2,85,42.5,184.78,7,5,0,0,47,1,0,0.0,0.0,0.0,,47,0,0,0,306,0,5.945864576945031,0.0,6.414268389580796,5.0303,Average,52,52,1674,0,9,2,11,6
2016,14,14,255,23.18,138.58,23,11,0,0,41,0,0,0.0,0.0,0.0,,41,0,0,0,307,0,6.230678544510518,0.0,7.222498864484758,5.8156,Good,138,136,4646,0,28,7,54,11
2017,10,10,272,27.2,153.67,27,15,1,0,77,0,0,0.0,0.0,0.0,,77,0,0,0,307,0,6.6882675395897,0.0,7.222498864484758,6.0184,Good,138,136,4646,0,28,7,54,11
2018,13,13,548,54.8,155.24,52,21,5,0,95*,0,0,0.0,0.0,0.0,,95,1,0,0,307,0,8.669112718755366,0.0,7.222498864484758,7.8965,Very Good,138,136,4646,0,28,7,54,11
2019,8,8,311,38.87,151.7,38,14,3,0,89,0,0,0.0,0.0,0.0,,89,0,0,0,307,0,7.357870915694069,0.0,7.222498864484758,6.7266,Good,138,136,4646,0,28,7,54,11
2020,13,12,328,32.8,144.49,27,16,2,0,70*,0,0,0.0,0.0,0.0,,70,1,0,0,307,0,7.126157408740489,0.0,7.222498864484758,6.718,Good,138,136,4646,0,28,7,54,11
2021,7,7,254,36.28,153.01,27,13,0,1,124,0,0,0.0,0.0,0.0,,124,0,0,0,307,0,6.989502715711061,0.0,7.222498864484758,6.2706,Good,138,136,4646,0,28,7,54,11
2022,17,17,863,57.53,149.05,83,45,4,4,116,9,0,0.0,0.0,0.0,,116,0,0,0,307,0,9.319673363597508,0.0,7.222498864484758,8.4209,Very Good,138,136,4646,0,28,7,54,11
2023,14,14,392,28.0,139.0,42,14,4,0,95,9,0,0.0,0.0,0.0,,95,0,0,0,307,0,7.09993682932899,0.0,7.222498864484758,6.5117,Good,138,136,4646,0,28,7,54,11
2024,11,11,359,39.89,140.78,36,12,0,2,107*,3,0,0.0,0.0,0.0,,107,1,0,0,307,0,7.4907770038394625,0.0,7.222498864484758,6.8584,Good,138,136,4646,0,28,7,54,11
2025,14,13,538,59.78,163.03,52,24,5,0,97*,8,0,0.0,0.0,0.0,,97,1,0,0,307,0,8.834532073412865,0.0,7.222498864484758,8.0462,Very Good,138,136,4646,0,28,7,54,11
2026,17,17,526,37.57,152.46,51,26,4,0,60,25,0,0.0,0.0,0.0,,60,0,0,0,307,0,8.055102022872362,0.0,7.222498864484758,7.3381,Very Good,138,136,4646,0,28,7,54,11
2022,12,5,18,0.0,69.23,1,0,0,0,7*,0,20,18.85,8.1,13.95,25/4,7,1,25,4,308,0,0.0,7.3758070106318385,4.634142096766354,3.106,Below Average,15,6,19,23,0,0,0,2
2023,3,1,1,0.0,50.0,0,0,0,0,1*,0,3,25.33,8.44,18.0,15/2,1,1,15,2,308,0,0.0,2.444113560558094,4.634142096766354,1.7856,Poor,15,6,19,23,0,0,0,2
2025,11,11,278,30.89,162.57,26,16,1,0,73,9,0,0.0,0.0,0.0,,73,0,0,0,309,0,6.975580335318561,0.0,6.154874946766128,5.7664,Good,16,16,544,0,4,0,10,2
2026,5,5,266,53.2,186.01,32,12,3,0,85,1,0,0.0,0.0,0.0,,85,0,0,0,309,0,7.865301545575364,0.0,6.154874946766128,6.6328,Good,16,16,544,0,4,0,10,2
2020,5,5,78,19.5,101.29,9,1,0,0,33,0,0,0.0,0.0,0.0,,33,0,0,0,311,0,3.9457058636739344,0.0,7.0971227355598625,3.998,Below Average,5,5,78,0,0,0,0,1
2010,7,2,2,1.0,40.0,0,0,0,0,2,0,6,31.16,7.79,24.0,2/17,2,0,2,17,312,0,0.011237982911609849,3.4694553598802162,3.6361035294043758,1.6368,Poor,10,4,10,9,0,0,0,3
2012,2,1,7,0.0,116.66,1,0,0,0,7*,0,2,33.0,8.25,24.0,2/17,7,1,2,17,312,0,0.0,1.5352832496350226,3.6361035294043758,0.7894,Poor,10,4,10,9,0,0,0,3
2015,1,1,1,0.0,100.0,0,0,0,0,1*,0,1,40.0,10.0,24.0,2/17,1,1,2,17,312,0,0.0,0.6219974209214492,3.6361035294043758,0.6371,Poor,10,4,10,9,0,0,0,3
2022,15,15,616,51.33,135.38,45,30,4,2,103*,9,0,0.0,0.0,0.0,,103,1,0,0,313,0,8.54903589987179,0.0,6.839705409041006,7.6958,Very Good,65,65,2542,0,18,4,33,5
2023,9,9,274,34.25,113.22,28,4,2,0,74,4,0,0.0,0.0,0.0,,74,0,0,0,313,0,6.5936766418193,0.0,6.839705409041006,5.8537,Good,65,65,2542,0,18,4,33,5
2024,14,14,520,37.14,136.12,45,19,4,0,82,15,0,0.0,0.0,0.0,,82,0,0,0,313,0,7.863482154127343,0.0,6.839705409041006,6.8919,Good,65,65,2542,0,18,4,33,5
2025,13,13,539,53.9,149.72,52,21,3,1,112*,3,0,0.0,0.0,0.0,,112,1,0,0,313,0,8.571556443499027,0.0,6.839705409041006,7.508,Very Good,65,65,2542,0,18,4,33,5
2026,14,14,593,45.62,174.41,56,31,5,1,152*,2,0,0.0,0.0,0.0,,152,1,0,0,313,0,8.68601745685705,0.0,6.839705409041006,7.7035,Very Good,65,65,2542,0,18,4,33,5
2021,8,7,191,38.2,122.43,10,8,1,0,78*,0,0,0.0,0.0,0.0,,78,1,0,0,314,0,6.351469735642778,0.0,7.240676269710922,5.7573,Good,8,7,191,0,1,0,0,1
2016,5,2,13,13.0,118.18,0,1,0,0,12*,0,3,53.0,9.35,34.0,2/16,12,1,2,16,315,0,1.5481409740798084,1.3194738662846819,3.6332297712761115,1.7747,Poor,10,5,24,7,0,0,0,3
2017,4,2,2,1.0,28.57,0,0,0,0,1,0,4,31.75,8.46,22.5,2/16,1,0,2,16,315,0,0.008035856931543886,2.5420027189939036,3.6332297712761115,1.3062,Poor,10,5,24,7,0,0,0,3
2019,1,1,9,0.0,300.0,0,1,0,0,9*,0,0,0.0,0.0,0.0,,9,1,0,0,315,0,0.0,0.0,3.6332297712761115,0.4065,Poor,10,5,24,7,0,0,0,3
2013,5,2,20,10.0,125.0,4,0,0,0,12,0,0,0.0,0.0,0.0,,12,0,0,0,316,0,1.766846020114908,0.0,6.258125185322928,2.729,Below Average,94,85,3273,0,27,2,0,8
2014,11,8,166,20.75,101.21,12,3,0,0,46,0,0,0.0,0.0,0.0,,46,0,0,0,316,0,5.048624354151768,0.0,6.258125185322928,4.3199,Average,94,85,3273,0,27,2,0,8
2015,9,8,142,28.4,112.69,8,5,0,0,44*,0,0,0.0,0.0,0.0,,44,1,0,0,316,0,5.413357403697537,0.0,6.258125185322928,4.7196,Average,94,85,3273,0,27,2,0,8
2016,14,12,397,44.11,146.49,37,16,4,0,68*,0,0,0.0,0.0,0.0,,68,1,0,0,316,0,7.82908864082462,0.0,6.258125185322928,6.5815,Good,94,85,3273,0,27,2,0,8
2018,14,14,659,54.91,158.41,66,32,6,0,95*,0,0,0.0,0.0,0.0,,95,1,0,0,316,0,8.960024890357447,0.0,6.258125185322928,7.5907,Very Good,94,85,3273,0,27,2,0,8
2019,14,14,593,53.9,135.38,49,25,6,1,100*,0,0,0.0,0.0,0.0,,100,1,0,0,316,0,8.564236041014949,0.0,6.258125185322928,7.2238,Very Good,94,85,3273,0,27,2,0,8
2020,14,14,670,55.83,129.34,58,23,5,1,132*,0,0,0.0,0.0,0.0,,132,1,0,0,316,0,8.72132130430465,0.0,6.258125185322928,7.3472,Very Good,94,85,3273,0,27,2,0,8
2021,13,13,626,62.6,138.8,48,30,6,0,98*,0,0,0.0,0.0,0.0,,98,1,0,0,316,0,8.886175452706958,0.0,6.258125185322928,7.5267,Very Good,94,85,3273,0,27,2,0,8
2009,5,1,0,0.0,0.0,0,0,0,0,0*,0,2,43.5,7.25,36.0,4/19,0,1,4,19,318,0,0.0,1.368998003396495,2.9808473008088985,0.5415,Poor,7,3,2,3,0,0,0,2
2010,2,2,2,2.0,66.66,0,0,0,0,1*,0,1,51.0,7.28,42.0,4/19,1,1,4,19,318,0,0.037113199714171013,0.6647910515232781,2.9808473008088985,0.136,Poor,7,3,2,3,0,0,0,2
2017,6,3,55,18.33,85.93,5,1,0,0,44,0,6,31.33,8.81,21.33,4/21,44,0,4,21,319,0,3.1991288865809855,3.219267079104928,6.0958090070072295,4.1566,Average,95,35,262,141,0,0,12,8
2019,12,4,14,4.66,93.33,0,1,0,0,9,0,25,14.72,7.82,11.28,4/21,9,0,4,21,319,0,0.6706841996438906,8.705623028127942,6.0958090070072295,4.6521,Average,95,35,262,141,0,0,12,8
2020,17,8,56,14.0,114.28,4,2,0,0,15*,0,30,18.26,8.34,13.13,4/21,15,1,4,21,319,0,3.241756324722673,8.446218850616305,6.0958090070072295,6.5342,Good,95,35,262,141,0,0,12,8
2021,15,3,13,13.0,216.66,2,0,0,0,9*,0,15,30.4,8.14,22.4,4/21,9,1,4,21,319,0,2.1710351367779497,5.4485468776644295,6.0958090070072295,4.3514,Average,95,35,262,141,0,0,12,8
2022,13,8,48,9.6,111.62,5,2,0,0,25,2,23,17.65,8.45,12.52,33/4,25,0,33,4,319,0,2.5603472735787425,7.80088147232204,6.0958090070072295,5.7168,Good,95,35,262,141,0,0,12,8
2024,11,3,20,20.0,142.85,0,2,0,0,11*,5,11,33.81,8.85,22.9,18/2,11,1,18,2,319,0,2.6855991617319868,4.299599739711598,6.0958090070072295,4.3784,Average,95,35,262,141,0,0,12,8
2025,4,2,9,9.0,112.5,0,1,0,0,7*,0,2,81.0,11.57,42.0,41/1,7,1,41,1,319,0,0.9135708440040682,0.5391821312207589,6.0958090070072295,2.1724,Poor,95,35,262,141,0,0,12,8
2026,17,4,47,23.5,123.68,5,2,0,0,23*,5,29,21.58,9.68,13.37,25/3,23,1,25,3,319,0,3.7870318855538287,7.526605337174117,6.0958090070072295,6.5492,Good,95,35,262,141,0,0,12,8
2025,5,5,92,30.67,133.33,7,2,0,0,32*,1,2,30.0,8.57,21.0,4/1,32,1,4,1,320,0,5.153163051357358,1.6039915650601282,7.0971227355598625,5.668,Good,5,5,92,2,0,0,1,1
2020,10,6,22,7.33,70.96,1,0,0,0,8*,0,5,46.2,8.88,31.2,2/13,8,1,2,13,321,0,1.0758413352030567,2.2214284721137494,3.124400828832906,1.7786,Poor,11,7,22,5,0,0,0,2
2021,1,1,0,0.0,0.0,0,0,0,0,0*,0,0,0.0,0.0,0.0,,0,1,0,0,321,0,0.0,0.0,3.124400828832906,0.0927,Poor,11,7,22,5,0,0,0,2
2008,6,6,128,25.6,164.1,13,8,1,0,53*,0,0,0.0,0.0,0.0,,53,1,0,0,322,0,5.645928682773932,0.0,7.151699256297347,5.332,Average,6,6,128,0,1,0,0,1
2009,5,1,3,3.0,60.0,0,0,0,0,3,0,6,20.66,7.01,17.66,3/18,3,0,3,18,323,0,0.07417425603883662,4.564738032697035,7.0971227355598625,3.3098,Below Average,5,1,3,6,0,0,0,1
2013,3,2,34,17.0,94.44,2,1,0,0,26,0,2,50.5,8.53,35.5,3/13,26,0,3,13,324,0,2.630909136676997,1.0630447179516602,3.6164674002883297,2.4566,Poor,14,4,36,18,0,0,0,3
2014,7,1,1,1.0,50.0,0,0,0,0,1,0,9,22.88,7.62,18.0,3/13,1,0,3,13,324,0,0.007034226019245297,5.068742487965223,3.6164674002883297,2.1773,Poor,14,4,36,18,0,0,0,3
2016,4,1,1,0.0,100.0,0,0,0,0,1*,0,7,19.42,9.71,12.0,3/13,1,1,3,13,324,0,0.0,4.320941957204369,3.6164674002883297,1.9551,Poor,14,4,36,18,0,0,0,3
2015,2,2,31,31.0,114.81,1,1,0,0,26*,0,0,0.0,0.0,0.0,,26,1,0,0,325,0,3.5085128467640554,0.0,5.996161350185114,3.3193,Below Average,78,77,2128,0,18,0,11,9
2016,6,6,124,20.66,101.63,14,0,1,0,50,0,0,0.0,0.0,0.0,,50,0,0,0,325,0,4.650192661698929,0.0,5.996161350185114,3.937,Below Average,78,77,2128,0,18,0,11,9
2017,7,7,256,42.66,151.47,20,10,2,0,89,0,0,0.0,0.0,0.0,,89,0,0,0,325,0,7.213302013042986,0.0,5.996161350185114,5.9655,Good,78,77,2128,0,18,0,11,9
2018,17,17,735,52.5,142.44,64,28,8,0,84,0,0,0.0,0.0,0.0,,84,0,0,0,325,0,8.90089360207009,0.0,5.996161350185114,7.2394,Very Good,78,77,2128,0,18,0,11,9
2019,9,9,156,22.28,120.0,12,5,1,0,70*,0,0,0.0,0.0,0.0,,70,1,0,0,325,0,5.295039206148458,0.0,5.996161350185114,4.3603,Average,78,77,2128,0,18,0,11,9
2020,12,11,317,45.28,133.75,26,10,3,0,67,0,0,0.0,0.0,0.0,,67,0,0,0,325,0,7.422149637570506,0.0,5.996161350185114,6.1551,Good,78,77,2128,0,18,0,11,9
2021,10,10,266,44.33,113.19,29,2,2,0,66*,0,0,0.0,0.0,0.0,,66,1,0,0,325,0,6.9126646397648255,0.0,5.996161350185114,5.7437,Good,78,77,2128,0,18,0,11,9
2022,13,13,216,19.64,93.5,16,8,1,0,57,10,0,0.0,0.0,0.0,,57,0,0,0,325,0,5.2258982998790335,0.0,5.996161350185114,4.4883,Average,78,77,2128,0,18,0,11,9
2024,2,2,27,13.5,100.0,4,0,0,0,26,1,0,0.0,0.0,0.0,,26,0,0,0,325,0,2.1660177879249614,0.0,5.996161350185114,2.5739,Below Average,78,77,2128,0,18,0,11,9
2008,7,6,76,12.66,97.43,7,4,0,0,26,0,0,0.0,0.0,0.0,,26,0,0,0,326,0,3.299301669803241,0.0,5.628263423568001,2.966,Below Average,22,17,218,0,0,0,0,3
2009,9,9,124,15.5,93.23,9,4,0,0,38,0,0,0.0,0.0,0.0,,38,0,0,0,326,0,4.1466772722125365,0.0,5.628263423568001,3.5197,Below Average,22,17,218,0,0,0,0,3
2010,6,2,18,18.0,90.0,1,1,0,0,17*,0,0,0.0,0.0,0.0,,17,1,0,0,326,0,1.925240318966543,0.0,5.628263423568001,2.3934,Poor,22,17,218,0,0,0,0,3
2022,1,1,4,4.0,100.0,1,0,0,0,4,0,0,0.0,0.0,0.0,,4,0,0,0,327,0,0.20932554836260303,0.0,4.265293554611215,0.7531,Poor,3,3,16,0,0,0,0,2
2023,2,2,12,6.0,57.14,0,0,0,0,9,0,0,0.0,0.0,0.0,,9,0,0,0,327,0,0.4859926231761438,0.0,4.265293554611215,0.9836,Poor,3,3,16,0,0,0,0,2
2014,5,1,1,0.0,100.0,0,0,0,0,1*,0,11,14.9,8.2,10.9,4/54,1,1,4,54,328,0,0.0,6.419165610041846,3.5452940648319915,2.4647,Poor,9,4,12,12,0,0,0,2
2015,4,3,11,11.0,68.75,1,0,0,0,5*,0,1,157.0,11.21,84.0,4/54,5,1,4,54,328,0,0.8537470009138503,0.1540434999281867,3.5452940648319915,0.9078,Poor,9,4,12,12,0,0,0,2
2013,13,7,85,21.25,98.83,6,2,0,0,39*,0,11,20.9,6.6,19.0,4/16,39,1,4,16,329,0,4.141626014780047,6.11669893072621,5.437139088018073,5.7883,Good,77,39,351,73,0,0,6,8
2014,14,8,42,10.5,144.82,1,3,0,0,17*,0,15,25.06,7.42,20.26,4/16,17,1,4,16,329,0,2.8202426539849257,6.145254634913579,5.437139088018073,4.8567,Average,77,39,351,73,0,0,6,8
2015,14,9,104,17.33,122.35,3,6,0,0,32,0,10,33.2,8.33,23.9,4/16,32,0,4,16,329,0,4.4253211443949105,4.263398538026115,5.437139088018073,5.2685,Average,77,39,351,73,0,0,6,8
2016,5,3,36,0.0,120.0,3,1,0,0,26*,0,0,0.0,0.0,0.0,,26,1,0,0,329,0,0.0,0.0,5.437139088018073,1.0454,Poor,77,39,351,73,0,0,6,8
2017,9,6,49,8.16,119.51,5,2,0,0,19,0,13,16.46,6.97,14.15,4/16,19,0,4,16,329,0,2.473970687780299,7.002426818303611,5.437139088018073,4.9208,Average,77,39,351,73,0,0,6,8
2023,7,2,3,1.5,60.0,0,0,0,0,2,0,10,22.3,10.37,12.9,19/2,2,0,19,2,329,0,0.03757469756421392,4.661372797871255,5.437139088018073,2.6234,Below Average,77,39,351,73,0,0,6,8
2024,9,3,31,10.33,206.66,2,3,0,0,20,5,7,36.28,10.58,20.57,29/2,20,0,29,2,329,0,2.8637308278759415,2.89345376333569,5.437139088018073,3.6586,Below Average,77,39,351,73,0,0,6,8
2025,6,1,1,0.0,100.0,0,0,0,0,1*,1,7,18.28,8.53,12.85,23/3,1,1,23,3,329,0,0.0,4.746410361811951,5.437139088018073,2.7883,Below Average,77,39,351,73,0,0,6,8
2026,11,11,295,32.78,136.57,24,16,2,0,71,1,0,0.0,0.0,0.0,,71,0,0,0,330,0,6.897834225044061,0.0,7.342529123104505,6.3615,Good,11,11,295,0,2,0,1,1
2020,10,3,4,4.0,66.66,0,0,0,0,2*,0,9,40.77,9.61,25.44,2/29,2,1,2,29,331,0,0.1429298484168439,3.325520094342961,5.413556205299076,2.3126,Poor,30,10,24,32,0,0,3,4
2021,4,2,2,2.0,50.0,0,0,0,0,1*,0,4,31.0,8.85,21.0,2/29,1,1,2,29,331,0,0.02792882141790685,2.5068616982650487,5.413556205299076,1.8542,Poor,30,10,24,32,0,0,3,4
2022,2,2,7,3.5,116.66,1,0,0,0,7,0,1,79.0,9.87,48.0,42/1,7,0,42,1,331,0,0.3545563321260376,0.33635196502804493,5.413556205299076,1.4715,Poor,30,10,24,32,0,0,3,4
2026,14,3,11,3.67,110.0,1,1,0,0,6,3,18,27.66,9.76,17.0,22/3,6,0,22,3,331,0,0.5182584418280796,5.678014119397613,5.413556205299076,3.1522,Below Average,30,10,24,32,0,0,3,4
2013,2,2,9,4.5,75.0,0,0,0,0,9,0,0,0.0,0.0,0.0,,9,0,0,0,332,0,0.374090392700041,0.0,5.857697546156503,1.5549,Poor,86,78,1712,0,11,0,4,11
2014,11,11,330,33.0,142.24,38,9,3,0,73*,0,0,0.0,0.0,0.0,,73,1,0,0,332,0,7.1212016980713555,0.0,5.857697546156503,5.8713,Good,86,78,1712,0,11,0,4,11
2015,14,12,181,16.45,124.82,18,5,1,0,61,0,0,0.0,0.0,0.0,,61,0,0,0,332,0,5.1363971456565185,0.0,5.857697546156503,4.2619,Average,86,78,1712,0,11,0,4,11
2016,14,12,357,35.7,120.2,40,6,3,0,83*,0,0,0.0,0.0,0.0,,83,1,0,0,332,0,7.105686222168454,0.0,5.857697546156503,5.849,Good,86,78,1712,0,11,0,4,11
2017,14,13,281,21.61,124.33,39,6,1,0,64,0,0,0.0,0.0,0.0,,64,0,0,0,332,0,6.11710690784423,0.0,5.857697546156503,4.9616,Average,86,78,1712,0,11,0,4,11
2018,13,12,301,25.08,136.19,23,13,2,0,54,0,0,0.0,0.0,0.0,,54,0,0,0,332,0,6.547693861926993,0.0,5.857697546156503,5.3222,Average,86,78,1712,0,11,0,4,11
2019,1,1,5,5.0,83.33,0,0,0,0,5,0,0,0.0,0.0,0.0,,5,0,0,0,332,0,0.26688950513480386,0.0,5.857697546156503,1.553,Poor,86,78,1712,0,11,0,4,11
2020,4,3,16,8.0,114.28,2,0,0,0,15*,0,0,0.0,0.0,0.0,,15,1,0,0,332,0,1.2711462268802542,0.0,5.857697546156503,2.0839,Poor,86,78,1712,0,11,0,4,11
2022,3,2,16,8.0,88.88,1,0,0,0,13,1,0,0.0,0.0,0.0,,13,0,0,0,332,0,1.07146927402928,0.0,5.857697546156503,2.134,Poor,86,78,1712,0,11,0,4,11
2025,8,8,198,24.75,172.17,24,10,1,0,89,2,0,0.0,0.0,0.0,,89,0,0,0,332,0,6.271892347890845,0.0,5.857697546156503,4.8816,Average,86,78,1712,0,11,0,4,11
2026,2,2,18,9.0,100.0,3,0,0,0,13,1,0,0.0,0.0,0.0,,13,0,0,0,332,0,1.3584219463942582,0.0,5.857697546156503,1.9914,Poor,86,78,1712,0,11,0,4,11
2010,5,5,76,25.33,135.71,7,2,1,0,50*,0,0,0.0,0.0,0.0,,50,1,0,0,333,0,4.654842410159599,0.0,6.047878151468895,4.0086,Average,95,81,1208,0,4,0,1,12
2011,6,4,18,6.0,78.26,1,0,0,0,12,0,0,0.0,0.0,0.0,,12,0,0,0,333,0,0.8639748930782,0.0,6.047878151468895,1.9615,Poor,95,81,1208,0,4,0,1,12
2013,12,10,152,21.71,122.58,8,5,0,0,31,0,0,0.0,0.0,0.0,,31,0,0,0,333,0,5.2528807376655795,0.0,6.047878151468895,4.4667,Average,95,81,1208,0,4,0,1,12
2014,10,10,149,29.8,147.52,13,7,0,0,37,0,0,0.0,0.0,0.0,,37,0,0,0,333,0,5.919602011533703,0.0,6.047878151468895,4.9463,Average,95,81,1208,0,4,0,1,12
2015,14,12,189,23.62,135.0,16,7,1,0,63*,0,0,0.0,0.0,0.0,,63,1,0,0,333,0,5.803956188839587,0.0,6.047878151468895,4.7644,Average,95,81,1208,0,4,0,1,12
2016,4,3,42,0.0,131.25,2,2,0,0,25*,0,0,0.0,0.0,0.0,,25,1,0,0,333,0,0.0,0.0,6.047878151468895,1.5311,Poor,95,81,1208,0,4,0,1,12
2017,13,13,267,22.25,143.54,25,10,1,0,69,0,0,0.0,0.0,0.0,,69,0,0,0,333,0,6.286709120710049,0.0,6.047878151468895,5.2515,Average,95,81,1208,0,4,0,1,12
2018,1,1,24,0.0,109.09,1,2,0,0,24*,0,0,0.0,0.0,0.0,,24,1,0,0,333,0,0.0,0.0,6.047878151468895,1.4558,Poor,95,81,1208,0,4,0,1,12
2019,14,12,162,18.0,95.85,19,3,1,0,58,0,0,0.0,0.0,0.0,,58,0,0,0,333,0,4.74665673042405,0.0,6.047878151468895,4.191,Average,95,81,1208,0,4,0,1,12
2020,8,5,62,20.66,93.93,7,0,0,0,26,0,0,0.0,0.0,0.0,,26,0,0,0,333,0,3.6209333446679453,0.0,6.047878151468895,3.4046,Below Average,95,81,1208,0,4,0,1,12
2021,6,5,55,13.75,105.76,2,2,0,0,19,0,0,0.0,0.0,0.0,,19,0,0,0,333,0,3.0985785477224477,0.0,6.047878151468895,3.0504,Below Average,95,81,1208,0,4,0,1,12
2023,2,1,12,0.0,120.0,1,0,0,0,12*,1,0,0.0,0.0,0.0,,12,1,0,0,333,0,0.0,0.0,6.047878151468895,1.5012,Poor,95,81,1208,0,4,0,1,12
2019,8,6,18,3.6,75.0,1,1,0,0,7,0,9,26.33,8.72,18.11,3/17,7,0,3,17,334,0,0.5586263556052729,4.441183045706094,7.240676269710922,3.5057,Below Average,8,6,18,9,0,0,0,1
2010,2,1,10,10.0,111.11,1,0,0,0,10,0,0,0.0,0.0,0.0,,10,0,0,0,335,0,1.053833427418315,0.0,6.85171634801522,2.3599,Poor,2,1,10,0,0,0,0,1
2024,2,1,1,1.0,50.0,0,0,0,0,1,1,2,19.5,6.5,18.0,23/2,1,0,23,2,336,0,0.007034226019245297,2.6396385279298107,6.85171634801522,2.6561,Below Average,2,1,1,2,0,0,1,1
2009,6,6,93,15.5,109.41,8,2,0,0,37,0,4,21.25,6.53,19.5,2/31,37,0,2,31,337,0,3.97675953014107,3.7811818499151033,5.752767600581788,4.6841,Average,36,36,1001,7,4,1,0,5
2010,7,7,236,59.0,150.31,23,8,2,0,66*,0,3,25.66,7.7,20.0,2/31,66,1,2,31,337,0,7.543300654017488,2.574490586693892,5.752767600581788,7.1495,Very Good,36,36,1001,7,4,1,0,5
2012,8,8,305,61.0,147.34,22,20,1,1,103*,0,0,0.0,0.0,0.0,,103,1,0,0,337,0,7.922312289120787,0.0,5.752767600581788,6.2263,Good,36,36,1001,7,4,1,0,5
2014,11,11,294,29.4,126.18,34,7,1,0,58,0,0,0.0,0.0,0.0,,58,0,0,0,337,0,6.63019907734148,0.0,5.752767600581788,5.3044,Average,36,36,1001,7,4,1,0,5
2016,4,4,73,36.5,119.67,4,3,0,0,37,0,0,0.0,0.0,0.0,,37,0,0,0,337,0,4.926454763605465,0.0,5.752767600581788,4.0887,Average,36,36,1001,7,4,1,0,5
2012,6,4,38,19.0,190.0,3,3,0,0,14,0,10,17.4,7.25,14.4,4/26,14,0,4,26,338,0,3.792556874662409,6.101934353104603,6.569657339929303,6.0368,Good,25,14,116,33,0,0,0,3
2013,14,5,39,9.75,177.27,4,2,0,0,26,0,19,23.63,8.31,17.05,4/26,26,0,4,26,338,0,2.886287885402444,6.600592723176009,6.569657339929303,5.6274,Good,25,14,116,33,0,0,0,3
2014,5,5,39,13.0,150.0,2,3,0,0,32,0,4,33.5,7.44,27.0,4/26,32,0,4,26,338,0,3.0355777734944214,2.668648585465153,6.569657339929303,4.1146,Average,25,14,116,33,0,0,0,3
2019,9,1,0,0.0,0.0,0,0,0,0,0*,0,19,15.1,8.23,11.0,3/21,0,1,3,21,339,0,0.0,7.778286903677508,3.8560857179147945,3.1857,Below Average,37,5,2,47,0,0,1,4
2020,7,1,0,0.0,0.0,0,0,0,0,0*,0,8,30.25,9.42,19.25,3/21,0,1,3,21,339,0,0.0,3.7266917766194005,3.8560857179147945,1.9558,Poor,37,5,2,47,0,0,1,4
2021,7,1,1,1.0,50.0,0,0,0,0,1,0,5,43.8,8.11,32.4,3/21,1,0,3,21,339,0,0.007034226019245297,2.449106450215425,3.8560857179147945,1.3401,Poor,37,5,2,47,0,0,1,4
2025,14,2,1,0.0,50.0,0,0,0,0,1*,1,15,29.8,9.57,18.66,29/3,1,1,29,3,339,0,0.0,5.112529742428174,3.8560857179147945,2.2138,Poor,37,5,2,47,0,0,1,4
2010,14,14,273,22.75,185.71,23,17,0,0,45*,0,15,18.26,7.4,14.8,4/44,45,1,4,44,340,0,6.708396382417941,6.949850762642976,7.248894353476079,9.047,Excellent,189,171,3412,69,16,0,7,13
2011,16,13,146,14.6,109.77,12,6,0,0,28,0,10,36.1,8.49,25.5,4/44,28,0,4,44,340,0,4.5054278543545845,4.041544130352196,7.248894353476079,6.0146,Good,189,171,3412,69,16,0,7,13
2012,14,11,220,24.44,138.36,15,14,2,0,64,0,16,21.87,7.98,16.43,4/44,64,0,4,44,340,0,6.096588476641282,6.464702212024305,7.248894353476079,8.4488,Very Good,189,171,3412,69,16,0,7,13
2013,18,18,420,42.0,149.46,27,29,3,0,66*,0,10,29.2,9.41,18.6,4/44,66,1,4,44,340,0,7.867546759090923,4.2775396855901064,7.248894353476079,8.705,Excellent,189,171,3412,69,16,0,7,13
2014,15,15,273,34.12,134.48,15,15,1,0,78,0,2,131.0,10.48,75.0,4/44,78,0,4,44,340,0,6.823857531994021,0.37908405872323014,7.248894353476079,6.4448,Good,189,171,3412,69,16,0,7,13
2015,16,14,419,38.09,163.67,28,28,2,0,70,0,3,40.0,9.47,25.33,4/44,70,0,4,44,340,0,7.854510806083685,1.625959596204821,7.248894353476079,7.8591,Very Good,189,171,3412,69,16,0,7,13
2016,13,12,207,25.87,143.75,11,16,1,0,51*,0,0,0.0,0.0,0.0,,51,1,0,0,340,0,6.144153027704351,0.0,7.248894353476079,5.6676,Good,189,171,3412,69,16,0,7,13
2017,17,16,385,29.61,139.49,26,22,3,0,70,0,0,0.0,0.0,0.0,,70,0,0,0,340,0,7.157964565856755,0.0,7.248894353476079,6.5654,Good,189,171,3412,69,16,0,7,13
2018,9,8,133,19.0,133.0,10,7,1,0,50,0,0,0.0,0.0,0.0,,50,0,0,0,340,0,4.998478212652993,0.0,7.248894353476079,4.8103,Average,189,171,3412,69,16,0,7,13
2019,16,14,279,34.87,156.74,14,22,1,0,83,0,0,0.0,0.0,0.0,,83,0,0,0,340,0,7.099217664720737,0.0,7.248894353476079,6.5444,Good,189,171,3412,69,16,0,7,13
2020,16,12,268,53.6,191.42,15,22,1,0,60*,0,4,47.5,9.04,31.5,4/44,60,1,4,44,340,0,7.92663696516729,1.8350044074248182,7.248894353476079,8.0302,Very Good,189,171,3412,69,16,0,7,13
2021,14,13,245,30.62,148.48,16,16,1,0,87*,0,5,19.0,7.21,15.8,4/44,87,1,4,44,340,0,6.659659299789618,4.283853416974727,7.248894353476079,8.2662,Very Good,189,171,3412,69,16,0,7,13
2022,11,11,144,14.4,107.46,6,9,0,0,25,7,4,31.25,8.92,21.0,8/2,25,0,8,2,340,0,4.439415659829567,2.480640182840998,7.248894353476079,5.4111,Average,189,171,3412,69,16,0,7,13
2026,3,2,10,10.0,47.61,0,0,0,0,7,1,0,0.0,0.0,0.0,,7,0,0,0,341,0,0.5491988481053468,0.0,6.953569201408803,2.1427,Poor,3,2,10,0,0,0,1,1
2012,1,1,11,0.0,137.5,0,1,0,0,11*,0,0,0.0,0.0,0.0,,11,1,0,0,343,0,0.0,0.0,6.708162813864161,1.7024,Poor,1,1,11,0,0,0,0,1
2018,15,13,126,14.0,196.87,9,9,0,0,33*,0,11,28.36,7.8,21.81,2/12,33,1,2,12,344,0,5.043347876130518,4.981693331326903,4.912564149748914,5.6953,Good,31,26,247,16,0,0,6,4
2019,7,4,18,6.0,94.73,1,1,0,0,9,0,1,166.0,8.3,120.0,2/12,9,0,2,12,344,0,0.9937717793074348,0.19530550679132602,4.912564149748914,1.6227,Poor,31,26,247,16,0,0,6,4
2020,2,2,42,42.0,155.55,3,2,0,0,22*,0,1,84.0,10.5,48.0,2/12,22,1,2,12,344,0,4.721547788692334,0.2993680864883301,4.912564149748914,3.769,Below Average,31,26,247,16,0,0,6,4
2023,7,7,61,15.25,164.86,2,5,0,0,23,6,3,39.33,7.37,32.0,10/1,23,0,10,1,344,0,3.939666160259099,1.9804242364017197,4.912564149748914,3.8879,Below Average,31,26,247,16,0,0,6,4
2016,12,9,237,39.5,191.12,22,13,1,0,86,0,6,39.33,7.57,31.16,3/14,86,0,3,14,345,0,7.323284896881068,3.0764510337918622,7.245733062917594,8.1804,Very Good,158,127,1982,107,3,0,26,11
2017,13,11,243,34.71,135.75,24,7,0,0,47,0,10,27.3,6.82,24.0,3/14,47,0,3,14,345,0,6.698162975127434,5.161632949025263,7.245733062917594,8.5435,Excellent,158,127,1982,107,3,0,26,11
2018,14,13,228,22.8,145.22,22,10,0,0,41*,0,12,23.66,7.07,20.08,3/14,41,1,3,14,345,0,6.116975841749131,5.856197676781358,7.245733062917594,8.4148,Very Good,158,127,1982,107,3,0,26,11
2019,16,15,183,16.63,122.0,18,5,0,0,42,0,12,27.91,7.28,23.0,3/14,42,0,3,14,345,0,5.135051614742601,5.3863881889041565,7.245733062917594,7.4067,Very Good,158,127,1982,107,3,0,26,11
2020,16,12,109,18.16,118.47,9,5,0,0,34,0,6,63.33,7.57,50.16,3/14,34,0,3,14,345,0,4.508422006184671,2.2623239225777954,7.245733062917594,5.4954,Average,158,127,1982,107,3,0,26,11
2021,13,12,143,14.3,116.26,10,6,0,0,39,0,5,53.0,7.98,39.8,3/14,39,0,3,14,345,0,4.5269645495287785,2.1751274980498643,7.245733062917594,5.5703,Good,158,127,1982,107,3,0,26,11
2022,14,13,183,20.33,126.2,16,4,0,0,42,7,10,26.5,6.97,22.8,19/3,42,0,19,3,345,0,5.458353696501784,5.180411589015366,7.245733062917594,7.7993,Very Good,158,127,1982,107,3,0,26,11
2023,15,14,188,18.8,113.93,15,6,0,0,49*,8,9,34.77,7.45,28.0,18/3,49,1,18,3,345,0,5.246640332447216,4.176619051721219,7.245733062917594,6.8009,Good,158,127,1982,107,3,0,26,11
2024,14,12,133,33.25,126.66,8,5,0,0,43*,3,6,42.5,7.72,33.0,11/3,43,1,11,3,345,0,5.70245762466901,2.898430202420049,7.245733062917594,6.6211,Good,158,127,1982,107,3,0,26,11
2025,15,7,109,18.17,126.74,9,4,1,0,73*,6,17,22.29,8.23,16.23,45/4,73,1,45,4,345,0,4.600567964463337,6.491746165997926,7.245733062917594,7.597,Very Good,158,127,1982,107,3,0,26,11
2026,16,9,226,37.67,145.8,20,11,1,0,73,2,14,30.35,8.41,21.64,16/2,73,0,16,2,345,0,6.811074767391412,5.211063012959032,7.245733062917594,8.3796,Very Good,158,127,1982,107,3,0,26,11
2017,12,2,20,10.0,90.9,2,0,0,0,16,0,12,28.33,8.29,20.5,4/20,16,0,4,20,347,0,1.461170994245943,5.044828575334269,5.695045659928958,3.562,Below Average,107,42,210,106,0,0,8,9
2018,16,3,12,12.0,50.0,1,0,0,0,7*,0,17,24.58,8.14,18.11,4/20,7,1,4,20,347,0,0.7648721577452766,6.274309905725142,5.695045659928958,3.619,Below Average,107,42,210,106,0,0,8,9
2019,9,4,12,6.0,150.0,1,0,0,0,10*,0,4,71.5,8.66,49.5,4/20,10,1,4,20,347,0,1.0329019382024756,1.3891202413589074,5.695045659928958,2.3679,Poor,107,42,210,106,0,0,8,9
2020,5,2,13,13.0,61.9,1,0,0,0,12,0,1,92.0,7.66,72.0,4/20,12,0,4,20,347,0,1.009733309777703,0.3698749955414855,5.695045659928958,2.0116,Poor,107,42,210,106,0,0,8,9
2022,14,7,48,48.0,92.3,3,2,0,0,16*,4,21,19.95,8.43,14.19,14/4,16,1,14,4,347,0,4.37642595210087,7.252079176965191,5.695045659928958,6.6885,Good,107,42,210,106,0,0,8,9
2023,14,10,31,15.5,64.58,2,0,0,0,10*,1,10,36.1,7.36,29.4,15/2,10,1,15,2,347,0,1.9910540427893402,4.351249678548437,5.695045659928958,3.7155,Below Average,107,42,210,106,0,0,8,9
2024,11,5,47,15.67,114.63,6,1,0,0,35*,2,16,23.37,8.69,16.12,55/4,35,1,55,4,347,0,3.166551014502973,6.0867152673827185,5.695045659928958,5.1405,Average,107,42,210,106,0,0,8,9
2025,14,5,18,6.0,112.5,2,0,0,0,7,0,15,24.06,7.07,20.4,22/3,7,0,22,3,347,0,1.1215916972651632,6.367135540039165,5.695045659928958,3.8305,Below Average,107,42,210,106,0,0,8,9
2026,12,4,9,3.0,42.85,0,0,0,0,4,1,10,38.1,10.29,22.2,29/3,4,0,29,3,347,0,0.1544026615362685,3.532080795372561,5.695045659928958,2.6698,Below Average,107,42,210,106,0,0,8,9
2021,1,1,0,0.0,0.0,0,0,0,0,0*,0,0,0.0,0.0,0.0,,0,1,0,0,348,0,0.0,0.0,6.708162813864161,1.7334,Poor,1,1,0,0,0,0,0,1
2022,4,1,3,3.0,60.0,0,0,0,0,3,0,5,20.4,7.84,15.6,22/2,3,0,22,2,350,0,0.07417425603883662,3.950819709133314,5.048879672047889,2.4435,Poor,16,4,12,12,0,0,1,3
2023,8,1,6,6.0,85.71,1,0,0,0,6,1,5,45.4,8.73,31.2,37/2,6,0,37,2,350,0,0.3792798267795621,2.2746685249507004,5.048879672047889,1.9743,Poor,16,4,12,12,0,0,1,3
2025,4,2,3,1.5,60.0,0,0,0,0,2,0,2,39.0,9.75,24.0,21/1,2,0,21,1,350,0,0.03757469756421392,1.1780526005477163,5.048879672047889,1.4644,Poor,16,4,12,12,0,0,1,3
2024,4,3,3,1.0,42.85,0,0,0,0,2,1,0,0.0,0.0,0.0,,2,0,0,0,351,0,0.018014627478239315,0.0,3.306907321276138,0.0846,Poor,5,4,21,0,0,0,2,2
2026,1,1,18,18.0,128.57,3,0,0,0,18,1,0,0.0,0.0,0.0,,18,0,0,0,351,0,2.315858677079747,0.0,3.306907321276138,1.5294,Poor,5,4,21,0,0,0,2,2
2008,10,9,320,35.55,161.61,41,8,4,0,94,0,0,0.0,0.0,0.0,,94,0,0,0,352,0,7.36141507561062,0.0,6.48331189807259,6.1345,Good,71,68,1687,0,10,0,0,6
2009,14,13,332,30.18,102.46,29,5,2,0,60,0,0,0.0,0.0,0.0,,60,0,0,0,352,0,6.545675469310029,0.0,6.48331189807259,5.4969,Average,71,68,1687,0,10,0,0,6
2010,13,12,357,29.75,138.91,47,5,2,0,56,0,0,0.0,0.0,0.0,,56,0,0,0,352,0,7.052933810050218,0.0,6.48331189807259,5.8411,Good,71,68,1687,0,10,0,0,6
2011,13,13,358,27.53,122.18,44,5,1,0,65,0,0,0.0,0.0,0.0,,65,0,0,0,352,0,6.768645392749288,0.0,6.48331189807259,5.7172,Good,71,68,1687,0,10,0,0,6
2012,12,12,200,18.18,108.69,21,4,1,0,82,0,0,0.0,0.0,0.0,,82,0,0,0,352,0,5.220851309355497,0.0,6.48331189807259,4.6786,Average,71,68,1687,0,10,0,0,6
2013,9,9,120,13.33,88.23,13,0,0,0,28,0,0,0.0,0.0,0.0,,28,0,0,0,352,0,3.829934197119076,0.0,6.48331189807259,3.7188,Below Average,71,68,1687,0,10,0,0,6
2025,1,1,20,20.0,200.0,1,2,0,0,20,1,0,0.0,0.0,0.0,,20,0,0,0,353,0,3.0988763216938224,0.0,6.708162813864161,3.4142,Below Average,1,1,20,0,0,0,1,1
2013,2,2,14,7.0,107.69,3,0,0,0,14,0,0,0.0,0.0,0.0,,14,0,0,0,354,0,1.016096228865805,0.0,6.85171634801522,2.3608,Poor,2,2,14,0,0,0,0,1
2016,5,3,13,13.0,162.5,0,1,0,0,12*,0,2,88.5,11.06,48.0,1/38,12,1,1,38,356,0,1.8627396994394083,0.5182481924857698,7.0971227355598625,3.0411,Below Average,5,3,13,2,0,0,0,1
2021,9,7,65,16.25,118.18,5,3,0,0,16*,0,9,29.88,9.6,18.66,3/41,16,1,3,41,357,0,3.6689258748705775,3.958442633513088,4.671199516305748,4.1634,Average,11,8,77,11,0,0,0,2
2026,2,1,12,12.0,92.3,1,1,0,0,12,0,2,45.0,12.85,21.0,42/1,12,0,42,1,357,0,1.1924454880775093,0.82798293262431,4.671199516305748,1.9194,Poor,11,8,77,11,0,0,0,2
2023,13,13,379,29.15,144.1,38,22,4,0,73,2,0,0.0,0.0,0.0,,73,0,0,0,358,0,7.159576671925073,0.0,7.397105643841989,6.7053,Good,13,13,379,0,4,0,2,1
2008,3,3,40,20.0,153.84,5,1,0,0,23*,0,0,0.0,0.0,0.0,,23,1,0,0,359,0,3.6504406108017005,0.0,6.953569201408803,3.763,Below Average,3,3,40,0,0,0,0,1
2008,9,1,0,0.0,0.0,0,0,0,0,0*,0,11,26.0,8.66,18.0,5/24,0,1,5,24,360,0,0.0,4.940659303193835,4.580143355277306,2.481,Poor,65,15,36,65,0,0,0,6
2009,13,4,4,1.33,40.0,0,0,0,0,2*,0,13,24.3,8.46,17.23,5/24,2,1,5,24,360,0,0.02969757461193354,5.550073856003408,4.580143355277306,2.643,Below Average,65,15,36,65,0,0,0,6
2010,7,3,18,9.0,90.0,1,1,0,0,15,0,7,29.57,8.87,20.0,5/24,15,0,5,24,360,0,1.2684039153042959,3.623316949523312,4.580143355277306,2.6409,Below Average,65,15,36,65,0,0,0,6
2011,14,2,4,0.0,200.0,0,0,0,0,3*,0,10,37.1,8.36,26.6,5/24,3,1,5,24,360,0,0.0,4.0162044148578175,4.580143355277306,2.0724,Poor,65,15,36,65,0,0,0,6
2013,13,3,9,9.0,90.0,1,0,0,0,9*,0,12,32.25,7.74,25.0,5/24,9,1,5,24,360,0,0.7722327047732049,4.9034647248471215,4.580143355277306,2.7209,Below Average,65,15,36,65,0,0,0,6
2014,9,2,1,1.0,33.33,0,0,0,0,1*,0,12,24.91,8.79,17.0,5/24,1,1,5,24,360,0,0.004692911457903685,5.209137612042087,4.580143355277306,2.5175,Below Average,65,15,36,65,0,0,0,6
2021,7,5,68,34.0,93.15,7,0,0,0,22*,0,4,25.25,7.21,21.0,2/13,22,1,2,13,361,0,4.393447857012829,3.239735882165145,5.048153764474776,4.6111,Average,27,21,305,10,0,0,10,4
2022,12,8,161,23.0,110.27,11,7,0,0,48*,6,4,37.5,8.33,27.0,11/2,48,1,11,2,361,0,5.265837778205293,2.2979589313941364,5.048153764474776,4.8083,Average,27,21,305,10,0,0,10,4
2023,6,6,66,13.2,111.86,8,0,0,0,38,4,2,59.0,9.07,39.0,29/1,38,0,29,1,361,0,3.3488464267050144,0.8851145187648974,5.048153764474776,3.1276,Below Average,27,21,305,10,0,0,10,4
2024,2,2,10,5.0,83.33,1,0,0,0,7,0,0,0.0,0.0,0.0,,7,0,0,0,361,0,0.49122102542689605,0.0,5.048153764474776,1.355,Poor,27,21,305,10,0,0,10,4
2009,13,3,0,0.0,0.0,0,0,0,0,0*,0,18,17.33,6.3,16.5,5/13,0,1,5,13,362,0,0.0,7.9760682997700325,4.714442862730976,3.3628,Below Average,110,25,88,154,0,0,0,8
2010,13,2,1,0.0,100.0,0,0,0,0,1*,0,15,22.93,7.02,19.6,5/13,1,1,5,13,362,0,0.0,6.505717677050665,4.714442862730976,3.0477,Below Average,110,25,88,154,0,0,0,8
2011,16,4,8,2.66,88.88,0,1,0,0,7,0,28,13.39,5.95,13.5,5/13,7,0,5,13,362,0,0.24431307580443415,10.0,4.714442862730976,4.3129,Average,110,25,88,154,0,0,0,8
2012,14,6,55,9.16,103.77,4,3,0,0,17,0,22,15.9,6.3,15.13,5/13,17,0,5,13,362,0,2.579609995061431,8.735447555256211,4.714442862730976,5.3383,Average,110,25,88,154,0,0,0,8
2013,17,6,9,2.25,50.0,1,0,0,0,7,0,20,23.4,7.16,19.6,5/13,7,0,5,13,362,0,0.13602337856165556,7.136115200374471,4.714442862730976,3.2796,Below Average,110,25,88,154,0,0,0,8
2014,10,1,2,2.0,50.0,0,0,0,0,2,0,16,15.81,6.45,14.68,5/13,2,0,5,13,362,0,0.02792882141790685,7.846122958944085,4.714442862730976,3.2476,Below Average,110,25,88,154,0,0,0,8
2015,15,1,6,0.0,60.0,1,0,0,0,6*,0,24,18.5,7.4,15.0,5/13,6,1,5,13,362,0,0.0,8.137760418238729,4.714442862730976,3.4689,Below Average,110,25,88,154,0,0,0,8
2017,12,2,7,0.0,233.33,0,1,0,0,7*,0,11,34.72,8.52,24.45,5/13,7,1,5,13,362,0,0.0,4.324703413771195,4.714442862730976,2.3078,Poor,110,25,88,154,0,0,0,8
2008,13,12,163,20.37,133.6,17,5,0,0,42,0,6,20.66,10.33,12.0,3/25,42,0,3,25,363,0,5.379979710733313,3.729564538539708,5.390678047778234,5.7501,Good,47,34,405,15,0,0,0,7
2009,9,6,83,16.6,97.64,5,3,0,0,48*,0,3,33.33,7.14,28.0,3/25,48,1,3,25,363,0,3.7669160404732827,2.273551018241103,5.390678047778234,3.8678,Below Average,47,34,405,15,0,0,0,7
2010,4,2,36,18.0,138.46,3,2,0,0,19,0,3,35.33,8.83,24.0,3/25,19,0,3,25,363,0,3.243547386914838,1.8781319849601565,5.390678047778234,3.5079,Below Average,47,34,405,15,0,0,0,7
2011,1,1,14,14.0,140.0,2,0,0,0,14,0,0,0.0,0.0,0.0,,14,0,0,0,363,0,1.8618923822656885,0.0,5.390678047778234,2.1373,Poor,47,34,405,15,0,0,0,7
2012,11,8,75,12.5,131.57,4,5,0,0,26,0,1,12.0,6.0,12.0,3/25,26,0,3,25,363,0,3.6533508601282403,2.4273746179316538,5.390678047778234,4.0675,Average,47,34,405,15,0,0,0,7
2013,4,2,3,1.5,25.0,0,0,0,0,2,0,1,22.0,7.33,18.0,3/25,2,0,3,25,363,0,0.0157779576408859,1.3449305559157292,5.390678047778234,1.7587,Poor,47,34,405,15,0,0,0,7
2014,5,3,31,10.33,81.57,2,1,0,0,21,0,1,83.0,8.89,56.0,3/25,21,0,3,25,363,0,1.8113157972329565,0.35426947477971865,5.390678047778234,2.2726,Poor,47,34,405,15,0,0,0,7
2009,5,5,81,20.25,119.11,11,0,0,0,39,0,0,0.0,0.0,0.0,,39,0,0,0,364,0,4.2624290609873565,0.0,7.0971227355598625,4.2696,Average,5,5,81,0,0,0,0,1
2014,8,8,394,56.28,135.39,43,14,3,1,100*,0,1,34.0,11.33,18.0,1/34,100,1,1,34,365,0,8.050098211451417,0.6433052331984725,4.998818120589263,6.2462,Good,29,29,1079,1,11,1,0,4
2015,13,13,540,45.0,122.44,56,21,6,0,71,0,0,0.0,0.0,0.0,,71,0,0,0,365,0,8.037451662715396,0.0,4.998818120589263,5.9658,Good,29,29,1079,1,11,1,0,4
2016,1,1,8,8.0,100.0,0,1,0,0,8,0,0,0.0,0.0,0.0,,8,0,0,0,365,0,0.6976994914718055,0.0,4.998818120589263,1.4988,Poor,29,29,1079,1,11,1,0,4
2017,7,7,137,19.57,122.32,10,8,2,0,66,0,0,0.0,0.0,0.0,,66,0,0,0,365,0,4.964910188963603,0.0,4.998818120589263,3.8209,Below Average,29,29,1079,1,11,1,0,4
2026,2,2,7,3.5,87.5,0,0,0,0,7,0,0,0.0,0.0,0.0,,7,0,0,0,366,0,0.2739334578040945,0.0,6.85171634801522,2.074,Poor,2,2,7,0,0,0,0,1
2019,4,4,71,23.66,147.91,6,5,0,0,44,0,0,0.0,0.0,0.0,,44,0,0,0,367,0,4.586752710305813,0.0,5.395234424908163,3.716,Below Average,51,49,1067,13,7,0,18,7
2021,5,5,42,8.4,102.43,3,1,0,0,25,0,0,0.0,0.0,0.0,,25,0,0,0,367,0,2.1564913107827968,0.0,5.395234424908163,2.495,Poor,51,49,1067,13,7,0,18,7
2022,14,14,437,36.42,182.08,29,34,4,0,70,5,6,33.66,8.78,23.0,27/3,70,0,27,3,367,0,8.000407346934718,3.0902429693560003,5.395234424908163,7.7976,Very Good,51,49,1067,13,7,0,18,7
2023,9,9,279,34.88,163.15,20,19,2,0,94,3,2,47.0,13.42,21.0,19/1,94,0,19,1,367,0,7.155787994950314,0.7677231970808984,5.395234424908163,5.9508,Good,51,49,1067,13,7,0,18,7
2024,7,7,111,22.2,142.3,8,7,0,0,38*,1,3,28.0,7.0,24.0,19/2,38,1,19,2,367,0,5.056615915628111,2.588022420570877,5.395234424908163,4.969,Average,51,49,1067,13,7,0,18,7
2025,10,8,112,16.0,133.33,4,9,1,0,54,4,2,38.0,8.44,27.0,28/2,54,0,28,2,367,0,4.533707504824774,1.3509120782028257,5.395234424908163,4.1596,Average,51,49,1067,13,7,0,18,7
2026,2,2,15,7.5,60.0,0,1,0,0,14,5,0,0.0,0.0,0.0,,14,0,0,0,367,0,0.7274819428029438,0.0,5.395234424908163,1.6112,Poor,51,49,1067,13,7,0,18,7
2018,7,2,1,1.0,33.33,0,0,0,0,1*,0,4,56.25,9.0,37.5,3/17,1,1,3,17,368,0,0.004692911457903685,1.6230785505051968,7.198975588953446,2.3269,Poor,7,2,1,4,0,0,0,1
2023,1,1,4,4.0,100.0,1,0,0,0,4,0,0,0.0,0.0,0.0,,4,0,0,0,369,0,0.20932554836260303,0.0,6.708162813864161,1.8922,Poor,1,1,4,0,0,0,0,1
2024,2,1,1,0.0,50.0,0,0,0,0,1*,1,1,72.0,12.0,36.0,38/1,1,1,38,1,370,0,0.0,0.30527541662557567,6.85171634801522,1.9125,Poor,2,1,1,1,0,0,1,1
2017,4,1,1,0.0,100.0,0,0,0,0,1*,0,3,31.0,7.15,26.0,3/15,1,1,3,15,371,0,0.0,2.385755323664488,4.372599207220903,1.6509,Poor,37,10,68,43,0,0,6,5
2020,5,2,43,0.0,148.27,4,1,0,0,24*,0,6,24.66,7.46,19.83,3/15,24,1,3,15,371,0,0.0,4.0407298627980275,4.372599207220903,2.198,Poor,37,10,68,43,0,0,6,5
2021,8,3,18,0.0,163.63,1,1,0,0,18*,0,13,17.23,7.46,13.84,3/15,18,1,3,15,371,0,0.0,6.712687070507713,4.372599207220903,2.9917,Below Average,37,10,68,43,0,0,6,5
2022,13,3,5,2.5,125.0,1,0,0,0,5,2,12,35.58,8.95,23.83,28/4,5,0,28,4,371,0,0.20475881131298218,4.353974576131242,4.372599207220903,2.2682,Poor,37,10,68,43,0,0,6,5
2024,7,1,1,1.0,100.0,0,0,0,0,1,4,9,28.33,10.62,16.0,23/2,1,0,23,2,371,0,0.014033542584565645,3.8581867213719976,4.372599207220903,2.0667,Poor,37,10,68,43,0,0,6,5
2008,5,5,152,152.0,153.53,13,9,1,0,79*,0,0,0.0,0.0,0.0,,79,1,0,0,373,0,8.284637031798637,0.0,4.399690540596456,5.872,Good,17,16,302,0,1,0,0,4
2009,4,4,41,10.25,83.67,3,1,0,0,26,0,0,0.0,0.0,0.0,,26,0,0,0,373,0,2.126367776397677,0.0,4.399690540596456,2.0323,Poor,17,16,302,0,1,0,0,4
2011,5,4,51,12.75,130.76,4,2,0,0,29,0,0,0.0,0.0,0.0,,29,0,0,0,373,0,3.175526716188135,0.0,4.399690540596456,2.5285,Below Average,17,16,302,0,1,0,0,4
2013,3,3,58,29.0,98.3,5,1,0,0,33*,0,0,0.0,0.0,0.0,,33,1,0,0,373,0,4.0394741923050335,0.0,4.399690540596456,3.147,Below Average,17,16,302,0,1,0,0,4
2008,4,4,34,8.5,106.25,6,1,0,0,13,0,0,0.0,0.0,0.0,,13,0,0,0,374,0,1.9798576509331904,0.0,2.8789944409927535,1.3809,Poor,5,5,34,0,0,0,0,2
2009,1,1,0,0.0,0.0,0,0,0,0,0*,0,0,0.0,0.0,0.0,,0,1,0,0,374,0,0.0,0.0,2.8789944409927535,0.0003,Poor,5,5,34,0,0,0,0,2
2024,2,1,9,0.0,300.0,0,1,0,0,9*,0,1,93.0,15.5,36.0,68/1,9,1,68,1,375,0,0.0,0.18695787077482945,6.85171634801522,1.9262,Poor,2,1,9,1,0,0,0,1
2013,6,6,106,21.2,176.66,16,3,0,0,44,0,2,50.0,10.16,29.5,1/12,44,0,1,12,376,0,5.227080170466807,0.9253232213517658,7.151699256297347,5.1966,Average,6,6,106,2,0,0,0,1
2026,12,3,4,2.0,57.14,0,0,0,0,3,0,13,26.15,8.22,19.07,27/3,3,0,27,3,379,0,0.06304023446003179,5.44307455887189,7.370867969875238,3.4695,Below Average,12,3,4,13,0,0,0,1
2008,10,8,125,20.83,158.22,10,7,0,0,39,0,15,16.6,6.91,14.4,3/34,39,0,3,34,381,0,5.278041620661078,7.371463185663842,4.72804636413717,7.0421,Very Good,17,12,156,23,0,0,0,2
2010,7,4,31,10.33,134.78,2,2,0,0,28,0,8,25.75,8.58,18.0,3/34,28,0,3,34,381,0,2.3563331567458192,4.266458688976996,4.72804636413717,3.5165,Below Average,17,12,156,23,0,0,0,2
2008,16,14,414,41.4,133.54,38,15,2,0,65,0,0,0.0,0.0,0.0,,65,0,0,0,382,0,7.668923813048827,0.0,7.422754671354992,7.0393,Very Good,278,242,5439,0,24,0,32,18
2009,14,13,332,41.5,127.2,22,9,2,0,58*,0,0,0.0,0.0,0.0,,58,1,0,0,382,0,7.294291891596893,0.0,7.422754671354992,6.6741,Good,278,242,5439,0,24,0,32,18
2010,13,11,287,31.88,136.66,26,8,2,0,66*,0,0,0.0,0.0,0.0,,66,1,0,0,382,0,6.821319633247514,0.0,7.422754671354992,6.3336,Good,278,242,5439,0,24,0,32,18
2011,16,13,392,43.55,158.7,25,23,2,0,70*,0,0,0.0,0.0,0.0,,70,1,0,0,382,0,7.905813362371158,0.0,7.422754671354992,7.4402,Very Good,278,242,5439,0,24,0,32,18
2012,19,17,358,29.83,128.77,26,9,1,0,51*,0,0,0.0,0.0,0.0,,51,1,0,0,382,0,6.95445492861637,0.0,7.422754671354992,6.5515,Good,278,242,5439,0,24,0,32,18
2013,18,16,461,41.9,162.89,32,25,4,0,67*,0,0,0.0,0.0,0.0,,67,1,0,0,382,0,8.116042674291224,0.0,7.422754671354992,7.5541,Very Good,278,242,5439,0,24,0,32,18
2014,16,15,371,74.2,148.4,22,20,1,0,57*,0,0,0.0,0.0,0.0,,57,1,0,0,382,0,8.48328643438119,0.0,7.422754671354992,7.8343,Very Good,278,242,5439,0,24,0,32,18
2015,17,17,372,31.0,121.96,27,17,1,0,53,0,0,0.0,0.0,0.0,,53,0,0,0,382,0,6.985959680007198,0.0,7.422754671354992,6.4851,Good,278,242,5439,0,24,0,32,18
2016,14,12,284,40.57,135.23,18,14,1,0,64*,0,0,0.0,0.0,0.0,,64,1,0,0,382,0,7.129419374986544,0.0,7.422754671354992,6.4682,Good,278,242,5439,0,24,0,32,18
2017,16,15,290,26.36,116.0,15,16,1,0,61*,0,0,0.0,0.0,0.0,,61,1,0,0,382,0,6.341247283116152,0.0,7.422754671354992,5.9822,Good,278,242,5439,0,24,0,32,18
2018,16,15,455,75.83,150.66,24,30,3,0,79*,0,0,0.0,0.0,0.0,,79,1,0,0,382,0,8.822360157375753,0.0,7.422754671354992,8.1973,Very Good,278,242,5439,0,24,0,32,18
2019,15,12,416,83.2,134.62,22,23,3,0,84*,0,0,0.0,0.0,0.0,,84,1,0,0,382,0,8.668339829244077,0.0,7.422754671354992,7.8735,Very Good,278,242,5439,0,24,0,32,18
2020,14,12,200,25.0,116.27,16,7,0,0,47*,0,0,0.0,0.0,0.0,,47,1,0,0,382,0,5.754016642416852,0.0,7.422754671354992,5.4748,Average,278,242,5439,0,24,0,32,18
2021,16,11,114,16.28,106.54,12,3,0,0,18*,0,0,0.0,0.0,0.0,,18,1,0,0,382,0,4.278540585833408,0.0,7.422754671354992,4.2842,Average,278,242,5439,0,24,0,32,18
2022,14,13,232,33.14,123.4,21,10,1,0,50*,9,0,0.0,0.0,0.0,,50,1,0,0,382,0,6.435546147511344,0.0,7.422754671354992,5.9587,Good,278,242,5439,0,24,0,32,18
2023,16,12,104,26.0,182.45,3,10,0,0,32*,7,0,0.0,0.0,0.0,,32,1,0,0,382,0,5.5267617151714274,0.0,7.422754671354992,5.3405,Average,278,242,5439,0,24,0,32,18
2024,14,11,161,53.67,220.54,14,13,0,0,37*,10,0,0.0,0.0,0.0,,37,1,0,0,382,0,7.411764511608475,0.0,7.422754671354992,6.7097,Good,278,242,5439,0,24,0,32,18
2025,14,13,196,24.5,135.17,12,12,0,0,30*,6,0,0.0,0.0,0.0,,30,1,0,0,382,0,5.906965159670293,0.0,7.422754671354992,5.6785,Good,278,242,5439,0,24,0,32,18
2025,1,1,3,3.0,75.0,0,0,0,0,3,1,0,0.0,0.0,0.0,,3,0,0,0,383,0,0.09212392260436969,0.0,3.1795682649359853,0.1665,Poor,4,2,21,4,0,0,2,2
2026,3,1,18,0.0,225.0,2,1,0,0,18*,1,4,21.75,8.7,15.0,27/2,18,1,27,2,383,0,0.0,3.166163817694491,3.1795682649359853,1.319,Poor,4,2,21,4,0,0,2,2
2022,9,2,7,7.0,100.0,0,1,0,0,7*,0,12,21.75,7.45,17.5,33/4,7,1,33,4,384,0,0.562417646579841,5.934189190282293,5.1365376907500995,2.9765,Below Average,20,6,17,23,0,0,0,2
2025,11,4,10,5.0,37.03,0,0,0,0,5,0,11,37.27,9.76,22.9,26/2,5,0,26,2,384,0,0.23957683178002842,3.880883682204911,5.1365376907500995,2.3693,Poor,20,6,17,23,0,0,0,2
2008,13,12,179,25.57,136.64,15,7,0,0,45*,0,0,0.0,0.0,0.0,,45,1,0,0,385,0,5.855358198484669,0.0,6.812341204064343,5.3386,Average,80,78,1802,0,10,1,0,6
2009,10,10,219,36.5,132.72,17,7,1,0,52*,0,0,0.0,0.0,0.0,,52,1,0,0,385,0,6.591550295117026,0.0,6.812341204064343,5.6302,Good,80,78,1802,0,10,1,0,6
2010,13,13,439,43.9,147.31,55,11,1,1,110*,0,0,0.0,0.0,0.0,,110,1,0,0,385,0,7.971532919964435,0.0,6.812341204064343,6.9422,Good,80,78,1802,0,10,1,0,6
2011,13,13,299,23.0,116.34,35,5,3,0,76,0,0,0.0,0.0,0.0,,76,0,0,0,385,0,6.19787483441801,0.0,6.812341204064343,5.4532,Average,80,78,1802,0,10,1,0,6
2012,16,15,335,27.91,112.41,39,3,3,0,56*,0,0,0.0,0.0,0.0,,56,1,0,0,385,0,6.5784771486256375,0.0,6.812341204064343,5.9069,Good,80,78,1802,0,10,1,0,6
2013,15,15,331,22.06,105.75,39,6,2,0,66,0,0,0.0,0.0,0.0,,66,0,0,0,385,0,6.148446517930068,0.0,6.812341204064343,5.4564,Average,80,78,1802,0,10,1,0,6
2008,11,7,34,8.5,87.17,3,1,0,0,23*,0,0,0.0,0.0,0.0,,23,1,0,0,386,0,1.7745669149490775,0.0,4.408738019368695,1.8843,Poor,18,12,55,0,0,0,0,3
2009,5,3,16,0.0,84.21,1,0,0,0,8*,0,0,0.0,0.0,0.0,,8,1,0,0,386,0,0.0,0.0,4.408738019368695,0.7478,Poor,18,12,55,0,0,0,0,3
2013,2,2,5,5.0,45.45,0,0,0,0,5,0,0,0.0,0.0,0.0,,5,0,0,0,386,0,0.15178352674806184,0.0,4.408738019368695,0.9114,Poor,18,12,55,0,0,0,0,3
2018,2,2,20,20.0,95.23,1,0,0,0,11,0,0,0.0,0.0,0.0,,11,0,0,0,387,0,2.2150127957948333,0.0,5.714013765668009,2.5114,Below Average,40,35,527,1,1,0,9,7
2019,2,1,8,8.0,266.66,2,0,0,0,8,0,0,0.0,0.0,0.0,,8,0,0,0,387,0,1.404297812186425,0.0,5.714013765668009,2.1391,Poor,40,35,527,1,1,0,9,7
2020,3,3,59,19.66,109.25,2,3,0,0,47,0,0,0.0,0.0,0.0,,47,0,0,0,387,0,3.688618899735868,0.0,5.714013765668009,3.1553,Below Average,40,35,527,1,1,0,9,7
2021,4,4,94,31.33,128.76,3,6,0,0,43,0,1,47.0,6.71,42.0,1/22,43,0,1,22,387,0,5.164045373237175,0.7677231970808984,5.714013765668009,4.5811,Average,40,35,527,1,1,0,9,7
2022,7,5,86,17.2,150.87,7,4,0,0,42,2,0,0.0,0.0,0.0,,42,0,0,0,387,0,4.441460686931393,0.0,5.714013765668009,3.7285,Below Average,40,35,527,1,1,0,9,7
2023,12,10,135,16.88,139.17,9,8,1,0,54*,4,0,0.0,0.0,0.0,,54,1,0,0,387,0,4.919058462688153,0.0,5.714013765668009,4.032,Average,40,35,527,1,1,0,9,7
2024,10,10,125,15.63,183.82,9,9,0,0,33,3,0,0.0,0.0,0.0,,33,0,0,0,387,0,5.089403648396252,0.0,5.714013765668009,4.1841,Average,40,35,527,1,1,0,9,7
2008,9,2,11,11.0,61.11,2,0,0,0,11,0,7,34.57,6.91,30.0,4/21,11,0,4,21,388,0,0.7807157930536401,3.815242579083014,7.277978799768882,3.3197,Below Average,9,2,11,7,0,0,0,1
2013,12,10,161,20.12,137.6,22,2,0,0,43*,0,0,0.0,0.0,0.0,,43,1,0,0,389,0,5.386608737662467,0.0,5.796568045893888,4.4149,Average,56,51,1083,0,3,0,0,9
2014,8,8,324,40.5,139.05,27,16,1,0,67,0,0,0.0,0.0,0.0,,67,0,0,0,389,0,7.350799286472645,0.0,5.796568045893888,5.9943,Good,56,51,1083,0,3,0,0,9
2015,7,7,82,11.71,101.23,4,5,0,0,39,0,0,0.0,0.0,0.0,,39,0,0,0,389,0,3.3455696474308505,0.0,5.796568045893888,3.1524,Below Average,56,51,1083,0,3,0,0,9
2016,7,7,161,23.0,122.9,19,3,1,0,51,0,0,0.0,0.0,0.0,,51,0,0,0,389,0,5.4153069623341334,0.0,5.796568045893888,4.2819,Average,56,51,1083,0,3,0,0,9
2017,11,9,229,25.44,144.02,23,9,1,0,95,0,0,0.0,0.0,0.0,,95,0,0,0,389,0,6.264117823459062,0.0,5.796568045893888,5.0147,Average,56,51,1083,0,3,0,0,9
2018,4,4,55,13.75,117.02,2,4,0,0,45,0,0,0.0,0.0,0.0,,45,0,0,0,389,0,3.2261049485321474,0.0,5.796568045893888,3.1388,Below Average,56,51,1083,0,3,0,0,9
2021,4,4,42,10.5,107.69,5,2,0,0,14,0,0,0.0,0.0,0.0,,14,0,0,0,389,0,2.466786790905701,0.0,5.796568045893888,2.5304,Below Average,56,51,1083,0,3,0,0,9
2022,2,1,19,19.0,172.72,1,2,0,0,19,0,0,0.0,0.0,0.0,,19,0,0,0,389,0,2.791040449049677,0.0,5.796568045893888,2.7951,Below Average,56,51,1083,0,3,0,0,9
2023,1,1,10,10.0,90.9,1,0,0,0,10,0,0,0.0,0.0,0.0,,10,0,0,0,389,0,0.9119095344030209,0.0,5.796568045893888,1.9582,Poor,56,51,1083,0,3,0,0,9
2024,1,1,1,1.0,50.0,0,0,0,0,1,0,0,0.0,0.0,0.0,,1,0,0,0,390,0,0.007034226019245297,0.0,6.708162813864161,1.7376,Poor,1,1,1,0,0,0,0,1
2011,6,5,47,11.75,114.63,4,1,0,0,15*,0,0,0.0,0.0,0.0,,15,1,0,0,391,0,2.8094863741428866,0.0,6.125286114548807,3.0238,Below Average,107,96,1702,1,6,0,1,12
2012,16,16,432,27.0,126.31,53,7,2,0,75,0,1,23.0,7.66,18.0,1/23,75,0,1,23,391,0,7.050987321056472,1.2530805446302187,6.125286114548807,6.5522,Good,107,96,1702,1,6,0,1,12
2013,16,14,260,20.0,116.59,36,0,1,0,77*,0,0,0.0,0.0,0.0,,77,1,0,0,391,0,5.812227639941376,0.0,6.125286114548807,4.895,Average,107,96,1702,1,6,0,1,12
2014,3,3,24,8.0,92.3,2,0,0,0,21,0,0,0.0,0.0,0.0,,21,0,0,0,391,0,1.4380402345791437,0.0,6.125286114548807,2.3423,Poor,107,96,1702,1,6,0,1,12
2015,14,9,157,22.42,157.0,17,6,1,0,54*,0,0,0.0,0.0,0.0,,54,1,0,0,391,0,5.68380216892775,0.0,6.125286114548807,4.9526,Average,107,96,1702,1,6,0,1,12
2017,11,10,188,18.8,106.21,21,4,1,0,52,0,0,0.0,0.0,0.0,,52,0,0,0,391,0,5.150163059154025,0.0,6.125286114548807,4.3696,Average,107,96,1702,1,6,0,1,12
2018,14,13,252,25.2,135.48,16,11,0,0,47*,0,0,0.0,0.0,0.0,,47,1,0,0,391,0,6.299106288358548,0.0,6.125286114548807,5.1648,Average,107,96,1702,1,6,0,1,12
2019,13,12,165,41.25,137.5,10,4,0,0,33*,0,0,0.0,0.0,0.0,,33,1,0,0,391,0,6.41644248872297,0.0,6.125286114548807,5.3931,Average,107,96,1702,1,6,0,1,12
2020,7,7,130,21.66,119.26,10,4,1,0,66*,0,0,0.0,0.0,0.0,,66,1,0,0,391,0,4.997342054184805,0.0,6.125286114548807,4.3227,Average,107,96,1702,1,6,0,1,12
2021,1,1,15,15.0,107.14,2,0,0,0,15,0,0,0.0,0.0,0.0,,15,0,0,0,391,0,1.7303740140412895,0.0,6.125286114548807,2.4047,Poor,107,96,1702,1,6,0,1,12
2022,3,3,18,6.0,78.26,4,0,0,0,18,1,0,0.0,0.0,0.0,,18,0,0,0,391,0,0.8639748930782,0.0,6.125286114548807,1.9054,Poor,107,96,1702,1,6,0,1,12
2023,3,3,14,4.67,87.5,0,1,0,0,12,0,0,0.0,0.0,0.0,,12,0,0,0,391,0,0.638041516144445,0.0,6.125286114548807,2.0431,Poor,107,96,1702,1,6,0,1,12
2008,3,2,3,1.5,33.33,0,0,0,0,3,0,0,0.0,0.0,0.0,,3,0,0,0,392,0,0.0209962102062976,0.0,6.9081678250726615,1.8229,Poor,180,164,4012,0,22,1,14,19
2009,5,4,168,84.0,142.37,17,4,0,1,114*,0,0,0.0,0.0,0.0,,114,1,0,0,392,0,7.485954460818976,0.0,6.9081678250726615,6.5913,Good,180,164,4012,0,22,1,14,19
2010,13,13,249,20.75,110.17,27,7,0,0,42*,0,0,0.0,0.0,0.0,,42,1,0,0,392,0,5.724788037497993,0.0,6.9081678250726615,5.2537,Average,180,164,4012,0,22,1,14,19
2011,10,9,246,27.33,108.37,28,6,1,0,59,0,0,0.0,0.0,0.0,,59,0,0,0,392,0,6.067590704651137,0.0,6.9081678250726615,5.4833,Average,180,164,4012,0,22,1,14,19
2012,10,9,143,20.42,127.67,12,6,1,0,80*,0,0,0.0,0.0,0.0,,80,1,0,0,392,0,5.140672790210196,0.0,6.9081678250726615,4.6928,Average,180,164,4012,0,22,1,14,19
2013,7,7,136,22.66,99.27,11,3,1,0,66,0,0,0.0,0.0,0.0,,66,0,0,0,392,0,4.8698636757510485,0.0,6.9081678250726615,4.573,Average,180,164,4012,0,22,1,14,19
2014,16,16,401,30.84,117.94,35,10,2,0,94,0,0,0.0,0.0,0.0,,94,0,0,0,392,0,7.036906921040171,0.0,6.9081678250726615,6.1074,Good,180,164,4012,0,22,1,14,19
2015,13,12,225,20.45,122.28,22,7,0,0,40,0,0,0.0,0.0,0.0,,40,0,0,0,392,0,5.70867453663454,0.0,6.9081678250726615,5.1917,Average,180,164,4012,0,22,1,14,19
2016,12,11,248,31.0,135.51,17,9,2,0,52,0,0,0.0,0.0,0.0,,52,0,0,0,392,0,6.566173564542321,0.0,6.9081678250726615,6.0253,Good,180,164,4012,0,22,1,14,19
2017,14,13,396,49.5,128.57,28,12,2,0,81*,0,0,0.0,0.0,0.0,,81,1,0,0,392,0,7.804195571152405,0.0,6.9081678250726615,6.9393,Good,180,164,4012,0,22,1,14,19
2018,15,13,284,25.81,115.44,22,5,3,0,62*,0,0,0.0,0.0,0.0,,62,1,0,0,392,0,6.275951675289949,0.0,6.9081678250726615,5.6216,Good,180,164,4012,0,22,1,14,19
2019,12,11,344,43.0,130.79,34,6,3,0,83*,0,0,0.0,0.0,0.0,,83,1,0,0,392,0,7.432946559475409,0.0,6.9081678250726615,6.5725,Good,180,164,4012,0,22,1,14,19
2020,16,15,425,32.69,127.62,35,18,3,0,83*,0,0,0.0,0.0,0.0,,83,1,0,0,392,0,7.310596855637894,0.0,6.9081678250726615,6.4697,Good,180,164,4012,0,22,1,14,19
2021,8,8,292,48.66,123.72,21,10,3,0,69*,0,0,0.0,0.0,0.0,,69,1,0,0,392,0,7.298559359307041,0.0,6.9081678250726615,6.4681,Good,180,164,4012,0,22,1,14,19
2022,6,6,88,14.67,110.0,9,2,0,0,38,3,0,0.0,0.0,0.0,,38,0,0,0,392,0,3.838056528092024,0.0,6.9081678250726615,3.8558,Below Average,180,164,4012,0,22,1,14,19
2023,10,9,160,17.78,109.58,15,3,1,0,50,3,0,0.0,0.0,0.0,,50,0,0,0,392,0,4.895551361322223,0.0,6.9081678250726615,4.6236,Average,180,164,4012,0,22,1,14,19
2024,1,1,42,42.0,135.48,2,2,0,0,42,4,0,0.0,0.0,0.0,,42,0,0,0,392,0,4.534043783461357,0.0,6.9081678250726615,4.1786,Average,180,164,4012,0,22,1,14,19
2025,3,3,92,46.0,141.53,5,5,0,0,37,0,0,0.0,0.0,0.0,,37,0,0,0,392,0,5.79539129671502,0.0,6.9081678250726615,5.3117,Average,180,164,4012,0,22,1,14,19
2026,6,2,70,35.0,142.85,8,2,0,0,45,4,0,0.0,0.0,0.0,,45,0,0,0,392,0,5.053981034884937,0.0,6.9081678250726615,4.6191,Average,180,164,4012,0,22,1,14,19
2025,1,1,1,1.0,25.0,0,0,0,0,1,2,0,0.0,0.0,0.0,,1,0,0,0,393,0,0.003521498441860856,0.0,6.708162813864161,1.744,Poor,1,1,1,0,0,0,2,1
2008,9,7,104,26.0,122.35,16,0,0,0,39,0,0,0.0,0.0,0.0,,39,0,0,0,394,0,4.976892637557227,0.0,6.56235516129548,4.3734,Average,96,84,1686,0,7,0,0,9
2010,13,11,237,26.33,127.41,23,5,2,0,75*,0,0,0.0,0.0,0.0,,75,1,0,0,394,0,6.189133888804447,0.0,6.56235516129548,5.519,Good,96,84,1686,0,7,0,0,9
2011,15,14,359,51.28,110.46,26,14,1,0,61*,0,0,0.0,0.0,0.0,,61,1,0,0,394,0,7.502888900775634,0.0,6.56235516129548,6.5625,Good,96,84,1686,0,7,0,0,9
2012,16,15,260,26.0,105.69,21,3,1,0,59,0,0,0.0,0.0,0.0,,59,0,0,0,394,0,6.040354244045499,0.0,6.56235516129548,5.3337,Average,96,84,1686,0,7,0,0,9
2013,10,9,146,18.25,104.28,12,1,0,0,33,0,0,0.0,0.0,0.0,,33,0,0,0,394,0,4.738622130880145,0.0,6.56235516129548,4.1763,Average,96,84,1686,0,7,0,0,9
2014,8,8,152,30.4,128.81,14,4,1,0,61*,0,0,0.0,0.0,0.0,,61,1,0,0,394,0,5.786679994335689,0.0,6.56235516129548,5.1221,Average,96,84,1686,0,7,0,0,9
2015,5,3,57,28.5,101.78,8,1,0,0,32,0,0,0.0,0.0,0.0,,32,0,0,0,394,0,4.039482316258553,0.0,6.56235516129548,3.9085,Below Average,96,84,1686,0,7,0,0,9
2017,15,13,324,32.4,137.28,31,11,2,0,60,0,0,0.0,0.0,0.0,,60,0,0,0,394,0,7.020062935822647,0.0,6.56235516129548,5.91,Good,96,84,1686,0,7,0,0,9
2018,5,4,47,15.66,106.81,4,1,0,0,35,0,0,0.0,0.0,0.0,,35,0,0,0,394,0,3.0769925237816897,0.0,6.56235516129548,3.2492,Below Average,96,84,1686,0,7,0,0,9
2008,16,5,35,35.0,152.17,2,3,0,0,15*,0,17,26.05,7.38,21.17,3/31,15,1,3,31,395,0,4.199500667499648,6.374103653054145,4.570177882832535,5.6115,Good,40,15,99,33,0,0,0,5
2009,7,3,13,6.5,185.71,0,2,0,0,7,0,5,34.4,10.11,20.4,3/31,7,0,3,31,395,0,1.3308346328367042,2.4837251463979806,4.570177882832535,2.4616,Poor,40,15,99,33,0,0,0,5
2010,3,1,2,2.0,33.33,0,0,0,0,2,0,1,92.0,11.5,48.0,3/31,2,0,3,31,395,0,0.018678674225159668,0.25174423897387105,4.570177882832535,0.8274,Poor,40,15,99,33,0,0,0,5
2012,6,1,4,4.0,50.0,0,0,0,0,4,0,3,69.0,8.62,48.0,3/31,4,0,3,31,395,0,0.10854272727951482,1.1383489096307795,4.570177882832535,1.2604,Poor,40,15,99,33,0,0,0,5
2013,8,5,45,11.25,180.0,4,3,0,0,42,0,7,36.57,9.14,24.0,3/31,42,0,3,31,395,0,3.263250472268849,3.14852401138136,4.570177882832535,3.7833,Below Average,40,15,99,33,0,0,0,5
2013,7,7,125,17.85,97.65,11,1,0,0,49,0,0,0.0,0.0,0.0,,49,0,0,0,396,0,4.409123272811222,0.0,7.198975588953446,4.4501,Average,7,7,125,0,0,0,0,1
2010,10,10,218,21.8,122.47,27,6,1,0,75,0,0,0.0,0.0,0.0,,75,0,0,0,397,0,5.755628989367456,0.0,5.341060032511296,4.2193,Average,39,39,798,0,4,0,0,6
2011,5,5,72,14.4,80.89,8,0,0,0,27,0,0,0.0,0.0,0.0,,27,0,0,0,397,0,3.1582053100062613,0.0,5.341060032511296,2.8858,Below Average,39,39,798,0,4,0,0,6
2012,7,7,213,30.42,133.12,16,10,1,0,89,0,0,0.0,0.0,0.0,,89,0,0,0,397,0,6.302656304306145,0.0,5.341060032511296,4.8132,Average,39,39,798,0,4,0,0,6
2013,14,14,255,19.61,108.05,36,6,2,0,92,0,0,0.0,0.0,0.0,,92,0,0,0,397,0,5.652573238285149,0.0,5.341060032511296,4.2168,Average,39,39,798,0,4,0,0,6
2014,1,1,3,3.0,33.33,0,0,0,0,3,0,0,0.0,0.0,0.0,,3,0,0,0,397,0,0.04168442654527464,0.0,5.341060032511296,1.0874,Poor,39,39,798,0,4,0,0,6
2015,2,2,37,18.5,123.33,6,1,0,0,20,0,0,0.0,0.0,0.0,,20,0,0,0,397,0,3.1664843409865178,0.0,5.341060032511296,3.0146,Below Average,39,39,798,0,4,0,0,6
2014,1,1,1,1.0,50.0,0,0,0,0,1,0,2,16.0,8.0,12.0,3/34,1,0,3,34,398,0,0.007034226019245297,2.622926855559567,6.708162813864161,2.4131,Poor,1,1,1,2,0,0,0,1
2021,2,2,0,0.0,0.0,0,0,0,0,0*,0,2,22.5,7.5,18.0,2/28,0,1,2,28,399,0,0.0,2.17893701397101,5.183220953059052,1.8513,Poor,48,26,192,45,0,0,25,6
2022,8,3,9,9.0,128.57,0,1,0,0,8*,3,7,39.14,8.56,27.42,25/3,8,1,25,3,399,0,1.0064947650337763,3.1440798974411233,5.183220953059052,2.5457,Below Average,48,26,192,45,0,0,25,6
2023,8,6,39,13.0,90.69,4,0,0,0,17*,3,10,26.7,9.88,16.2,16/2,17,1,16,2,399,0,2.4292119807409542,4.367066800333371,5.183220953059052,3.7826,Below Average,48,26,192,45,0,0,25,6
2024,3,2,18,18.0,138.46,1,1,0,0,17,6,1,129.0,12.9,60.0,45/1,17,0,45,1,399,0,2.400739638811242,0.1626639488948885,5.183220953059052,2.6267,Below Average,48,26,192,45,0,0,25,6
2025,14,8,75,18.75,119.04,3,4,0,0,34*,6,16,27.12,9.2,17.68,17/3,34,1,17,3,399,0,4.055942538367532,5.583777234800516,5.183220953059052,5.409,Average,48,26,192,45,0,0,25,6
2026,13,5,51,12.75,113.33,1,3,0,0,20,7,9,53.66,10.2,31.55,33/2,20,0,33,2,399,0,2.9964047846016606,2.7105587783742946,5.183220953059052,3.6205,Below Average,48,26,192,45,0,0,25,6
2016,7,5,146,36.5,135.18,13,4,1,0,52,0,8,24.25,8.43,17.25,4/15,52,0,4,15,400,0,6.051812581597477,4.437478789680853,6.534472304706259,7.1642,Very Good,122,108,2242,46,10,1,14,11
2017,5,3,17,5.66,70.83,1,0,0,0,9,0,2,55.0,10.47,31.5,4/15,9,0,4,15,400,0,0.7329664127458362,0.8309668342892118,6.534472304706259,2.4578,Poor,122,108,2242,46,10,1,14,11
2018,7,7,99,24.75,130.26,6,4,0,0,29*,0,3,40.0,10.9,22.0,4/15,29,1,4,15,400,0,4.927778683017157,1.4594654705186818,6.534472304706259,5.0587,Average,122,108,2242,46,10,1,14,11
2019,10,10,211,52.75,135.25,14,10,0,0,46*,0,2,72.5,8.7,50.0,4/15,46,1,4,15,400,0,7.081171065872843,0.7677125577899264,6.534472304706259,6.4341,Good,122,108,2242,46,10,1,14,11
2020,17,17,352,25.14,148.52,31,16,3,0,65,0,13,21.76,9.53,13.69,4/15,65,0,4,15,400,0,6.891087187311641,5.529164702211987,6.534472304706259,8.436,Very Good,122,108,2242,46,10,1,14,11
2021,10,7,89,22.25,123.61,11,1,0,0,27*,0,2,58.5,10.47,33.5,4/15,27,1,4,15,400,0,4.566476088382933,0.7876417513085698,6.534472304706259,4.3582,Average,122,108,2242,46,10,1,14,11
2022,11,10,156,19.5,147.16,7,13,0,0,38*,4,4,19.75,11.28,10.5,23/3,38,1,23,3,400,0,5.392569828613166,2.8655037856597327,6.534472304706259,6.0933,Good,122,108,2242,46,10,1,14,11
2023,15,15,408,31.38,150.0,28,27,3,0,89*,4,5,20.0,9.23,13.0,20/2,89,1,20,2,400,0,7.422617727060585,3.6533290442473882,6.534472304706259,8.1285,Very Good,122,108,2242,46,10,1,14,11
2024,14,14,388,32.33,147.52,39,16,2,1,124*,4,4,31.5,9.0,21.0,3/1,124,1,3,1,400,0,7.3705575455307475,2.4529804543904468,6.534472304706259,7.5468,Very Good,122,108,2242,46,10,1,14,11
2025,13,11,160,26.67,186.04,8,15,0,0,44*,1,1,175.0,12.35,85.0,14/1,44,1,14,1,400,0,6.187038393515722,0.12607832492076193,6.534472304706259,5.4102,Average,122,108,2242,46,10,1,14,11
2026,13,9,216,36.0,180.0,23,11,1,0,62*,1,2,49.0,12.51,23.5,26/1,62,1,26,1,400,0,6.979209878370215,0.7870876253212469,6.534472304706259,6.2946,Good,122,108,2242,46,10,1,14,11
2008,10,10,225,32.14,127.11,24,6,1,0,50*,0,0,0.0,0.0,0.0,,50,1,0,0,401,0,6.391374412028668,0.0,4.913390854204473,4.71,Average,31,24,394,0,1,0,0,4
2009,12,9,150,30.0,129.31,8,6,0,0,48*,0,0,0.0,0.0,0.0,,48,1,0,0,401,0,5.755315859271638,0.0,4.913390854204473,4.2882,Average,31,24,394,0,1,0,0,4
2010,5,2,13,13.0,130.0,0,1,0,0,11*,0,0,0.0,0.0,0.0,,11,1,0,0,401,0,1.6391378382531658,0.0,4.913390854204473,2.0231,Poor,31,24,394,0,1,0,0,4
2011,4,3,6,6.0,100.0,0,0,0,0,5,0,0,0.0,0.0,0.0,,5,0,0,0,401,0,0.43366393456570335,0.0,4.913390854204473,1.1642,Poor,31,24,394,0,1,0,0,4
2018,1,1,1,1.0,33.33,0,0,0,0,1,0,0,0.0,0.0,0.0,,1,0,0,0,402,0,0.004692911457903685,0.0,3.1408785813755817,0.1119,Poor,5,3,12,11,0,0,2,2
2023,4,2,11,11.0,220.0,1,1,0,0,10*,2,11,11.81,8.12,8.72,14/5,10,1,14,5,402,0,1.8306598150302402,7.033736144194006,3.1408785813755817,3.4484,Below Average,5,3,12,11,0,0,2,2
2012,8,8,124,17.71,100.81,7,5,0,0,46,0,8,27.0,7.53,21.5,3/39,46,0,3,39,403,0,4.430627611613925,4.449655094738692,4.211200200769399,4.8675,Average,15,14,161,9,0,0,0,3
2013,2,2,8,4.0,44.44,1,0,0,0,5,0,1,34.0,8.5,24.0,3/39,5,0,3,39,403,0,0.18752594215036153,0.8282927481262631,4.211200200769399,0.856,Poor,15,14,161,9,0,0,0,3
2017,5,4,29,7.25,93.54,1,2,0,0,27,0,0,0.0,0.0,0.0,,27,0,0,0,403,0,1.5336854169745213,0.0,4.211200200769399,1.7298,Poor,15,14,161,9,0,0,0,3
2016,3,3,57,19.0,103.63,3,3,0,0,48,0,0,0.0,0.0,0.0,,48,0,0,0,404,0,3.5305949468842956,0.0,5.671152236057848,3.3057,Below Average,13,13,270,0,1,0,0,3
2017,7,7,132,22.0,150.0,17,5,1,0,50*,0,0,0.0,0.0,0.0,,50,1,0,0,404,0,5.354904157211221,0.0,5.671152236057848,4.2442,Average,13,13,270,0,1,0,0,3
2019,3,3,81,27.0,152.83,4,7,0,0,36,0,0,0.0,0.0,0.0,,36,0,0,0,404,0,4.990911701301594,0.0,5.671152236057848,4.2899,Average,13,13,270,0,1,0,0,3
2009,1,1,2,0.0,100.0,0,0,0,0,2*,0,0,0.0,0.0,0.0,,2,1,0,0,405,0,0.0,0.0,6.708162813864161,1.785,Poor,1,1,2,0,0,0,0,1
2026,3,2,7,3.5,70.0,1,0,0,0,5,1,2,65.0,13.0,30.0,54/2,5,0,54,2,407,0,0.2232387068923617,0.59214956190226,6.953569201408803,2.1719,Poor,3,2,7,2,0,0,1,1
2025,1,1,14,14.0,116.66,1,1,0,0,14,0,0,0.0,0.0,0.0,,14,0,0,0,408,0,1.678093731149897,0.0,6.708162813864161,2.5894,Below Average,1,1,14,0,0,0,0,1
2008,4,4,189,63.0,144.27,24,6,2,0,81,0,0,0.0,0.0,0.0,,81,0,0,0,409,0,7.266217228812425,0.0,5.56352846149646,5.7062,Good,32,32,1107,0,8,0,0,3
2009,12,12,572,52.0,144.81,60,22,5,0,89,0,0,0.0,0.0,0.0,,89,0,0,0,409,0,8.557755968523553,0.0,5.56352846149646,6.7861,Good,32,32,1107,0,8,0,0,3
2010,16,16,346,21.62,124.01,37,16,1,0,93,0,0,0.0,0.0,0.0,,93,0,0,0,409,0,6.404162125392828,0.0,5.56352846149646,5.0474,Average,32,32,1107,0,8,0,0,3
2023,6,6,117,19.5,127.17,15,4,0,0,36,5,0,0.0,0.0,0.0,,36,0,0,0,410,0,4.797560959782426,0.0,5.905936654298202,4.1964,Average,9,9,177,0,0,0,7,2
2026,3,3,60,20.0,117.64,6,1,0,0,34,2,0,0.0,0.0,0.0,,34,0,0,0,410,0,3.830263501038088,0.0,5.905936654298202,3.4642,Below Average,9,9,177,0,0,0,7,2
2011,3,3,22,7.33,66.66,0,0,0,0,11,0,0,0.0,0.0,0.0,,11,0,0,0,411,0,1.0294798109284933,0.0,4.156375862304507,1.1769,Poor,15,14,183,0,0,0,8,3
2022,10,10,157,15.7,113.76,23,2,0,0,35,7,0,0.0,0.0,0.0,,35,0,0,0,411,0,4.7510753989673935,0.0,4.156375862304507,3.349,Below Average,15,14,183,0,0,0,8,3
2024,2,1,4,4.0,66.66,0,0,0,0,4,1,0,0.0,0.0,0.0,,4,0,0,0,411,0,0.1429298484168439,0.0,4.156375862304507,0.7541,Poor,15,14,183,0,0,0,8,3
2011,8,7,141,20.14,117.5,16,4,0,0,41,0,0,0.0,0.0,0.0,,41,0,0,0,412,0,4.98857544185797,0.0,6.66742095115366,4.558,Average,131,125,2756,0,13,1,18,15
2012,16,12,225,20.45,142.4,19,15,1,0,64*,0,0,0.0,0.0,0.0,,64,1,0,0,412,0,5.9200254598047515,0.0,6.66742095115366,5.2741,Average,131,125,2756,0,13,1,18,15
2013,5,5,67,13.4,108.06,6,3,0,0,29,0,0,0.0,0.0,0.0,,29,0,0,0,412,0,3.343109936089273,0.0,6.66742095115366,3.4355,Below Average,131,125,2756,0,13,1,18,15
2014,8,8,115,14.37,126.37,12,3,0,0,31,0,0,0.0,0.0,0.0,,31,0,0,0,412,0,4.3519778774140825,0.0,6.66742095115366,4.0521,Average,131,125,2756,0,13,1,18,15
2015,10,10,213,23.66,120.33,23,7,2,0,68,0,0,0.0,0.0,0.0,,68,0,0,0,412,0,5.8125586657644535,0.0,6.66742095115366,5.06,Average,131,125,2756,0,13,1,18,15
2016,3,3,27,9.0,108.0,3,1,0,0,10,0,0,0.0,0.0,0.0,,10,0,0,0,412,0,1.8161039345144336,0.0,6.66742095115366,2.5115,Below Average,131,125,2756,0,13,1,18,15
2017,3,3,26,8.66,96.29,3,0,0,0,20,0,0,0.0,0.0,0.0,,20,0,0,0,412,0,1.6263153066991625,0.0,6.66742095115366,2.5763,Below Average,131,125,2756,0,13,1,18,15
2018,11,11,120,12.0,127.65,9,5,0,0,30,0,0,0.0,0.0,0.0,,30,0,0,0,412,0,4.180762427027481,0.0,6.66742095115366,4.0082,Average,131,125,2756,0,13,1,18,15
2019,13,13,332,25.53,141.88,26,14,2,0,58,0,0,0.0,0.0,0.0,,58,0,0,0,412,0,6.766779699055304,0.0,6.66742095115366,5.8768,Good,131,125,2756,0,13,1,18,15
2020,11,11,424,38.54,156.45,44,15,2,1,106,0,0,0.0,0.0,0.0,,106,0,0,0,412,0,7.824293283069576,0.0,6.66742095115366,6.5692,Good,131,125,2756,0,13,1,18,15
2021,12,12,441,40.09,140.44,42,18,4,0,99*,0,0,0.0,0.0,0.0,,99,1,0,0,412,0,7.78325332727814,0.0,6.66742095115366,6.6691,Good,131,125,2756,0,13,1,18,15
2022,13,12,196,16.33,122.5,23,6,1,0,52,10,0,0.0,0.0,0.0,,52,0,0,0,412,0,5.209972230480442,0.0,6.66742095115366,4.7366,Average,131,125,2756,0,13,1,18,15
2023,10,10,270,27.0,128.57,29,6,1,0,83,6,0,0.0,0.0,0.0,,83,0,0,0,412,0,6.418552178564481,0.0,6.66742095115366,5.5837,Good,131,125,2756,0,13,1,18,15
2024,4,4,64,16.0,112.28,8,1,0,0,32,2,0,0.0,0.0,0.0,,32,0,0,0,412,0,3.56189985833372,0.0,6.66742095115366,3.6669,Below Average,131,125,2756,0,13,1,18,15
2025,4,4,95,31.67,148.43,10,2,0,0,41*,0,0,0.0,0.0,0.0,,41,1,0,0,412,0,5.389216685011878,0.0,6.66742095115366,4.6783,Average,131,125,2756,0,13,1,18,15
2018,14,6,21,10.5,87.5,2,0,0,0,7*,0,15,24.53,8.36,17.6,4/23,7,1,4,23,414,0,1.5158388883980354,5.903798933959475,4.7481278655334656,3.7011,Below Average,27,11,48,28,0,0,0,3
2019,3,2,6,6.0,120.0,1,0,0,0,6,0,1,59.0,9.83,36.0,4/23,6,0,4,23,414,0,0.5064206647116744,0.44340318454662236,4.7481278655334656,1.3488,Poor,27,11,48,28,0,0,0,3
2023,10,3,21,0.0,161.53,2,1,0,0,18*,0,12,25.0,7.89,19.0,15/4,18,1,15,4,414,0,0.0,5.457204172091093,4.7481278655334656,2.6379,Below Average,27,11,48,28,0,0,0,3
2026,4,1,5,5.0,100.0,1,0,0,0,5,0,0,0.0,0.0,0.0,,5,0,0,0,415,0,0.3147126036359016,0.0,7.03257241222424,2.1953,Poor,4,1,5,0,0,0,0,1
2023,5,4,58,29.0,123.4,6,1,0,0,26,1,6,15.83,8.63,11.0,13/2,26,0,13,2,416,0,4.3437434223133184,4.6965748102522955,7.0971227355598625,6.3717,Good,5,4,58,6,0,0,1,1
2012,6,6,98,16.33,105.37,12,0,0,0,41,0,2,33.5,6.09,33.0,1/12,41,0,1,12,417,0,4.065670331478133,1.9045363993644568,7.151699256297347,4.8273,Average,6,6,98,2,0,0,0,1
2008,4,3,168,84.0,168.0,12,11,0,1,116*,0,0,0.0,0.0,0.0,,116,1,0,0,418,0,7.718351815855501,0.0,5.567655889331366,6.0157,Good,59,58,1977,0,15,1,0,7
2010,3,3,37,18.5,84.09,2,0,0,0,15,0,0,0.0,0.0,0.0,,15,0,0,0,418,0,2.694386058582296,0.0,5.567655889331366,2.7013,Below Average,59,58,1977,0,15,1,0,7
2011,14,14,492,41.0,118.84,53,6,4,0,83*,0,0,0.0,0.0,0.0,,83,1,0,0,418,0,7.733919047405737,0.0,5.567655889331366,6.1238,Good,59,58,1977,0,15,1,0,7
2012,8,8,261,32.62,110.59,28,8,2,0,56,0,0,0.0,0.0,0.0,,56,0,0,0,418,0,6.424892436380208,0.0,5.567655889331366,5.0219,Average,59,58,1977,0,15,1,0,7
2013,17,17,733,52.35,129.5,81,17,6,0,95,0,0,0.0,0.0,0.0,,95,0,0,0,418,0,8.758964384234535,0.0,5.567655889331366,6.8987,Good,59,58,1977,0,15,1,0,7
2014,9,9,209,23.22,114.83,17,7,2,0,56,0,0,0.0,0.0,0.0,,56,0,0,0,418,0,5.695378490996762,0.0,5.567655889331366,4.6082,Average,59,58,1977,0,15,1,0,7
2015,4,4,77,19.25,110.0,5,3,1,0,56,0,0,0.0,0.0,0.0,,56,0,0,0,418,0,4.020907876007201,0.0,5.567655889331366,3.4133,Below Average,59,58,1977,0,15,1,0,7
2011,4,4,73,18.25,94.8,9,0,0,0,29,0,0,0.0,0.0,0.0,,29,0,0,0,419,0,3.684216171351919,0.0,7.03257241222424,4.0377,Average,4,4,73,0,0,0,0,1
2010,11,11,278,25.27,144.79,45,6,1,0,83,0,0,0.0,0.0,0.0,,83,0,0,0,420,0,6.5327372890799005,0.0,7.342529123104505,6.068,Good,11,11,278,0,1,0,0,1
2008,8,8,117,16.71,144.44,10,6,0,0,47*,0,0,0.0,0.0,0.0,,47,1,0,0,421,0,4.760674475004909,0.0,7.240676269710922,4.7526,Average,8,8,117,0,0,0,0,1
2013,17,6,39,9.75,108.33,2,2,0,0,11,0,24,19.12,7.17,16.0,3/26,11,0,3,26,422,0,2.3031276108458827,8.134095557244972,5.1100459897886115,5.1439,Average,54,30,167,61,0,0,0,6
2014,14,8,56,18.66,112.0,4,3,0,0,16*,0,17,26.11,8.29,18.88,3/26,16,1,3,26,422,0,3.5849666466194696,6.079005204716682,5.1100459897886115,5.2972,Average,54,30,167,61,0,0,0,6
2015,9,8,31,7.75,86.11,1,1,0,0,13*,0,9,37.33,9.37,23.88,3/26,13,1,3,26,422,0,1.581413764908263,3.5495549164870663,5.1100459897886115,2.9577,Below Average,54,30,167,61,0,0,0,6
2016,3,3,5,2.5,35.71,0,0,0,0,4,0,2,53.0,9.63,33.0,3/26,4,0,3,26,422,0,0.061590303430313034,0.9216335802359705,5.1100459897886115,1.3218,Poor,54,30,167,61,0,0,0,6
2017,5,3,20,0.0,117.64,1,1,0,0,13*,0,7,20.14,7.05,17.14,3/26,13,1,3,26,422,0,0.0,4.961709556670472,5.1100459897886115,2.6303,Below Average,54,30,167,61,0,0,0,6
2018,6,2,16,0.0,145.45,2,0,0,0,12*,0,2,108.0,10.28,63.0,3/26,12,1,3,26,422,0,0.0,0.46169380130581084,5.1100459897886115,1.2142,Poor,54,30,167,61,0,0,0,6
2010,3,2,28,14.0,93.33,1,1,0,0,15,0,2,44.0,8.8,30.0,4/25,15,0,4,25,423,0,2.1701217411352984,1.1607538210469845,5.337056580190795,2.7051,Below Average,68,62,1855,37,12,2,8,10
2011,5,3,50,25.0,102.04,2,3,0,0,37,0,7,14.14,6.98,12.14,4/25,37,0,4,25,423,0,3.697119490358723,5.828311643208481,5.337056580190795,5.2475,Average,68,62,1855,37,12,2,8,10
2013,9,8,140,20.0,132.07,6,10,0,0,38,0,7,26.0,9.41,16.57,4/25,38,0,4,25,423,0,5.1295464654621945,3.7656964914158637,5.337056580190795,5.466,Average,68,62,1855,37,12,2,8,10
2016,3,1,7,7.0,63.63,0,0,0,0,7,0,4,11.25,5.0,13.5,4/25,7,0,4,25,423,0,0.38275790084007,5.834749330670535,5.337056580190795,3.0024,Below Average,68,62,1855,37,12,2,8,10
2020,1,1,0,0.0,0.0,0,0,0,0,0*,0,0,0.0,0.0,0.0,,0,1,0,0,423,0,0.0,0.0,5.337056580190795,0.9045,Poor,68,62,1855,37,12,2,8,10
2022,8,8,251,31.38,132.8,19,14,2,0,89,0,4,25.5,8.5,18.0,25/2,89,0,25,2,423,0,6.571770600955064,2.9148707372505624,5.337056580190795,6.3215,Good,68,62,1855,37,12,2,8,10
2023,9,9,128,14.22,131.95,11,7,1,0,63,3,12,14.16,8.42,10.08,27/4,63,0,27,4,423,0,4.540731105132779,6.700346149063408,5.337056580190795,6.4877,Good,68,62,1855,37,12,2,8,10
2024,4,4,61,15.25,160.52,9,3,0,0,23,0,1,103.0,12.87,48.0,37/1,23,0,37,1,423,0,3.9043727660044416,0.20272172053967213,5.337056580190795,3.3148,Below Average,68,62,1855,37,12,2,8,10
2025,13,13,627,48.23,163.7,56,37,6,1,117,1,0,0.0,0.0,0.0,,117,0,0,0,423,0,8.753594321926977,0.0,5.337056580190795,6.6475,Good,68,62,1855,37,12,2,8,10
2026,13,13,563,43.31,163.18,51,36,3,1,111,4,0,0.0,0.0,0.0,,111,0,0,0,423,0,8.44620068023522,0.0,5.337056580190795,6.5553,Good,68,62,1855,37,12,2,8,10
2015,12,3,13,13.0,216.66,0,2,0,0,12*,0,18,21.44,8.21,15.66,4/21,12,1,4,21,424,0,2.1710351367779497,6.740650967071056,5.460040956955121,4.567,Average,56,24,85,71,0,0,0,5
2016,14,5,34,11.33,147.82,2,3,0,0,20,0,17,25.64,8.17,18.82,4/21,20,0,4,21,424,0,2.6814594915229906,6.160121220651652,5.460040956955121,4.8722,Average,56,24,85,71,0,0,0,5
2017,14,7,16,4.0,106.66,0,1,0,0,12,0,19,26.68,9.38,17.05,4/21,12,0,4,21,424,0,0.7338868282181694,5.99534568393055,5.460040956955121,3.2885,Below Average,56,24,85,71,0,0,0,5
2018,11,5,11,5.5,110.0,1,1,0,0,11*,0,14,23.71,8.3,17.14,4/21,11,1,4,21,424,0,0.7194601195090462,5.835767420852474,5.460040956955121,3.3094,Below Average,56,24,85,71,0,0,0,5
2019,5,4,11,3.66,68.75,2,0,0,0,10,0,3,47.33,7.88,36.0,4/21,10,0,4,21,424,0,0.3446173088824975,1.6451819125340819,5.460040956955121,2.0989,Poor,56,24,85,71,0,0,0,5
2019,4,2,32,32.0,139.13,0,3,0,0,22,0,4,23.5,6.71,21.0,2/13,22,0,2,13,425,0,3.8423506796128897,3.521069618409779,4.988557968480155,4.3384,Average,33,21,136,28,0,0,11,6
2022,6,4,22,11.0,81.48,3,0,0,0,11,1,4,32.5,6.84,28.5,15/1,11,0,15,1,425,0,1.5361256728981008,2.8693668360845463,4.988557968480155,2.8106,Below Average,33,21,136,28,0,0,11,6
2023,3,2,2,0.0,50.0,0,0,0,0,1*,1,3,27.0,6.75,24.0,28/2,1,1,28,2,425,0,0.0,2.7124032377144367,4.988557968480155,1.9355,Poor,33,21,136,28,0,0,11,6
2024,3,3,14,4.67,82.35,1,0,0,0,11,1,2,32.0,7.11,27.0,10/1,11,0,10,1,425,0,0.6075062587589629,1.7582086052349712,4.988557968480155,1.9952,Poor,33,21,136,28,0,0,11,6
2025,13,8,40,20.0,121.21,2,3,0,0,18*,7,10,31.3,7.92,23.7,11/3,18,1,11,3,425,0,3.3424736722276016,4.505060885708892,4.988557968480155,4.3968,Average,33,21,136,28,0,0,11,6
2026,4,2,26,0.0,136.84,3,0,0,0,18*,1,5,25.0,8.92,16.8,16/2,18,1,16,2,425,0,0.0,3.2786816218389574,4.988557968480155,2.0061,Poor,33,21,136,28,0,0,11,6
2014,14,9,85,14.16,101.19,9,0,0,0,29,0,14,28.71,7.49,23.0,4/15,29,0,4,15,426,0,3.6368119440853572,5.620297006983965,4.811347748776721,4.9929,Average,52,23,111,65,0,0,12,4
2015,13,3,11,11.0,78.57,1,0,0,0,9*,0,20,14.55,6.76,12.9,4/15,9,1,4,15,426,0,0.9423834516934166,8.530367726738216,4.811347748776721,4.0637,Average,52,23,111,65,0,0,12,4
2024,14,5,9,4.5,81.81,1,0,0,0,6*,5,17,26.11,10.61,14.76,33/4,6,1,33,4,426,0,0.4036149842960062,5.47795620277757,4.811347748776721,2.9056,Below Average,52,23,111,65,0,0,12,4
2025,11,6,6,3.0,60.0,0,0,0,0,2*,7,14,26.14,10.16,15.42,35/5,2,1,35,5,426,0,0.14464164768246984,5.117738586062204,4.811347748776721,2.6269,Below Average,52,23,111,65,0,0,12,4
2010,9,8,157,39.25,105.36,14,0,0,0,32*,0,0,0.0,0.0,0.0,,32,1,0,0,427,0,5.90732529668243,0.0,5.2318578610135,4.4341,Average,44,32,439,0,0,0,0,5
2011,10,10,114,11.4,92.68,8,4,0,0,35,0,0,0.0,0.0,0.0,,35,0,0,0,427,0,3.622340789262903,0.0,5.2318578610135,3.09,Below Average,44,32,439,0,0,0,0,5
2012,10,7,120,30.0,125.0,10,4,0,0,42*,0,0,0.0,0.0,0.0,,42,1,0,0,427,0,5.399760356868301,0.0,5.2318578610135,4.1188,Average,44,32,439,0,0,0,0,5
2013,3,2,13,0.0,76.47,1,0,0,0,11*,0,0,0.0,0.0,0.0,,11,1,0,0,427,0,0.0,0.0,5.2318578610135,0.9347,Poor,44,32,439,0,0,0,0,5
2014,12,5,35,17.5,152.17,3,1,0,0,13*,0,0,0.0,0.0,0.0,,13,1,0,0,427,0,3.2919533278398334,0.0,5.2318578610135,2.9059,Below Average,44,32,439,0,0,0,0,5
2018,5,4,77,19.25,167.39,4,6,1,0,65,0,3,32.33,7.36,26.33,3/7,65,0,3,7,428,0,4.584818298084373,2.2737300027875755,5.685248967424819,4.5462,Average,73,59,1167,41,6,0,12,8
2019,11,10,220,27.5,165.41,16,17,2,0,66,0,6,28.16,6.76,25.0,3/7,66,0,3,7,428,0,6.509998269995827,3.968090679504461,5.685248967424819,6.9901,Good,73,59,1167,41,6,0,12,8
2020,3,3,12,4.0,75.0,1,0,0,0,11,0,1,42.0,8.4,30.0,3/7,11,0,3,7,428,0,0.43366393456570335,0.6956013722703579,5.685248967424819,1.6984,Poor,73,59,1167,41,6,0,12,8
2021,15,15,357,25.5,137.3,31,19,1,0,58,0,6,26.83,6.35,25.33,3/7,58,0,3,7,428,0,6.820795487925661,4.205944878405534,5.685248967424819,7.4728,Very Good,73,59,1167,41,6,0,12,8
2022,10,10,244,24.4,137.85,24,11,1,0,93,5,8,19.75,6.62,17.87,13/3,93,0,13,3,428,0,6.2333487005473,5.470993990031086,5.685248967424819,7.4403,Very Good,73,59,1167,41,6,0,12,8
2023,15,10,124,17.71,136.26,12,6,0,0,23,3,9,21.66,7.5,17.33,26/4,23,0,26,4,428,0,4.839659594930216,5.234692527261697,5.685248967424819,6.0947,Good,73,59,1167,41,6,0,12,8
2024,8,5,128,25.6,130.61,7,8,1,0,56,2,2,35.5,8.87,24.0,23/2,56,0,23,2,428,0,5.330586826837793,1.3706807700623043,5.685248967424819,4.7962,Average,73,59,1167,41,6,0,12,8
2025,6,2,5,2.5,35.71,0,0,0,0,5,2,6,22.66,8.5,16.0,23/2,5,0,23,2,428,0,0.061590303430313034,3.943279017393915,5.685248967424819,2.6464,Below Average,73,59,1167,41,6,0,12,8
2009,1,1,2,2.0,20.0,0,0,0,0,2,0,0,0.0,0.0,0.0,,2,0,0,0,429,0,0.011237982911609849,0.0,6.708162813864161,1.7509,Poor,1,1,2,0,0,0,0,1
2008,8,2,3,1.5,50.0,0,0,0,0,3,0,8,37.0,9.25,24.0,2/19,3,0,2,19,430,0,0.031381355316430555,3.3594512633988898,7.240676269710922,2.896,Below Average,8,2,3,8,0,0,0,1
2008,8,3,20,10.0,90.9,2,1,0,0,13,0,1,24.0,4.8,30.0,1/8,13,0,1,8,431,0,1.461170994245943,1.741860752083878,7.240676269710922,3.1937,Below Average,8,3,20,1,0,0,0,1
2008,16,14,176,16.0,102.92,14,6,0,0,34*,0,0,0.0,0.0,0.0,,34,1,0,0,432,0,4.796077000750073,0.0,5.163618187748041,3.6108,Below Average,29,22,259,0,0,0,0,4
2010,4,3,28,9.33,93.33,2,0,0,0,14,0,0,0.0,0.0,0.0,,14,0,0,0,432,0,1.7417013103653631,0.0,5.163618187748041,2.0865,Poor,29,22,259,0,0,0,0,4
2011,8,4,41,13.66,124.24,5,0,0,0,15,0,0,0.0,0.0,0.0,,15,0,0,0,432,0,2.925368883652743,0.0,5.163618187748041,2.8595,Below Average,29,22,259,0,0,0,0,4
2012,1,1,14,14.0,87.5,1,0,0,0,14,0,0,0.0,0.0,0.0,,14,0,0,0,432,0,1.4086556133457377,0.0,5.163618187748041,1.9518,Poor,29,22,259,0,0,0,0,4
2017,3,1,2,2.0,66.66,0,0,0,0,2,0,2,29.0,5.27,33.0,4/11,2,0,4,11,433,0,0.037113199714171013,2.332133103920792,4.765703754859031,1.7406,Poor,24,19,215,15,0,0,7,6
2018,2,2,18,9.0,150.0,3,0,0,0,14,0,1,47.0,9.4,30.0,4/11,14,0,4,11,433,0,1.7383529420808588,0.5687465681526909,4.765703754859031,2.1678,Poor,24,19,215,15,0,0,7,6
2019,8,7,115,19.16,151.31,8,7,0,0,31,0,8,24.25,6.65,21.87,4/11,31,0,4,11,433,0,4.987454668753276,4.9761623401662884,4.765703754859031,5.7704,Good,24,19,215,15,0,0,7,6
2020,1,1,11,0.0,137.5,2,0,0,0,11*,0,0,0.0,0.0,0.0,,11,1,0,0,433,0,0.0,0.0,4.765703754859031,0.6401,Poor,24,19,215,15,0,0,7,6
2021,3,3,34,11.33,170.0,3,2,0,0,17,0,2,43.0,10.75,24.0,4/11,17,0,4,11,433,0,2.850873203838274,1.002185569838445,4.765703754859031,2.7022,Below Average,24,19,215,15,0,0,7,6
2024,7,5,35,8.75,112.9,2,2,0,0,23,7,2,54.5,8.83,37.0,16/1,23,0,16,1,433,0,2.1079260995581213,0.9687763973861769,4.765703754859031,2.4722,Poor,24,19,215,15,0,0,7,6
2013,3,1,5,5.0,50.0,0,0,0,0,5,0,1,78.0,8.66,54.0,3/15,5,0,3,15,434,0,0.16611641070176067,0.38482904616766545,5.570174895836217,1.4604,Poor,116,36,115,125,0,0,9,11
2014,12,4,3,1.5,42.85,0,0,0,0,1*,0,7,52.71,8.38,37.71,3/15,1,1,3,15,434,0,0.026936381276433212,2.6470264121538065,5.570174895836217,2.2119,Poor,116,36,115,125,0,0,9,11
2016,8,2,2,0.0,50.0,0,0,0,0,2*,0,5,48.8,9.69,30.2,3/15,2,1,3,15,434,0,0.0,2.0109307111181383,5.570174895836217,1.8948,Poor,116,36,115,125,0,0,9,11
2017,8,6,36,9.0,150.0,4,2,0,0,21,0,5,48.6,9.34,31.2,3/15,21,0,3,15,434,0,2.4937264020670873,2.0700979575821483,5.570174895836217,3.0627,Below Average,116,36,115,125,0,0,9,11
2018,4,1,7,7.0,116.66,1,0,0,0,7,0,3,48.0,10.4,27.66,3/15,7,0,3,15,434,0,0.6376458252605264,1.3117776773916372,5.570174895836217,1.9396,Poor,116,36,115,125,0,0,9,11
2019,14,2,1,1.0,50.0,0,0,0,0,1*,0,19,24.68,8.68,17.05,3/15,1,1,3,15,434,0,0.007034226019245297,6.381623295678557,5.570174895836217,2.9426,Below Average,116,36,115,125,0,0,9,11
2020,14,3,2,2.0,66.66,0,0,0,0,2*,0,20,23.0,8.57,16.1,3/15,2,1,3,15,434,0,0.037113199714171013,6.720877584752936,5.570174895836217,3.2483,Below Average,116,36,115,125,0,0,9,11
2021,14,4,13,13.0,76.47,0,0,0,0,9*,0,19,20.78,7.5,16.63,3/15,9,1,3,15,434,0,1.16999810188973,7.19032142546233,5.570174895836217,4.1436,Average,116,36,115,125,0,0,9,11
2023,17,2,5,2.5,83.33,1,0,0,0,5,4,28,18.64,8.03,13.92,11/4,5,0,11,4,434,0,0.13974846320750606,8.309215207661397,5.570174895836217,3.8793,Below Average,116,36,115,125,0,0,9,11
2025,9,4,10,10.0,100.0,1,0,0,0,6*,2,6,56.16,11.23,30.0,28/2,6,1,28,2,434,0,0.9775866369973539,1.8634706364028766,5.570174895836217,2.4865,Poor,116,36,115,125,0,0,9,11
2026,13,7,31,6.2,140.9,2,3,0,0,12*,3,12,38.25,9.0,25.5,9/2,12,1,9,2,434,0,1.848302889832845,4.183727392571171,5.570174895836217,3.62,Below Average,116,36,115,125,0,0,9,11
2018,11,4,25,12.5,113.63,2,1,0,0,14,0,11,33.36,8.95,22.36,4/32,14,0,4,32,435,0,2.1371644910510907,4.304340646995676,5.595422794306474,3.7806,Below Average,119,28,117,118,0,0,21,9
2019,9,4,4,4.0,28.57,0,0,0,0,3*,0,7,38.42,9.55,24.14,4/32,3,1,4,32,435,0,0.06304023446003179,2.975314480055623,5.595422794306474,2.0891,Poor,119,28,117,118,0,0,21,9
2020,9,3,17,17.0,121.42,2,0,0,0,10*,0,11,21.45,8.68,14.81,4/32,10,1,4,32,435,0,2.124119472399078,5.387242468163761,5.595422794306474,4.1956,Average,119,28,117,118,0,0,21,9
2021,15,4,20,20.0,76.92,1,1,0,0,12*,0,11,32.09,6.78,28.36,4/32,12,1,4,32,435,0,1.9819954971657803,5.020228715181842,5.595422794306474,3.9849,Below Average,119,28,117,118,0,0,21,9
2022,15,5,30,15.0,90.9,5,0,0,0,14*,5,9,57.11,10.07,34.0,30/2,14,1,30,2,435,0,2.295185109113353,2.625592253543396,5.595422794306474,3.29,Below Average,119,28,117,118,0,0,21,9
2023,14,2,1,1.0,50.0,0,0,0,0,1*,4,19,19.78,7.52,15.78,21/4,1,1,21,4,435,0,0.007034226019245297,7.31072414361059,5.595422794306474,3.5406,Below Average,119,28,117,118,0,0,21,9
2024,14,3,12,6.0,150.0,0,2,0,0,12,3,15,33.06,9.18,21.6,43/3,12,0,43,3,435,0,1.0329019382024756,4.967560463825271,5.595422794306474,3.1916,Below Average,119,28,117,118,0,0,21,9
2025,15,1,3,0.0,75.0,0,0,0,0,3*,5,16,32.93,9.24,21.37,17/4,3,1,17,4,435,0,0.0,5.11195391176992,5.595422794306474,2.9904,Below Average,119,28,117,118,0,0,21,9
2026,17,2,5,2.5,31.25,1,0,0,0,5,4,19,29.57,9.06,19.57,26/3,5,0,26,3,435,0,0.05404337020663107,5.828204038570886,5.595422794306474,2.969,Below Average,119,28,117,118,0,0,21,9
2025,9,5,23,11.5,121.05,0,3,0,0,20,4,6,36.16,10.33,21.0,7/1,20,0,7,1,436,0,2.024580020012427,2.6701525110679065,5.499796955536892,3.1747,Below Average,17,7,46,12,0,0,6,2
2026,8,2,23,23.0,209.09,1,2,0,0,15,2,6,28.66,9.92,17.33,22/3,15,0,22,3,436,0,3.511746347104037,3.1630358704265564,5.499796955536892,4.0658,Average,17,7,46,12,0,0,6,2
2023,1,1,1,0.0,50.0,0,0,0,0,1*,0,0,0.0,0.0,0.0,,1,1,0,0,437,0,0.0,0.0,6.708162813864161,1.6161,Poor,1,1,1,0,0,0,0,1
2014,16,1,1,0.0,33.33,0,0,0,0,1*,0,23,19.65,8.39,14.04,4/14,1,1,4,14,438,0,0.0,7.539372522864838,5.038491295878792,3.4202,Below Average,90,30,127,86,0,0,4,8
2015,16,6,28,9.33,155.55,1,2,0,0,21*,0,14,34.35,8.43,24.42,4/14,21,1,4,14,438,0,2.287709223924727,4.916558102525489,5.038491295878792,3.8354,Below Average,90,30,127,86,0,0,4,8
2016,14,6,32,8.0,123.07,3,1,0,0,15,0,13,31.3,8.39,22.38,4/14,15,0,4,14,438,0,2.007295381059231,4.9712514112777075,5.038491295878792,3.7772,Below Average,90,30,127,86,0,0,4,8
2017,14,7,51,8.5,102.0,3,1,0,0,13,0,13,31.53,8.97,21.07,4/14,13,0,4,14,438,0,2.3840848030774016,4.800349913834967,5.038491295878792,3.8901,Below Average,90,30,127,86,0,0,4,8
2018,9,4,10,10.0,76.92,1,0,0,0,4*,0,7,46.0,10.85,25.42,4/14,4,1,4,14,438,0,0.8046487721992239,2.4432398993152544,5.038491295878792,2.2791,Poor,90,30,127,86,0,0,4,8
2019,1,1,0,0.0,0.0,0,0,0,0,0*,0,1,27.0,9.0,18.0,4/14,0,1,4,14,438,0,0.0,0.9607413263271241,5.038491295878792,1.4567,Poor,90,30,127,86,0,0,4,8
2024,12,3,4,2.0,26.66,0,0,0,0,4,3,13,32.69,10.89,18.0,25/3,4,0,25,3,438,0,0.029763859724777346,4.284958879119759,5.038491295878792,2.4003,Poor,90,30,127,86,0,0,4,8
2025,8,2,1,1.0,33.33,0,0,0,0,1*,1,2,128.5,10.28,75.0,10/1,1,1,10,1,438,0,0.004692911457903685,0.3929748565485034,5.038491295878792,0.9247,Poor,90,30,127,86,0,0,4,8
2010,11,11,166,15.09,115.27,18,6,0,0,41,0,0,0.0,0.0,0.0,,41,0,0,0,439,0,4.79099562364414,0.0,4.706521147302686,3.492,Below Average,18,17,237,0,0,0,0,3
2011,6,5,67,16.75,111.66,5,2,0,0,37*,0,0,0.0,0.0,0.0,,37,1,0,0,439,0,3.6739672699534904,0.0,4.706521147302686,2.9925,Below Average,18,17,237,0,0,0,0,3
2012,1,1,4,4.0,100.0,1,0,0,0,4,0,0,0.0,0.0,0.0,,4,0,0,0,439,0,0.20932554836260303,0.0,4.706521147302686,0.9378,Poor,18,17,237,0,0,0,0,3
2022,9,3,23,23.0,143.75,2,1,0,0,13*,1,14,14.07,5.96,14.14,16/4,13,1,16,4,440,0,3.035475332281866,8.009085406343937,3.8939352351878425,4.871,Average,18,4,25,24,0,0,2,2
2024,9,1,2,2.0,200.0,0,0,0,0,2,1,10,38.5,10.13,22.8,29/2,2,0,29,2,440,0,0.10854272727951482,3.542555557614585,3.8939352351878425,1.7749,Poor,18,4,25,24,0,0,2,2
2009,4,3,38,19.0,95.0,2,1,0,0,30*,0,2,53.5,8.79,36.5,3/12,30,1,3,12,441,0,2.9076806607884507,0.9878011205033919,5.4425382585821085,3.0275,Below Average,62,54,1000,42,5,0,0,8
2010,1,1,11,11.0,220.0,2,0,0,0,11,0,1,35.0,8.75,24.0,3/12,11,0,3,12,441,0,1.8306598150302402,0.7876361501497187,5.4425382585821085,2.4495,Poor,62,54,1000,42,5,0,0,8
2013,10,9,165,41.25,132.0,20,3,0,0,44,0,7,26.42,8.74,18.14,3/12,44,0,3,12,441,0,6.359489955088952,3.886047732520014,5.4425382585821085,6.5936,Good,62,54,1000,42,5,0,0,8
2014,4,2,9,4.5,64.28,1,0,0,0,9,0,4,24.0,9.6,15.0,3/12,9,0,3,12,441,0,0.326324394177848,2.805654896232777,5.4425382585821085,2.233,Poor,62,54,1000,42,5,0,0,8
2015,9,9,287,41.0,136.01,19,13,2,0,74*,0,11,14.36,6.32,13.63,3/12,74,1,3,12,441,0,7.166982717525424,7.175343368272351,5.4425382585821085,8.437,Very Good,62,54,1000,42,5,0,0,8
2016,17,15,182,15.16,115.18,15,6,0,0,31*,0,12,34.58,7.98,26.0,3/12,31,1,3,12,441,0,4.92187879291226,4.6740830672273,5.4425382585821085,5.9167,Good,62,54,1000,42,5,0,0,8
2017,12,11,277,46.16,136.45,28,4,3,0,55*,0,1,248.0,10.33,144.0,3/12,55,1,3,12,441,0,7.287981823560562,0.10673595397017888,5.4425382585821085,5.7908,Good,62,54,1000,42,5,0,0,8
2021,5,4,31,15.5,96.87,0,1,0,0,14,0,4,11.25,4.5,15.0,3/12,14,0,3,12,441,0,2.443405326951738,6.093855380631369,5.4425382585821085,4.5064,Average,62,54,1000,42,5,0,0,8
2009,2,1,8,8.0,100.0,1,0,0,0,8,0,0,0.0,0.0,0.0,,8,0,0,0,442,0,0.6976994914718055,0.0,4.954279559494272,1.3757,Poor,70,23,126,77,0,0,0,8
2010,2,2,9,9.0,56.25,1,0,0,0,7*,0,0,0.0,0.0,0.0,,7,1,0,0,442,0,0.5294987888649304,0.0,4.954279559494272,1.2865,Poor,70,23,126,77,0,0,0,8
2011,11,5,40,20.0,160.0,3,2,0,0,16*,0,13,25.0,7.55,19.84,4/20,16,1,4,20,442,0,3.701726003087249,5.756795648290918,4.954279559494272,5.0245,Average,70,23,126,77,0,0,0,8
2012,16,4,3,1.5,60.0,0,0,0,0,2*,0,25,18.12,7.19,15.12,4/20,2,1,4,20,442,0,0.03757469756421392,8.376620367023445,4.954279559494272,3.524,Below Average,70,23,126,77,0,0,0,8
2013,10,6,57,11.4,196.55,6,3,0,0,23*,0,7,47.85,8.37,34.28,4/20,23,1,4,20,442,0,3.6988429613915876,2.8175331962743617,4.954279559494272,3.8975,Below Average,70,23,126,77,0,0,0,8
2014,12,2,4,0.0,133.33,0,0,0,0,4*,0,12,30.58,7.64,24.0,4/20,4,1,4,20,442,0,0.0,5.057020018677308,4.954279559494272,2.53,Below Average,70,23,126,77,0,0,0,8
2015,7,1,4,0.0,133.33,0,0,0,0,4*,0,10,20.6,7.35,16.8,4/20,4,1,4,20,442,0,0.0,5.6550054299976065,4.954279559494272,2.6619,Below Average,70,23,126,77,0,0,0,8
2016,10,2,1,0.0,100.0,0,0,0,0,1*,0,10,29.7,8.36,21.3,4/20,1,1,4,20,442,0,0.0,4.50149607899745,4.954279559494272,2.4514,Poor,70,23,126,77,0,0,0,8
2018,11,2,10,10.0,142.85,2,0,0,0,10*,0,14,20.64,6.99,17.71,3/27,10,1,3,27,443,0,1.251374913948653,6.607878527794978,3.6411000601732697,3.2741,Below Average,19,7,12,19,0,0,0,4
2019,5,3,0,0.0,0.0,0,0,0,0,0*,0,3,63.66,10.05,38.0,3/27,0,1,3,27,443,0,0.0,1.0718230946180447,3.6411000601732697,0.6021,Poor,19,7,12,19,0,0,0,4
2020,2,1,1,1.0,33.33,0,0,0,0,1,0,0,0.0,0.0,0.0,,1,0,0,0,443,0,0.004692911457903685,0.0,3.6411000601732697,0.3384,Poor,19,7,12,19,0,0,0,4
2021,1,1,1,0.0,100.0,0,0,0,0,1*,0,2,14.5,7.25,12.0,3/27,1,1,3,27,443,0,0.0,2.9702075869340723,3.6411000601732697,1.4915,Poor,19,7,12,19,0,0,0,4
2022,13,2,6,6.0,100.0,1,0,0,0,4,3,16,26.5,9.31,17.06,46/4,4,0,46,4,445,0,0.43366393456570335,5.610904556447792,4.233525650352914,2.7313,Below Average,21,3,8,24,0,0,5,2
2026,8,1,2,0.0,100.0,0,0,0,0,2*,2,8,31.12,8.89,21.0,21/2,2,1,21,2,445,0,0.0,3.7876687896329866,4.233525650352914,1.9742,Poor,21,3,8,24,0,0,5,2
2023,10,3,7,0.0,77.77,0,0,0,0,6*,1,7,46.57,10.51,26.57,30/2,6,1,30,2,446,0,0.0,2.4751366567931075,3.962008412928698,1.3078,Poor,20,5,10,24,0,0,4,2
2024,10,2,3,3.0,33.33,0,0,0,0,3,3,17,21.64,10.36,12.52,14/3,3,0,14,3,446,0,0.04168442654527464,5.992322937570664,3.962008412928698,2.4203,Poor,20,5,10,24,0,0,4,2
2026,10,10,170,28.33,141.66,11,12,1,0,54*,3,0,0.0,0.0,0.0,,54,1,0,0,447,0,5.976200801040589,0.0,7.311723042807013,5.6293,Good,10,10,170,0,1,0,3,1
2008,15,2,0,0.0,0.0,0,0,0,0,0*,0,14,30.0,7.63,23.57,5/21,0,1,5,21,448,0,0.0,5.469986369617104,3.8034221369062085,2.406,Poor,32,10,37,34,0,0,0,4
2009,11,5,33,11.0,126.92,5,0,0,0,23*,0,16,15.06,6.91,13.06,5/21,23,1,5,21,448,0,2.431531201882874,7.79298952770902,3.8034221369062085,4.2542,Average,32,10,37,34,0,0,0,4
2010,4,2,4,4.0,80.0,0,0,0,0,4*,0,3,39.33,9.07,26.0,5/21,4,1,5,21,448,0,0.16987236336961847,1.7011768974346761,3.8034221369062085,1.1585,Poor,32,10,37,34,0,0,0,4
2017,2,1,0,0.0,0.0,0,0,0,0,0*,0,1,57.0,8.14,42.0,5/21,0,1,5,21,448,0,0.0,0.5440435210802942,3.8034221369062085,0.7358,Poor,32,10,37,34,0,0,0,4
2008,6,3,30,10.0,111.11,3,0,0,0,17,0,3,42.33,8.65,29.33,3/17,17,0,3,17,449,0,2.0680514096619387,1.6681838301154945,5.4105764143651705,2.8423,Below Average,54,16,113,30,0,0,0,6
2009,10,2,21,0.0,105.0,0,0,0,0,11*,0,4,50.25,5.91,51.0,3/17,11,1,3,17,449,0,0.0,2.3779489731722556,5.4105764143651705,2.0214,Poor,54,16,113,30,0,0,0,6
2010,10,2,22,11.0,100.0,2,0,0,0,21,0,9,28.11,6.48,26.0,3/17,21,0,3,17,449,0,1.734235101511096,4.966818092709265,5.4105764143651705,3.6314,Below Average,54,16,113,30,0,0,0,6
2011,6,3,12,12.0,80.0,1,0,0,0,11,0,1,166.0,7.96,125.0,3/17,11,0,3,17,449,0,1.080896113770619,0.20335053467758282,5.4105764143651705,1.8913,Poor,54,16,113,30,0,0,0,6
2012,11,4,26,0.0,123.8,1,1,0,0,14*,0,4,66.5,7.38,54.0,3/17,14,1,3,17,449,0,0.0,1.6616178138698605,5.4105764143651705,1.6203,Poor,54,16,113,30,0,0,0,6
2013,11,2,2,2.0,66.66,0,0,0,0,2*,0,9,31.55,7.28,26.0,3/17,2,1,3,17,449,0,0.037113199714171013,4.440347498327916,5.4105764143651705,2.3911,Poor,54,16,113,30,0,0,0,6
2009,4,4,60,15.0,89.55,4,2,0,0,31,0,0,0.0,0.0,0.0,,31,0,0,0,450,0,3.1081696783794226,0.0,6.445336831982103,3.3124,Below Average,106,106,2619,0,13,2,0,11
2010,15,15,458,35.23,156.84,36,26,2,1,127,0,0,0.0,0.0,0.0,,127,0,0,0,450,0,7.81000155418702,0.0,6.445336831982103,6.5852,Good,106,106,2619,0,13,2,0,11
2011,16,16,434,27.12,128.02,34,20,3,0,95,0,0,0.0,0.0,0.0,,95,0,0,0,450,0,7.0825100212482885,0.0,6.445336831982103,5.9945,Good,106,106,2619,0,13,2,0,11
2012,14,14,336,25.84,125.84,39,10,0,1,113,0,0,0.0,0.0,0.0,,113,0,0,0,450,0,6.632661847551784,0.0,6.445336831982103,5.5904,Good,106,106,2619,0,13,2,0,11
2013,15,15,312,22.28,109.09,27,8,2,0,55,0,0,0.0,0.0,0.0,,55,0,0,0,450,0,6.123253359512396,0.0,6.445336831982103,5.1611,Average,106,106,2619,0,13,2,0,11
2014,11,11,207,18.81,107.81,20,5,1,0,52,0,0,0.0,0.0,0.0,,52,0,0,0,450,0,5.303910869293467,0.0,6.445336831982103,4.6008,Average,106,106,2619,0,13,2,0,11
2015,11,11,251,22.81,110.08,27,8,0,0,39,0,0,0.0,0.0,0.0,,39,0,0,0,450,0,5.866053288245656,0.0,6.445336831982103,5.0003,Average,106,106,2619,0,13,2,0,11
2016,14,14,453,34.84,124.45,50,10,5,0,89,0,0,0.0,0.0,0.0,,89,0,0,0,450,0,7.454172949829343,0.0,6.445336831982103,6.3487,Good,106,106,2619,0,13,2,0,11
2018,1,1,12,12.0,120.0,0,1,0,0,12,0,0,0.0,0.0,0.0,,12,0,0,0,450,0,1.4153925991899239,0.0,6.445336831982103,2.4342,Poor,106,106,2619,0,13,2,0,11
2019,2,2,64,32.0,104.91,6,1,0,0,38,0,0,0.0,0.0,0.0,,38,0,0,0,450,0,4.390270636220044,0.0,6.445336831982103,4.0827,Average,106,106,2619,0,13,2,0,11
2020,3,3,32,10.66,74.41,4,0,0,0,21,0,0,0.0,0.0,0.0,,21,0,0,0,450,0,1.7821851544824767,0.0,6.445336831982103,2.5828,Below Average,106,106,2619,0,13,2,0,11
2016,10,1,0,0.0,0.0,0,0,0,0,0*,0,7,34.42,8.45,24.42,3/21,0,1,3,21,451,0,0.0,3.4167165483482305,4.8338362261190335,2.1864,Poor,42,13,35,35,0,0,0,6
2018,2,1,1,1.0,50.0,0,0,0,0,1,0,3,17.66,7.57,14.0,3/21,1,0,3,21,451,0,0.007034226019245297,3.2803220749913247,4.8338362261190335,1.9429,Poor,42,13,35,35,0,0,0,6
2019,10,3,3,3.0,60.0,0,0,0,0,1*,0,5,51.0,7.5,40.8,3/21,1,1,3,21,451,0,0.07417425603883662,2.3303769481861387,4.8338362261190335,1.7817,Poor,42,13,35,35,0,0,0,6
2020,9,1,4,4.0,100.0,0,0,0,0,4,0,10,23.5,7.46,18.9,3/21,4,0,3,21,451,0,0.20932554836260303,5.30373388768883,4.8338362261190335,2.8031,Below Average,42,13,35,35,0,0,0,6
2021,3,2,15,7.5,62.5,1,0,0,0,9,0,1,97.0,8.81,66.0,3/21,9,0,3,21,451,0,0.7509667306527585,0.3084643306626125,4.8338362261190335,1.64,Poor,42,13,35,35,0,0,0,6
2022,8,5,12,4.0,85.71,1,1,0,0,6,0,9,25.33,7.86,19.33,14/2,6,0,14,2,451,0,0.4859926231761438,4.762230236653995,4.8338362261190335,2.5796,Below Average,42,13,35,35,0,0,0,6
2008,4,3,24,12.0,109.09,2,1,0,0,9,0,2,25.5,10.2,15.0,2/29,9,0,2,29,452,0,2.0043019916263423,1.5898888708606642,7.03257241222424,3.2958,Below Average,4,3,24,2,0,0,0,1
2018,7,2,1,1.0,33.33,0,0,0,0,1,0,7,32.85,8.36,23.57,3/16,1,0,3,16,454,0,0.004692911457903685,3.530682692612608,4.053355254938998,1.9351,Poor,31,9,13,30,0,0,1,4
2021,14,5,8,0.0,57.14,0,1,0,0,8*,0,14,31.14,8.41,22.21,3/16,8,1,3,16,454,0,0.0,5.150601297992124,4.053355254938998,2.3558,Poor,31,9,13,30,0,0,1,4
2022,8,1,3,0.0,60.0,0,0,0,0,3*,1,8,30.5,7.62,24.0,18/3,3,1,18,3,454,0,0.0,4.156473567602962,4.053355254938998,2.0333,Poor,31,9,13,30,0,0,1,4
2023,2,1,1,0.0,100.0,0,0,0,0,1*,0,1,79.0,11.28,42.0,38/1,1,1,38,1,454,0,0.0,0.2964615364094274,4.053355254938998,0.6409,Poor,31,9,13,30,0,0,1,4
2009,13,4,8,4.0,100.0,1,0,0,0,4,0,14,18.64,5.22,21.42,3/11,4,0,3,11,455,0,0.3915605275716404,7.619757141535143,5.026575402939944,3.5677,Below Average,40,8,20,46,0,0,0,4
2010,12,1,1,1.0,50.0,0,0,0,0,1,0,15,21.93,6.85,19.2,3/11,1,0,3,11,455,0,0.007034226019245297,6.680247390666477,5.026575402939944,3.0883,Below Average,40,8,20,46,0,0,0,4
2011,5,1,5,0.0,62.5,0,0,0,0,5*,0,2,70.5,7.42,57.0,3/11,5,1,3,11,455,0,0.0,0.9024856294097283,5.026575402939944,1.2807,Poor,40,8,20,46,0,0,0,4
2012,10,2,6,3.0,66.66,0,0,0,0,6,0,15,17.33,6.5,16.0,3/11,6,0,3,11,455,0,0.15981906477129948,7.4184421252923505,5.026575402939944,3.3596,Below Average,40,8,20,46,0,0,0,4
2025,16,13,343,31.18,138.3,23,16,2,0,59,9,0,0.0,0.0,0.0,,59,0,0,0,456,0,7.056493988559827,0.0,7.465845916413725,6.6137,Good,16,13,343,0,2,0,9,1
2024,7,7,140,23.33,177.21,12,10,1,0,62*,3,0,0.0,0.0,0.0,,62,1,0,0,457,0,5.7479296958901465,0.0,6.32458110132502,4.8656,Average,37,33,710,0,3,0,24,3
2025,16,12,252,31.5,182.6,24,13,0,0,46,12,0,0.0,0.0,0.0,,46,0,0,0,457,0,7.028172842244162,0.0,6.32458110132502,5.9768,Good,37,33,710,0,3,0,24,3
2026,14,14,318,26.5,147.22,31,13,2,0,57,9,0,0.0,0.0,0.0,,57,0,0,0,457,0,6.810360313239627,0.0,6.32458110132502,5.9964,Good,37,33,710,0,3,0,24,3
2009,8,8,168,24.0,116.66,11,11,2,0,68,0,0,0.0,0.0,0.0,,68,0,0,0,458,0,5.460880602322561,0.0,6.061163785930554,4.4106,Average,113,94,1554,0,6,0,0,10
2010,14,14,377,31.41,132.28,42,15,2,0,94*,0,0,0.0,0.0,0.0,,94,1,0,0,458,0,7.136863891676578,0.0,6.061163785930554,5.9081,Good,113,94,1554,0,6,0,0,10
2011,14,14,160,12.3,99.37,11,11,0,0,29,0,0,0.0,0.0,0.0,,29,0,0,0,458,0,4.263733143933122,0.0,6.061163785930554,3.7731,Below Average,113,94,1554,0,6,0,0,10
2012,18,16,255,23.18,113.83,21,13,1,0,64*,0,0,0.0,0.0,0.0,,64,1,0,0,458,0,5.956895731681271,0.0,6.061163785930554,4.9887,Average,113,94,1554,0,6,0,0,10
2013,2,2,9,9.0,90.0,1,0,0,0,9,0,0,0.0,0.0,0.0,,9,0,0,0,458,0,0.7722327047732049,0.0,6.061163785930554,1.9152,Poor,113,94,1554,0,6,0,0,10
2014,11,10,232,38.66,144.09,14,17,1,0,79*,0,0,0.0,0.0,0.0,,79,1,0,0,458,0,6.867531499974374,0.0,6.061163785930554,5.7325,Good,113,94,1554,0,6,0,0,10
2015,14,11,137,13.7,113.22,12,4,0,0,28,0,0,0.0,0.0,0.0,,28,0,0,0,458,0,4.375433787478077,0.0,6.061163785930554,3.9726,Below Average,113,94,1554,0,6,0,0,10
2016,17,13,136,13.6,98.55,7,5,0,0,37,0,0,0.0,0.0,0.0,,37,0,0,0,458,0,4.169526660917104,0.0,6.061163785930554,3.7898,Below Average,113,94,1554,0,6,0,0,10
2017,14,5,79,19.75,121.53,2,3,0,0,34,0,0,0.0,0.0,0.0,,34,0,0,0,458,0,4.222357013449982,0.0,6.061163785930554,3.8873,Below Average,113,94,1554,0,6,0,0,10
2018,1,1,1,1.0,25.0,0,0,0,0,1,0,0,0.0,0.0,0.0,,1,0,0,0,458,0,0.003521498441860856,0.0,6.061163785930554,1.2748,Poor,113,94,1554,0,6,0,0,10
2026,13,3,14,14.0,155.55,0,1,0,0,10*,3,14,31.42,10.11,18.64,21/2,10,1,21,2,459,0,1.9722685787574645,4.704477632173474,7.397105643841989,4.685,Average,13,3,14,14,0,0,3,1
2020,5,2,33,16.5,113.79,4,0,0,0,33,0,0,0.0,0.0,0.0,,33,0,0,0,460,0,2.7833536061446558,0.0,7.0971227355598625,3.3112,Below Average,5,2,33,0,0,0,0,1
2013,1,1,9,9.0,150.0,0,1,0,0,9,0,1,29.0,7.25,24.0,4/14,9,0,4,14,461,0,1.1215916972651632,1.0845370838547566,4.861158869357123,2.0806,Poor,37,16,82,46,0,0,0,7
2015,11,5,20,5.0,111.11,2,1,0,0,6,0,15,21.4,7.55,17.0,4/14,6,0,4,14,461,0,1.053833427418315,6.496331953834925,4.861158869357123,3.4463,Below Average,37,16,82,46,0,0,0,7
2016,4,2,9,0.0,64.28,1,0,0,0,7*,0,3,38.0,7.6,30.0,4/14,7,1,4,14,461,0,0.0,1.9856330328373517,4.861158869357123,1.5646,Poor,37,16,82,46,0,0,0,7
2017,8,3,14,4.66,116.66,0,2,0,0,6,0,15,15.2,8.04,11.33,4/14,6,0,4,14,461,0,0.7981687034358419,7.207793860669059,4.861158869357123,3.6597,Below Average,37,16,82,46,0,0,0,7
2020,7,2,25,25.0,166.66,4,0,0,0,24*,0,5,41.2,7.92,31.2,4/14,24,1,4,14,461,0,3.4342784045292185,2.589895616176344,4.861158869357123,3.6987,Below Average,37,16,82,46,0,0,0,7
2021,5,2,4,2.0,80.0,0,0,0,0,3,0,7,18.14,6.35,17.14,4/14,3,0,4,14,461,0,0.08749219629628024,5.454573929691492,4.861158869357123,2.7202,Below Average,37,16,82,46,0,0,0,7
2022,1,1,1,0.0,50.0,0,0,0,0,1*,0,0,0.0,0.0,0.0,,1,1,0,0,461,0,0.0,0.0,4.861158869357123,0.9354,Poor,37,16,82,46,0,0,0,7
2021,3,2,18,18.0,112.5,0,1,0,0,12,0,1,98.0,8.16,72.0,1/20,12,0,1,20,462,0,2.1660177879249614,0.3284361064978986,3.3380120127023716,1.6322,Poor,13,4,19,14,0,0,1,2
2023,10,2,1,0.5,14.28,0,0,0,0,1,1,13,26.07,8.92,17.53,30/4,1,0,30,4,462,0,0.00100663728001097,5.255990976563134,3.3380120127023716,2.1466,Poor,13,4,19,14,0,0,1,2
2011,2,2,26,26.0,118.18,0,1,0,0,15,0,0,0.0,0.0,0.0,,15,0,0,0,463,0,3.097146474069797,0.0,6.85171634801522,3.3884,Below Average,2,2,26,0,0,0,0,1
2019,13,2,2,2.0,50.0,0,0,0,0,2,0,11,36.09,8.27,26.18,2/24,2,0,2,24,465,0,0.02792882141790685,4.305131642088443,4.057492394411506,2.0481,Poor,30,7,33,20,0,0,2,4
2020,13,3,27,27.0,100.0,3,0,0,0,12*,0,6,63.16,8.29,45.66,2/24,12,1,2,24,465,0,2.982980591149005,2.1283957328833654,4.057492394411506,2.8572,Below Average,30,7,33,20,0,0,2,4
2021,2,1,2,2.0,50.0,0,0,0,0,2,0,0,0.0,0.0,0.0,,2,0,0,0,465,0,0.02792882141790685,0.0,4.057492394411506,0.6056,Poor,30,7,33,20,0,0,2,4
2022,2,1,2,2.0,100.0,0,0,0,0,2,2,3,24.0,12.0,12.0,36/2,2,0,36,2,465,0,0.0553153012051216,1.9895753181029918,4.057492394411506,1.1247,Poor,30,7,33,20,0,0,2,4
2023,8,3,16,16.0,76.19,2,0,0,0,13,2,11,19.9,7.82,15.27,38/4,13,0,38,4,466,0,1.5259558990116582,5.820098618746849,3.794497026121261,3.2286,Below Average,18,6,18,25,0,0,6,2
2024,10,3,2,0.0,50.0,0,0,0,0,2*,4,14,26.57,10.19,15.64,49/3,2,1,49,3,466,0,0.0,5.072672228965446,3.794497026121261,2.0917,Poor,18,6,18,25,0,0,6,2
2023,14,10,241,26.78,145.18,23,12,2,0,64,4,0,0.0,0.0,0.0,,64,0,0,0,468,0,6.418125580355868,0.0,7.4215323339199415,6.0154,Good,14,10,241,0,2,0,4,1
2024,6,6,109,18.17,129.76,9,6,0,0,49,2,0,0.0,0.0,0.0,,49,0,0,0,469,0,4.632522162635556,0.0,5.018708723732491,3.5939,Below Average,30,27,543,0,2,0,10,3
2025,16,15,369,30.75,145.84,28,21,2,0,70,6,0,0.0,0.0,0.0,,70,0,0,0,469,0,7.213820746843095,0.0,5.018708723732491,5.5006,Good,30,27,543,0,2,0,10,3
2026,8,6,65,10.83,114.03,4,4,0,0,25,2,0,0.0,0.0,0.0,,25,0,0,0,469,0,3.1031232280909453,0.0,5.018708723732491,2.7449,Below Average,30,27,543,0,2,0,10,3
2014,2,2,16,8.0,114.28,3,0,0,0,12,0,0,0.0,0.0,0.0,,12,0,0,0,470,0,1.2711462268802542,0.0,3.874766530896163,1.2496,Poor,3,3,20,0,0,0,0,2
2015,1,1,4,4.0,57.14,1,0,0,0,4,0,0,0.0,0.0,0.0,,4,0,0,0,470,0,0.12338284543594205,0.0,3.874766530896163,0.516,Poor,3,3,20,0,0,0,0,2
2019,7,6,168,28.0,157.0,10,14,0,0,48,0,0,0.0,0.0,0.0,,48,0,0,0,471,0,6.086439130784699,0.0,6.406586742237649,5.3078,Average,104,101,2527,0,15,0,34,8
2020,14,14,353,35.3,169.71,23,25,2,0,77,0,0,0.0,0.0,0.0,,77,0,0,0,471,0,7.557861160157499,0.0,6.406586742237649,6.4435,Good,104,101,2527,0,15,0,34,8
2021,12,11,85,7.72,111.84,3,5,0,0,32,0,0,0.0,0.0,0.0,,32,0,0,0,471,0,2.991282300454113,0.0,6.406586742237649,3.13,Below Average,104,101,2527,0,15,0,34,8
2022,14,13,306,38.25,144.33,16,21,2,0,64*,8,0,0.0,0.0,0.0,,64,1,0,0,471,0,7.242749413795984,0.0,6.406586742237649,6.1062,Good,104,101,2527,0,15,0,34,8
2023,15,15,358,29.83,172.94,26,26,2,0,62,6,0,0.0,0.0,0.0,,62,0,0,0,471,0,7.367790729448739,0.0,6.406586742237649,6.0826,Good,104,101,2527,0,15,0,34,8
2024,14,14,499,62.38,178.21,35,36,3,0,75,7,0,0.0,0.0,0.0,,75,0,0,0,471,0,8.91385799586796,0.0,6.406586742237649,7.6906,Very Good,104,101,2527,0,15,0,34,8
2025,14,14,524,43.67,196.25,45,40,5,0,87*,8,0,0.0,0.0,0.0,,87,1,0,0,471,0,8.616486816666816,0.0,6.406586742237649,7.1901,Very Good,104,101,2527,0,15,0,34,8
2026,14,14,234,18.0,127.86,11,19,1,0,63,5,0,0.0,0.0,0.0,,63,0,0,0,471,0,5.648047407914023,0.0,6.406586742237649,4.946,Average,104,101,2527,0,15,0,34,8
2016,2,2,23,11.5,74.19,1,0,0,0,22,0,0,0.0,0.0,0.0,,22,0,0,0,472,0,1.531614480425366,0.0,3.7671580145063257,1.4684,Poor,4,4,31,0,0,0,0,3
2019,1,1,7,7.0,43.75,1,0,0,0,7,0,0,0.0,0.0,0.0,,7,0,0,0,472,0,0.2739334578040945,0.0,3.7671580145063257,0.7961,Poor,4,4,31,0,0,0,0,3
2020,1,1,1,1.0,33.33,0,0,0,0,1,0,0,0.0,0.0,0.0,,1,0,0,0,472,0,0.004692911457903685,0.0,3.7671580145063257,0.4154,Poor,4,4,31,0,0,0,0,3
2008,5,4,103,51.5,127.16,13,1,1,0,57,0,0,0.0,0.0,0.0,,57,0,0,0,473,0,5.96036650210748,0.0,3.653094463740223,3.853,Below Average,9,6,121,0,1,0,0,2
2009,4,2,18,9.0,47.36,1,0,0,0,14,0,0,0.0,0.0,0.0,,14,0,0,0,473,0,0.8030790615007535,0.0,3.653094463740223,0.9836,Poor,9,6,121,0,1,0,0,2
2026,8,5,63,12.6,126.0,7,2,0,0,22,3,0,0.0,0.0,0.0,,22,0,0,0,474,0,3.3821351446318064,0.0,7.240676269710922,3.8673,Below Average,8,5,63,0,0,0,3,1
2012,10,10,140,14.0,99.29,16,0,1,0,50,0,0,0.0,0.0,0.0,,50,0,0,0,475,0,4.257187902799689,0.0,7.311723042807013,4.2517,Average,10,10,140,0,1,0,0,1
2024,13,11,303,33.67,142.92,15,21,2,0,76*,5,3,51.0,11.62,26.33,17/2,76,1,17,2,476,0,7.036451781397378,1.1417531596693615,6.359637105316997,6.5148,Good,40,35,787,13,3,0,21,3
2025,13,11,182,22.75,118.95,16,4,0,0,32,6,2,23.5,9.4,15.0,13/1,32,0,13,1,476,0,5.524427631243069,1.7970159020623457,6.359637105316997,5.5626,Good,40,35,787,13,3,0,21,3
2026,14,13,302,30.2,171.59,19,21,1,0,56,10,8,40.37,10.41,23.25,17/2,56,0,17,2,476,0,7.135580850142354,2.9712868805422987,6.359637105316997,7.4894,Very Good,40,35,787,13,3,0,21,3
2016,4,3,104,34.66,138.66,7,8,1,0,70,0,0,0.0,0.0,0.0,,70,0,0,0,477,0,5.5447876433882435,0.0,7.402085966503774,5.2917,Average,127,121,3078,10,22,0,14,11
2017,13,12,333,30.27,126.13,24,17,3,0,62*,0,0,0.0,0.0,0.0,,62,1,0,0,477,0,6.844625136127566,0.0,7.402085966503774,6.3453,Good,127,121,3078,10,22,0,14,11
2018,15,15,304,23.38,131.03,26,14,1,0,59,0,4,11.0,7.13,9.25,2/11,59,0,2,11,477,0,6.4096251431328,5.0405223272603505,7.402085966503774,8.1877,Very Good,127,121,3078,10,22,0,14,11
2019,14,11,344,34.4,146.38,27,21,3,0,85*,0,3,24.0,9.0,16.0,2/11,85,1,2,11,477,0,7.277906105085377,2.4273746179316538,7.402085966503774,7.9794,Very Good,127,121,3078,10,22,0,14,11
2020,14,14,352,25.14,138.58,43,12,3,0,87,0,0,0.0,0.0,0.0,,87,0,0,0,477,0,6.794152661859534,0.0,7.402085966503774,6.3318,Good,127,121,3078,10,22,0,14,11
2021,17,16,383,29.46,121.97,34,17,2,0,80,0,0,0.0,0.0,0.0,,80,0,0,0,477,0,6.95553035306412,0.0,7.402085966503774,6.456,Good,127,121,3078,10,22,0,14,11
2022,14,14,361,27.77,143.82,29,22,2,0,57,6,0,0.0,0.0,0.0,,57,0,0,0,477,0,7.020724323406543,0.0,7.402085966503774,6.4045,Good,127,121,3078,10,22,0,14,11
2023,14,14,413,31.77,140.95,39,20,3,0,75,3,3,25.0,8.49,17.66,17/2,75,0,17,2,477,0,7.369730703589392,2.4558610670105416,7.402085966503774,8.1344,Very Good,127,121,3078,10,22,0,14,11
2024,2,2,42,21.0,123.52,5,1,0,0,33,0,0,0.0,0.0,0.0,,33,0,0,0,477,0,3.4921529292393854,0.0,7.402085966503774,3.9102,Below Average,127,121,3078,10,22,0,14,11
2025,11,11,217,21.7,161.94,27,9,2,0,81,2,0,0.0,0.0,0.0,,81,0,0,0,477,0,6.131006648759369,0.0,7.402085966503774,5.7374,Good,127,121,3078,10,22,0,14,11
2026,9,9,225,25.0,151.0,27,10,2,0,91,3,0,0.0,0.0,0.0,,91,0,0,0,477,0,6.281205206888361,0.0,7.402085966503774,5.897,Good,127,121,3078,10,22,0,14,11
2023,13,3,8,4.0,88.88,1,0,0,0,7*,1,16,23.06,7.82,17.68,37/3,7,1,37,3,478,0,0.35301879548588316,6.382576218290267,5.932921140212244,3.3792,Below Average,51,17,31,61,0,0,12,4
2024,10,4,5,2.5,55.55,1,0,0,0,4,5,8,36.25,8.32,26.12,20/2,4,0,20,2,478,0,0.0946813882047131,3.610887349816274,5.932921140212244,2.4668,Poor,51,17,31,61,0,0,12,4
2025,14,6,7,1.75,41.17,0,0,0,0,2*,2,24,17.0,8.16,12.5,18/4,2,1,18,4,478,0,0.06939348745650745,8.102946435492619,5.932921140212244,3.9074,Below Average,51,17,31,61,0,0,12,4
2026,14,4,11,3.67,47.82,0,1,0,0,8,4,13,32.92,8.39,23.53,21/3,8,0,21,3,478,0,0.248946062654826,4.854731933470994,5.932921140212244,3.0962,Below Average,51,17,31,61,0,0,12,4
2012,5,1,5,0.0,166.66,1,0,0,0,5*,0,4,23.5,6.71,21.0,2/10,5,1,2,10,479,0,0.0,3.521069618409779,7.0971227355598625,2.8476,Below Average,5,1,5,4,0,0,0,1
2008,3,2,11,11.0,122.22,1,0,0,0,10*,0,2,49.5,9.0,33.0,1/30,10,1,1,30,481,0,1.2803236703224166,1.0336576408633766,6.953569201408803,2.838,Below Average,3,2,11,2,0,0,0,1
2022,7,1,8,8.0,160.0,0,1,0,0,8,1,11,21.54,9.17,14.09,23/3,8,0,23,3,482,0,0.9944102089650669,5.2469568916320615,7.198975588953446,4.0263,Average,7,1,8,11,0,0,1,1
2022,6,6,51,17.0,115.9,1,5,0,0,25*,2,6,29.66,11.86,15.0,30/4,25,1,30,4,483,0,3.388102685720948,2.7744706354315154,7.151699256297347,4.6965,Average,6,6,51,6,0,0,2,1
2010,5,5,115,57.5,121.05,7,5,1,0,58*,0,0,0.0,0.0,0.0,,58,1,0,0,485,0,6.198523994769331,0.0,4.618952199636247,4.3952,Average,23,22,506,0,4,0,0,4
2011,3,2,26,13.0,173.33,1,2,0,0,23,0,0,0.0,0.0,0.0,,23,0,0,0,485,0,2.7156422620737866,0.0,4.618952199636247,2.5019,Below Average,23,22,506,0,4,0,0,4
2012,13,13,340,37.77,132.81,24,16,3,0,76,0,0,0.0,0.0,0.0,,76,0,0,0,485,0,7.25613845477076,0.0,4.618952199636247,5.1433,Average,23,22,506,0,4,0,0,4
2013,2,2,25,12.5,108.69,2,0,0,0,24,0,0,0.0,0.0,0.0,,24,0,0,0,485,0,2.0884926074448953,0.0,4.618952199636247,1.9535,Poor,23,22,506,0,4,0,0,4
2008,2,1,1,0.0,50.0,0,0,0,0,1*,0,1,42.0,8.4,30.0,1/18,1,1,1,18,487,0,0.0,0.6956013722703579,6.85171634801522,1.8817,Poor,2,1,1,1,0,0,0,1
2008,9,2,1,0.0,100.0,0,0,0,0,1*,0,4,49.75,7.85,38.0,1/17,1,1,1,17,488,0,0.0,1.9656664865196296,7.277978799768882,2.4638,Poor,9,2,1,4,0,0,0,1
2008,5,2,5,0.0,62.5,0,0,0,0,4*,0,0,0.0,0.0,0.0,,4,1,0,0,490,0,0.0,0.0,4.27266237178841,0.5495,Poor,10,5,7,4,0,0,0,3
2009,3,2,1,1.0,50.0,0,0,0,0,1*,0,2,32.5,9.28,21.0,2/18,1,1,2,18,490,0,0.007034226019245297,1.4179703058266968,4.27266237178841,1.1509,Poor,10,5,7,4,0,0,0,3
2010,2,1,1,1.0,50.0,0,0,0,0,1,0,2,40.5,10.12,24.0,2/18,1,0,2,18,490,0,0.007034226019245297,1.1077638033451611,4.27266237178841,0.9661,Poor,10,5,7,4,0,0,0,3
2010,9,8,107,13.37,100.94,4,5,0,0,41,0,0,0.0,0.0,0.0,,41,0,0,0,491,0,3.8601337191425285,0.0,4.265712709245853,3.0976,Below Average,13,12,127,0,0,0,0,3
2012,3,3,15,7.5,62.5,0,0,0,0,6,0,0,0.0,0.0,0.0,,6,0,0,0,491,0,0.7509667306527585,0.0,4.265712709245853,0.9324,Poor,13,12,127,0,0,0,0,3
2013,1,1,5,5.0,62.5,0,0,0,0,5,0,0,0.0,0.0,0.0,,5,0,0,0,491,0,0.20475881131298218,0.0,4.265712709245853,0.7587,Poor,13,12,127,0,0,0,0,3
2008,13,13,302,27.45,101.68,42,3,2,0,54,0,0,0.0,0.0,0.0,,54,0,0,0,492,0,6.270566719006711,0.0,7.338022158116976,5.7722,Good,139,137,2848,0,13,0,0,12
2009,9,9,142,15.77,112.69,19,2,0,0,36,0,0,0.0,0.0,0.0,,36,0,0,0,492,0,4.607783854865847,0.0,7.338022158116976,4.5083,Average,139,137,2848,0,13,0,0,12
2010,4,4,72,18.0,91.13,6,2,1,0,57,0,0,0.0,0.0,0.0,,57,0,0,0,492,0,3.596784680627865,0.0,7.338022158116976,3.937,Below Average,139,137,2848,0,13,0,0,12
2011,14,13,202,20.2,110.38,25,2,0,0,37*,0,0,0.0,0.0,0.0,,37,1,0,0,492,0,5.400969534285087,0.0,7.338022158116976,4.9661,Average,139,137,2848,0,13,0,0,12
2012,14,13,194,17.63,117.57,19,4,0,0,45,0,0,0.0,0.0,0.0,,45,0,0,0,492,0,5.244728844626819,0.0,7.338022158116976,5.0521,Average,139,137,2848,0,13,0,0,12
2013,13,13,294,22.61,115.29,37,4,1,0,61,0,0,0.0,0.0,0.0,,61,0,0,0,492,0,6.137949622986085,0.0,7.338022158116976,5.9254,Good,139,137,2848,0,13,0,0,12
2014,12,12,205,20.5,110.81,30,1,1,0,57*,0,0,0.0,0.0,0.0,,57,1,0,0,492,0,5.447031118881557,0.0,7.338022158116976,5.1555,Average,139,137,2848,0,13,0,0,12
2015,14,14,339,26.07,137.8,47,5,2,0,59,0,0,0.0,0.0,0.0,,59,0,0,0,492,0,6.7844295758385895,0.0,7.338022158116976,6.2627,Good,139,137,2848,0,13,0,0,12
2016,10,10,177,17.7,116.44,23,4,1,0,81,0,0,0.0,0.0,0.0,,81,0,0,0,492,0,5.1108516052126065,0.0,7.338022158116976,5.0273,Average,139,137,2848,0,13,0,0,12
2017,16,16,395,24.68,134.81,49,8,2,0,70,0,0,0.0,0.0,0.0,,70,0,0,0,492,0,6.890995276210676,0.0,7.338022158116976,6.3421,Good,139,137,2848,0,13,0,0,12
2018,6,6,153,30.6,140.36,20,4,1,0,53,0,0,0.0,0.0,0.0,,53,0,0,0,492,0,5.924089110227044,0.0,7.338022158116976,5.5606,Good,139,137,2848,0,13,0,0,12
2019,14,14,373,26.64,139.17,48,10,2,0,67,0,0,0.0,0.0,0.0,,67,0,0,0,492,0,6.962314312153872,0.0,7.338022158116976,6.2582,Good,139,137,2848,0,13,0,0,12
2013,2,2,5,5.0,55.55,0,0,0,0,4*,0,1,28.0,5.6,30.0,1/20,4,1,1,20,493,0,0.1834044514348228,1.3751138511984708,4.162351972782309,1.2331,Poor,8,4,17,3,0,0,0,3
2015,2,1,2,0.0,100.0,0,0,0,0,2*,0,1,31.0,6.2,30.0,1/20,2,1,1,20,493,0,0.0,1.1676607449047562,4.162351972782309,0.9502,Poor,8,4,17,3,0,0,0,3
2016,4,1,10,10.0,111.11,1,0,0,0,10,0,1,129.0,9.21,84.0,1/20,10,0,1,20,493,0,1.053833427418315,0.225262186874987,4.162351972782309,1.3006,Poor,8,4,17,3,0,0,0,3
2012,12,2,4,0.0,80.0,0,0,0,0,4*,0,17,21.88,7.91,16.58,4/34,4,1,4,34,494,0,0.0,6.638641523919025,7.370867969875238,4.0126,Average,12,2,4,17,0,0,0,1
2015,3,1,0,0.0,0.0,0,0,0,0,0*,0,1,97.0,9.7,60.0,4/34,0,1,4,34,495,0,0.0,0.2815421430948845,5.786784046392993,1.3731,Poor,79,53,642,86,3,0,15,8
2017,12,9,77,15.4,145.28,5,4,0,0,24,0,15,24.86,8.07,18.46,4/34,24,0,4,34,495,0,4.0941613386739375,5.957674666525488,5.786784046392993,5.9019,Good,79,53,642,86,3,0,15,8
2020,14,11,146,20.85,128.07,9,8,1,0,53*,0,12,34.08,7.86,26.0,4/34,53,1,4,34,495,0,5.202144623578687,4.7416152077078,5.786784046392993,6.3074,Good,79,53,642,86,3,0,15,8
2021,7,5,93,31.0,166.07,5,8,1,0,66*,0,9,26.33,8.83,17.88,4/34,66,1,4,34,495,0,5.485348880187062,4.4133782808288355,5.786784046392993,6.2652,Good,79,53,642,86,3,0,15,8
2022,5,5,63,15.75,262.5,5,6,1,0,56*,1,7,30.28,10.68,17.0,22/3,56,1,22,3,495,0,4.65074460473379,3.2111661307691497,5.786784046392993,5.2331,Average,79,53,642,86,3,0,15,8
2024,16,10,136,22.67,143.15,9,8,0,0,35*,7,18,31.44,9.27,20.33,43/3,35,1,43,3,495,0,5.372982656377515,5.493325454870171,5.786784046392993,6.6967,Good,79,53,642,86,3,0,15,8
2025,14,9,97,24.25,167.24,6,7,0,0,22*,5,16,28.12,9.06,18.62,19/3,22,1,19,3,495,0,5.214549232790747,5.5335099577662605,5.786784046392993,6.6478,Good,79,53,642,86,3,0,15,8
2026,8,3,30,10.0,157.89,1,3,0,0,19,2,8,38.37,9.59,24.0,28/3,19,0,28,3,495,0,2.4637344446204343,3.219551215311581,5.786784046392993,3.8489,Below Average,79,53,642,86,3,0,15,8
2026,10,10,278,27.8,158.85,33,12,2,0,62,2,0,0.0,0.0,0.0,,62,0,0,0,496,0,6.7956612143140696,0.0,7.311723042807013,6.3236,Good,10,10,278,0,2,0,2,1
2010,8,7,203,40.6,130.12,9,13,3,0,75*,0,5,20.2,6.8,17.8,2/19,75,1,2,19,497,0,6.606648400665173,4.277953544731538,7.240676269710922,8.1685,Very Good,8,7,203,5,3,0,0,1
2009,2,2,6,3.0,50.0,1,0,0,0,5,0,0,0.0,0.0,0.0,,5,0,0,0,498,0,0.12154152338095542,0.0,3.8760494200760998,0.4768,Poor,23,23,505,7,2,1,0,4
2011,14,14,463,35.61,136.98,56,20,2,1,120*,0,7,27.0,7.82,20.71,4/29,120,1,4,29,498,0,7.650164722212055,4.075713423077738,3.8760494200760998,6.9106,Good,23,23,505,7,2,1,0,4
2012,6,6,30,5.0,58.82,4,0,0,0,13,0,0,0.0,0.0,0.0,,13,0,0,0,498,0,0.8920444652414476,0.0,3.8760494200760998,1.0135,Poor,23,23,505,7,2,1,0,4
2013,1,1,6,6.0,35.29,0,0,0,0,6,0,0,0.0,0.0,0.0,,6,0,0,0,498,0,0.16867655197018908,0.0,3.8760494200760998,0.5949,Poor,23,23,505,7,2,1,0,4
2012,8,4,36,18.0,124.13,4,1,0,0,14,0,7,21.71,6.9,18.85,4/18,14,0,4,18,499,0,3.1056959758883855,4.838160504321425,5.1290058840399,4.3472,Average,47,35,365,34,0,0,0,6
2015,10,9,116,14.5,158.9,10,5,0,0,36,0,6,42.0,8.4,30.0,4/18,36,0,4,18,499,0,4.685786434612916,2.7693237453985065,5.1290058840399,4.6395,Average,47,35,365,34,0,0,0,6
2016,8,6,57,28.5,96.61,2,3,0,0,19*,0,1,84.0,9.33,54.0,4/18,19,1,4,18,499,0,3.9702562062638,0.3347383775943479,5.1290058840399,3.3012,Below Average,47,35,365,34,0,0,0,6
2017,12,10,144,18.0,129.72,10,7,0,0,35,0,16,12.31,6.12,12.06,4/18,35,0,4,18,499,0,4.999061810854236,8.646043834583173,5.1290058840399,7.5781,Very Good,47,35,365,34,0,0,0,6
2018,2,2,3,1.5,60.0,0,0,0,0,3,0,1,49.0,12.25,24.0,4/18,3,0,4,18,499,0,0.03757469756421392,0.42951864566300796,5.1290058840399,1.1151,Poor,47,35,365,34,0,0,0,6
2019,7,4,9,2.25,75.0,1,0,0,0,5,0,3,34.0,9.13,22.33,4/18,5,0,4,18,499,0,0.1994121946998662,1.88491996038068,5.1290058840399,1.8954,Poor,47,35,365,34,0,0,0,6
2016,2,1,6,6.0,50.0,0,0,0,0,6,0,0,0.0,0.0,0.0,,6,0,0,0,501,0,0.23343484302292855,0.0,6.85171634801522,1.7935,Poor,2,1,6,0,0,0,0,1
2023,9,9,218,27.25,163.9,24,10,2,0,87,5,0,0.0,0.0,0.0,,87,0,0,0,502,0,6.471692123185785,0.0,6.627717320153061,5.644,Good,40,40,1258,0,12,0,32,4
2024,12,12,435,39.55,182.0,50,24,4,0,89*,12,0,0.0,0.0,0.0,,89,1,0,0,502,0,8.109237392744964,0.0,6.627717320153061,6.9186,Good,40,40,1258,0,12,0,32,4
2025,13,13,403,33.58,175.98,48,22,4,0,65,9,0,0.0,0.0,0.0,,65,0,0,0,502,0,7.724661734782981,0.0,6.627717320153061,6.7013,Good,40,40,1258,0,12,0,32,4
2026,6,6,202,33.67,168.33,16,11,2,0,78,6,0,0.0,0.0,0.0,,78,0,0,0,502,0,6.698019017610042,0.0,6.627717320153061,5.8016,Good,40,40,1258,0,12,0,32,4
2008,5,4,34,8.5,97.14,4,0,0,0,19,0,0,0.0,0.0,0.0,,19,0,0,0,503,0,1.8855551099054513,0.0,4.8898753569753435,2.1848,Poor,16,10,92,0,0,0,0,3
2009,9,5,53,17.66,103.92,4,2,0,0,29,0,0,0.0,0.0,0.0,,29,0,0,0,503,0,3.346410996395466,0.0,4.8898753569753435,2.9004,Below Average,16,10,92,0,0,0,0,3
2011,2,1,5,5.0,100.0,1,0,0,0,5,0,0,0.0,0.0,0.0,,5,0,0,0,503,0,0.3147126036359016,0.0,4.8898753569753435,0.9579,Poor,16,10,92,0,0,0,0,3
2008,15,7,90,22.5,152.54,10,3,0,0,24*,0,17,22.88,8.3,16.52,4/17,24,1,4,17,504,0,4.883047975702563,6.4048565259948145,6.428361930887789,7.2259,Very Good,185,92,624,186,0,0,2,15
2009,14,10,31,6.2,86.11,3,0,0,0,8*,0,12,25.66,6.86,22.41,4/17,8,1,4,17,504,0,1.377156057946371,5.731838497834724,6.428361930887789,4.0818,Average,185,92,624,186,0,0,2,15
2010,14,6,62,12.4,103.33,7,0,0,0,22,0,12,30.58,7.48,24.5,4/17,22,0,4,17,504,0,3.0900749765328372,5.106486066663471,6.428361930887789,5.0521,Average,185,92,624,186,0,0,2,15
2011,12,6,48,16.0,87.27,2,2,0,0,15,0,16,21.0,8.12,15.5,4/17,15,0,4,17,504,0,2.8792820696509485,6.5230808280100385,6.428361930887789,5.6099,Good,185,92,624,186,0,0,2,15
2012,16,12,106,13.25,120.45,9,4,0,0,21*,0,16,26.18,7.35,21.37,4/17,21,1,4,17,504,0,4.069960534750341,6.220509473987374,6.428361930887789,6.3527,Good,185,92,624,186,0,0,2,15
2013,16,11,64,10.66,112.28,5,3,0,0,23,0,11,38.0,7.16,31.81,4/17,23,0,4,17,504,0,3.044594646434722,4.510028273551501,6.428361930887789,4.8638,Average,185,92,624,186,0,0,2,15
2014,11,5,31,10.33,163.15,4,1,0,0,17*,0,14,21.64,7.67,16.92,4/17,17,1,4,17,504,0,2.5788443283851024,6.256129307170539,6.428361930887789,5.1327,Average,185,92,624,186,0,0,2,15
2015,13,8,54,13.5,114.89,5,2,0,0,22,0,11,24.45,7.68,19.09,4/17,22,0,4,17,504,0,3.156522364099104,5.366983025590955,6.428361930887789,5.2273,Average,185,92,624,186,0,0,2,15
2016,12,3,27,9.0,103.84,4,0,0,0,11,0,11,24.81,7.72,19.27,4/17,11,0,4,17,504,0,1.7762086737800882,5.31988084098214,6.428361930887789,4.2102,Average,185,92,624,186,0,0,2,15
2017,6,1,2,2.0,33.33,0,0,0,0,2,0,6,29.83,8.95,20.0,4/17,2,0,4,17,504,0,0.018678674225159668,3.283165475658686,6.428361930887789,2.5376,Below Average,185,92,624,186,0,0,2,15
2018,15,7,27,6.75,79.41,1,1,0,0,12,0,14,29.42,8.4,21.0,4/17,12,0,4,17,504,0,1.2622206321857208,5.287429187497235,6.428361930887789,4.0086,Average,185,92,624,186,0,0,2,15
2019,13,5,42,14.0,113.51,4,2,0,0,14*,0,10,39.9,8.96,26.7,4/17,14,1,4,17,504,0,2.874155260100805,3.719148791501434,6.428361930887789,4.4221,Average,185,92,624,186,0,0,2,15
2021,1,1,0,0.0,0.0,0,0,0,0,0*,0,1,38.0,9.5,24.0,4/17,0,1,4,17,504,0,0.0,0.6815830487980259,6.428361930887789,1.9569,Poor,185,92,624,186,0,0,2,15
2023,16,4,25,12.5,113.63,1,1,0,0,18,1,22,22.5,8.11,16.63,22/3,18,0,22,3,504,0,2.1371644910510907,7.161698137413158,6.428361930887789,5.427,Average,185,92,624,186,0,0,2,15
2024,11,6,15,3.75,100.0,1,1,0,0,10,1,13,24.0,8.91,16.15,29/3,10,0,29,3,504,0,0.6294252072718032,5.45549641813469,6.428361930887789,3.4838,Below Average,185,92,624,186,0,0,2,15
2019,1,1,16,16.0,94.11,1,1,0,0,16,0,0,0.0,0.0,0.0,,16,0,0,0,505,0,1.7297809069627326,0.0,5.1879655670313864,2.102,Poor,50,49,1443,0,12,0,10,6
2020,2,2,15,7.5,100.0,2,0,0,0,11,0,0,0.0,0.0,0.0,,11,0,0,0,505,0,1.0630891418375066,0.0,5.1879655670313864,1.6495,Poor,50,49,1443,0,12,0,10,6
2021,2,2,19,9.5,82.6,1,1,0,0,12,0,0,0.0,0.0,0.0,,12,0,0,0,505,0,1.2871731523976866,0.0,5.1879655670313864,1.8025,Poor,50,49,1443,0,12,0,10,6
2024,14,14,334,23.86,156.8,34,20,2,0,71,1,0,0.0,0.0,0.0,,71,0,0,0,505,0,6.820421870401631,0.0,5.1879655670313864,5.0876,Average,50,49,1443,0,12,0,10,6
2025,17,17,549,32.29,160.52,56,30,4,0,91,2,0,0.0,0.0,0.0,,91,0,0,0,505,0,7.9747957710652155,0.0,5.1879655670313864,5.9836,Good,50,49,1443,0,12,0,10,6
2026,14,13,510,42.5,168.87,55,23,6,0,80*,7,0,0.0,0.0,0.0,,80,1,0,0,505,0,8.32878140905356,0.0,5.1879655670313864,6.2796,Good,50,49,1443,0,12,0,10,6
2016,5,2,19,19.0,146.15,1,1,0,0,18*,0,3,48.66,8.34,35.0,2/18,18,1,2,18,506,0,2.590456777359723,1.542692753477042,7.0971227355598625,3.7406,Below Average,5,2,19,3,0,0,0,1
2008,7,2,2,1.0,40.0,0,0,0,0,2,0,5,43.0,8.95,28.8,3/18,2,0,3,18,507,0,0.011237982911609849,2.3207167009219036,4.127330098246169,1.3692,Poor,26,10,20,22,0,0,1,6
2010,8,2,10,10.0,71.42,0,0,0,0,6*,0,9,28.66,8.32,20.66,3/18,6,1,3,18,507,0,0.7601082579966874,4.357478737039083,4.127330098246169,2.5652,Below Average,26,10,20,22,0,0,1,6
2013,2,1,4,0.0,200.0,1,0,0,0,4*,0,0,0.0,0.0,0.0,,4,1,0,0,507,0,0.0,0.0,4.127330098246169,0.5096,Poor,26,10,20,22,0,0,1,6
2017,5,3,2,1.0,50.0,0,0,0,0,1*,0,5,36.2,10.05,21.6,3/18,1,1,3,18,507,0,0.014033542584565645,2.41035100866673,4.127330098246169,1.7508,Poor,26,10,20,22,0,0,1,6
2018,1,1,0,0.0,0.0,0,0,0,0,0*,0,0,0.0,0.0,0.0,,0,1,0,0,507,0,0.0,0.0,4.127330098246169,0.5514,Poor,26,10,20,22,0,0,1,6
2022,3,1,2,2.0,40.0,0,0,0,0,2,1,3,21.66,7.22,18.0,19/2,2,0,19,2,507,0,0.02238712708467907,2.9853812082620337,4.127330098246169,1.6687,Poor,26,10,20,22,0,0,1,6
2026,7,2,3,3.0,33.33,0,0,0,0,3,2,14,21.78,11.73,11.14,34/4,3,0,34,4,508,0,0.04168442654527464,5.20888524259502,7.198975588953446,3.3263,Below Average,7,2,3,14,0,0,2,1
2008,13,4,2,1.0,50.0,0,0,0,0,1*,0,11,25.81,7.67,20.18,3/11,1,1,3,11,509,0,0.014033542584565645,5.2416888484838955,5.5078675908174635,2.9892,Below Average,69,20,13,75,0,0,0,5
2009,15,4,1,0.33,14.28,0,0,0,0,1,0,18,19.33,6.5,17.83,3/11,1,0,3,11,509,0,0.0006644612124107133,7.608450474097301,5.5078675908174635,3.631,Below Average,69,20,13,75,0,0,0,5
2010,16,6,3,1.0,37.5,0,0,0,0,2,0,21,20.42,7.29,16.8,3/11,2,0,3,11,509,0,0.0157779576408859,7.568326387330275,5.5078675908174635,3.5528,Below Average,69,20,13,75,0,0,0,5
2012,9,3,5,2.5,35.71,0,0,0,0,4,0,9,24.44,7.33,20.0,3/11,4,0,3,11,509,0,0.061590303430313034,5.005468902768502,5.5078675908174635,2.6918,Below Average,69,20,13,75,0,0,0,5
2013,16,3,2,2.0,50.0,0,0,0,0,1*,0,16,23.81,7.28,19.62,3/11,1,1,3,11,509,0,0.02792882141790685,6.48184286579326,5.5078675908174635,3.206,Below Average,69,20,13,75,0,0,0,5
2018,1,1,8,8.0,133.33,2,0,0,0,8,0,0,0.0,0.0,0.0,,8,0,0,0,510,0,0.8701555117118149,0.0,6.708162813864161,2.115,Poor,1,1,8,0,0,0,0,1
2026,6,5,90,45.0,134.32,10,3,0,0,43,0,0,0.0,0.0,0.0,,43,0,0,0,512,0,5.6619898568039675,0.0,7.151699256297347,5.4023,Average,6,5,90,0,0,0,0,1
2018,7,2,1,0.0,20.0,0,0,0,0,1*,0,10,26.0,9.28,16.8,4/30,1,1,4,30,513,0,0.0,4.565646803906272,4.203700105444308,2.263,Poor,63,11,15,65,0,0,7,6
2019,11,1,0,0.0,0.0,0,0,0,0,0*,0,4,94.25,9.34,60.5,4/30,0,1,4,30,513,0,0.0,1.044140494809355,4.203700105444308,0.9448,Poor,63,11,15,65,0,0,7,6
2020,6,2,2,0.0,50.0,0,0,0,0,2*,0,4,41.0,9.37,26.25,4/30,2,1,4,30,513,0,0.0,1.988945923990543,4.203700105444308,1.1612,Poor,63,11,15,65,0,0,7,6
2021,10,2,0,0.0,0.0,0,0,0,0,0*,0,12,29.25,9.11,19.25,4/30,0,1,4,30,513,0,0.0,4.75357306173578,4.203700105444308,2.177,Poor,63,11,15,65,0,0,7,6
2022,17,3,6,6.0,50.0,0,0,0,0,4*,2,19,29.0,8.28,21.0,22/3,4,1,22,3,513,0,0.23343484302292855,6.097446708301307,4.203700105444308,2.7972,Below Average,63,11,15,65,0,0,7,6
2026,12,1,6,0.0,85.71,1,0,0,0,6*,5,16,25.43,10.43,14.62,28/4,6,1,28,4,513,0,0.0,5.436959303386127,4.203700105444308,2.5503,Below Average,63,11,15,65,0,0,7,6
2023,1,1,16,16.0,80.0,2,0,0,0,16,0,1,19.0,6.33,18.0,19/1,16,0,19,1,514,0,1.5718252879315902,1.686716352037554,6.708162813864161,3.1132,Below Average,1,1,16,1,0,0,0,1
2008,13,12,112,11.2,114.28,10,6,0,0,34,0,11,33.27,8.19,24.36,3/18,34,0,3,18,515,0,3.8505015332777415,4.506735161810803,5.918558444095502,5.0304,Average,119,59,344,90,0,0,0,10
2009,13,8,65,13.0,141.3,1,6,0,0,14*,0,13,30.3,7.93,22.92,3/18,14,1,3,18,515,0,3.61095965153459,5.178819909742032,5.918558444095502,5.3179,Average,119,59,344,90,0,0,0,10
2010,12,4,4,2.0,50.0,0,0,0,0,3*,0,10,38.0,8.44,27.0,3/18,3,1,3,18,515,0,0.0553153012051216,3.9452301493799835,5.918558444095502,2.6917,Below Average,119,59,344,90,0,0,0,10
2011,13,7,27,9.0,87.09,2,1,0,0,15*,0,10,34.5,7.5,27.6,3/18,15,1,3,18,515,0,1.6030740444608105,4.409750763269096,5.918558444095502,3.493,Below Average,119,59,344,90,0,0,0,10
2012,16,7,35,11.66,116.66,2,1,0,0,10,0,9,48.22,6.88,42.0,3/18,10,0,3,18,515,0,2.469670143856717,3.656557434787142,5.918558444095502,3.8903,Below Average,119,59,344,90,0,0,0,10
2013,15,7,47,7.83,120.51,3,3,0,0,24,0,12,31.08,6.62,28.16,3/18,24,0,3,18,515,0,2.3875113947906086,5.356513018716335,5.918558444095502,4.4606,Average,119,59,344,90,0,0,0,10
2014,3,1,1,1.0,50.0,0,0,0,0,1,0,3,26.0,6.5,24.0,3/18,1,0,3,18,515,0,0.007034226019245297,2.8451428915439783,5.918558444095502,2.272,Poor,119,59,344,90,0,0,0,10
2015,12,4,17,5.66,68.0,1,0,0,0,12,0,7,47.0,9.13,30.85,3/18,12,0,3,18,515,0,0.7099404221325589,2.6967613234314074,5.918558444095502,2.4411,Poor,119,59,344,90,0,0,0,10
2016,16,7,28,7.0,103.7,4,0,0,0,15,0,9,44.55,7.78,34.33,3/18,15,0,3,18,515,0,1.564644188099782,3.567928897736523,5.918558444095502,3.2463,Below Average,119,59,344,90,0,0,0,10
2017,6,2,8,8.0,88.88,0,0,0,0,7*,0,6,25.16,9.15,16.5,3/18,7,1,3,18,515,0,0.6351291108184773,3.5753667626629766,5.918558444095502,2.7982,Below Average,119,59,344,90,0,0,0,10
2020,3,1,7,0.0,53.84,0,0,0,0,7*,0,0,0.0,0.0,0.0,,7,1,0,0,516,0,0.0,0.0,6.953569201408803,1.7976,Poor,3,1,7,0,0,0,0,1
2013,3,1,3,0.0,50.0,0,0,0,0,3*,0,1,88.0,8.0,66.0,4/20,3,1,4,20,517,0,0.0,0.37022923072115677,4.432332213239084,0.7504,Poor,33,6,18,28,0,0,0,4
2014,13,2,5,2.5,55.55,0,0,0,0,3,0,15,23.73,7.26,19.6,4/20,3,0,4,20,517,0,0.0946813882047131,6.335339631128378,4.432332213239084,2.7925,Below Average,33,6,18,28,0,0,0,4
2015,10,2,3,0.0,60.0,0,0,0,0,2*,0,7,38.0,7.82,29.14,4/20,2,1,4,20,517,0,0.0,3.374577841526655,4.432332213239084,1.9147,Poor,33,6,18,28,0,0,0,4
2016,7,1,7,0.0,36.84,1,0,0,0,7*,0,5,28.6,8.93,19.2,4/20,7,1,4,20,517,0,0.0,3.022751343213515,4.432332213239084,1.8364,Poor,33,6,18,28,0,0,0,4
2019,1,1,19,19.0,79.16,2,0,0,0,19,0,0,0.0,0.0,0.0,,19,0,0,0,518,0,1.9040767549664501,0.0,6.708162813864161,2.6817,Below Average,1,1,19,0,0,0,0,1
2023,5,5,93,31.0,129.16,12,2,1,0,64*,5,0,0.0,0.0,0.0,,64,1,0,0,519,0,5.139066337042417,0.0,7.0971227355598625,4.7992,Average,5,5,93,0,1,0,5,1
2025,6,2,5,0.0,50.0,0,0,0,0,4*,2,3,75.0,9.85,45.66,29/1,4,1,29,1,520,0,0.0,0.9499951459027136,7.151699256297347,2.1844,Poor,6,2,5,3,0,0,2,1
2019,2,1,0,0.0,0.0,0,0,0,0,0*,0,1,57.0,11.4,30.0,1/29,0,1,1,29,521,0,0.0,0.39899822479759894,6.85171634801522,1.7387,Poor,2,1,0,1,0,0,0,1
2018,9,9,245,27.22,153.12,27,10,2,0,65,0,0,0.0,0.0,0.0,,65,0,0,0,522,0,6.538196372505922,0.0,6.737617606066259,5.8088,Good,79,79,1892,0,14,0,7,7
2019,16,16,353,22.06,133.71,45,9,2,0,99,0,0,0.0,0.0,0.0,,99,0,0,0,522,0,6.565399596551742,0.0,6.737617606066259,5.7905,Good,79,79,1892,0,14,0,7,7
2020,13,13,228,17.53,136.52,27,8,2,0,66,0,0,0.0,0.0,0.0,,66,0,0,0,522,0,5.666190764283817,0.0,6.737617606066259,5.0561,Average,79,79,1892,0,14,0,7,7
2021,15,15,479,31.93,159.13,56,18,4,0,82,0,0,0.0,0.0,0.0,,82,0,0,0,522,0,7.755182795954648,0.0,6.737617606066259,6.8655,Good,79,79,1892,0,14,0,7,7
2022,10,10,283,28.3,152.97,37,10,2,0,61,4,0,0.0,0.0,0.0,,61,0,0,0,522,0,6.792769623173279,0.0,6.737617606066259,5.8004,Good,79,79,1892,0,14,0,7,7
2023,8,8,106,13.25,124.7,16,1,1,0,54,1,0,0.0,0.0,0.0,,54,0,0,0,522,0,4.116181015105623,0.0,6.737617606066259,3.8471,Below Average,79,79,1892,0,14,0,7,7
2024,8,8,198,24.75,163.63,30,5,1,0,66,2,0,0.0,0.0,0.0,,66,0,0,0,522,0,6.201002847018875,0.0,6.737617606066259,5.5348,Good,79,79,1892,0,14,0,7,7
2020,14,10,133,14.77,119.81,9,4,1,0,51*,0,0,0.0,0.0,0.0,,51,1,0,0,523,0,4.513326310450211,0.0,5.435925177785544,3.7119,Below Average,23,19,273,0,1,0,3,4
2021,5,5,72,14.4,97.29,2,3,0,0,29,0,0,0.0,0.0,0.0,,29,0,0,0,523,0,3.3930083623103453,0.0,5.435925177785544,3.0541,Below Average,23,19,273,0,1,0,3,4
2022,2,2,46,23.0,139.39,4,2,0,0,42,3,0,0.0,0.0,0.0,,42,0,0,0,523,0,3.887908417155769,0.0,5.435925177785544,3.2425,Below Average,23,19,273,0,1,0,3,4
2023,2,2,22,11.0,95.65,1,0,0,0,12,0,0,0.0,0.0,0.0,,12,0,0,0,523,0,1.6901410913131247,0.0,5.435925177785544,2.2408,Poor,23,19,273,0,1,0,3,4
2025,17,17,475,27.94,179.24,55,25,2,1,103,8,0,0.0,0.0,0.0,,103,0,0,0,524,0,7.7230638568556165,0.0,6.871314185655542,6.8973,Good,30,30,839,0,5,1,10,2
2026,13,13,364,28.0,211.62,27,32,3,0,93,2,0,0.0,0.0,0.0,,93,0,0,0,524,0,7.585527643195156,0.0,6.871314185655542,6.7509,Good,30,30,839,0,5,1,10,2
2022,15,15,508,36.29,148.97,47,23,3,1,140*,12,0,0.0,0.0,0.0,,140,1,0,0,525,0,7.924898109688593,0.0,5.701520260290299,6.2692,Good,41,41,1185,0,8,2,22,5
2023,4,4,143,35.75,140.19,10,8,1,0,70,2,0,0.0,0.0,0.0,,70,0,0,0,525,0,6.04467318722658,0.0,5.701520260290299,4.6407,Average,41,41,1185,0,8,2,22,5
2024,11,11,250,22.73,134.4,29,9,3,0,81,3,0,0.0,0.0,0.0,,81,0,0,0,525,0,6.133138639787461,0.0,5.701520260290299,4.9615,Average,41,41,1185,0,8,2,22,5
2025,8,8,152,21.71,129.91,9,11,1,0,97*,3,0,0.0,0.0,0.0,,97,1,0,0,525,0,5.332870490119172,0.0,5.701520260290299,4.4076,Average,41,41,1185,0,8,2,22,5
2026,3,3,132,66.0,162.96,9,9,0,1,112*,2,0,0.0,0.0,0.0,,112,1,0,0,525,0,6.999106049073188,0.0,5.701520260290299,5.6463,Good,41,41,1185,0,8,2,22,5
2013,3,3,6,2.0,40.0,1,0,0,0,4,0,0,0.0,0.0,0.0,,4,0,0,0,526,0,0.06612270576100257,0.0,6.008048195198306,1.4217,Poor,77,77,2256,0,16,1,0,8
2014,7,7,153,21.85,117.69,19,4,0,0,48,0,0,0.0,0.0,0.0,,48,0,0,0,526,0,5.214735447309441,0.0,6.008048195198306,4.4158,Average,77,77,2256,0,16,1,0,8
2015,3,3,122,40.66,158.44,18,4,2,0,69,0,0,0.0,0.0,0.0,,69,0,0,0,526,0,6.173065113121011,0.0,6.008048195198306,5.1388,Average,77,77,2256,0,16,1,0,8
2016,13,13,445,37.08,136.08,52,13,3,1,108,0,0,0.0,0.0,0.0,,108,0,0,0,526,0,7.642029914687253,0.0,6.008048195198306,6.344,Good,77,77,2256,0,16,1,0,8
2018,8,8,201,25.12,124.07,20,8,1,0,53,0,0,0.0,0.0,0.0,,53,0,0,0,526,0,5.857662366954266,0.0,6.008048195198306,4.7534,Average,77,77,2256,0,16,1,0,8
2019,16,16,529,35.26,132.91,45,25,4,0,81,0,0,0.0,0.0,0.0,,81,0,0,0,526,0,7.781086809965339,0.0,6.008048195198306,6.3428,Good,77,77,2256,0,16,1,0,8
2020,16,16,503,35.92,140.5,46,22,4,0,78*,0,0,0.0,0.0,0.0,,78,1,0,0,526,0,7.814354447094517,0.0,6.008048195198306,6.4547,Good,77,77,2256,0,16,1,0,8
2021,11,11,297,29.7,116.01,29,7,2,0,70*,0,0,0.0,0.0,0.0,,70,1,0,0,526,0,6.541162177698187,0.0,6.008048195198306,5.3975,Average,77,77,2256,0,16,1,0,8
2008,14,9,27,6.75,112.5,2,1,0,0,10,0,15,29.46,8.61,20.53,4/22,10,0,4,22,527,0,1.5728949137512525,5.389491554783554,5.117602912441322,3.5165,Below Average,67,30,52,74,0,0,0,5
2009,16,6,8,2.0,47.05,0,0,0,0,4,0,23,18.13,6.98,15.56,4/22,4,0,4,22,527,0,0.10236542597462917,8.2329800668595,5.117602912441322,3.7085,Below Average,67,30,52,74,0,0,0,5
2010,12,5,9,4.5,47.36,0,0,0,0,4*,0,13,28.46,8.8,19.38,4/22,4,1,4,22,527,0,0.24747785266344133,5.0816215695860905,5.117602912441322,2.8289,Below Average,67,30,52,74,0,0,0,5
2011,14,5,2,0.66,50.0,0,0,0,0,1*,0,13,26.53,6.9,23.07,4/22,1,1,4,22,527,0,0.0092777888598135,5.831483390088379,5.117602912441322,2.8917,Below Average,67,30,52,74,0,0,0,5
2012,11,5,6,3.0,50.0,0,0,0,0,3,0,10,31.8,7.75,24.6,4/22,3,0,4,22,527,0,0.12154152338095542,4.5181360254786025,5.117602912441322,2.5622,Below Average,67,30,52,74,0,0,0,5
2024,10,10,222,22.2,160.86,22,12,1,0,61,8,0,0.0,0.0,0.0,,61,0,0,0,528,0,6.185129187286144,0.0,6.41213349477055,5.3042,Average,18,18,413,0,2,0,10,2
2025,8,8,191,27.29,128.18,18,4,1,0,65*,2,0,0.0,0.0,0.0,,65,1,0,0,528,0,5.947126329440355,0.0,6.41213349477055,5.2222,Average,18,18,413,0,2,0,10,2
2023,11,11,227,20.64,133.52,17,15,2,0,81,10,0,0.0,0.0,0.0,,81,0,0,0,530,0,5.855742598731228,0.0,5.3979114395599135,4.4435,Average,19,18,363,0,2,0,17,3
2024,3,2,62,31.0,134.78,7,4,0,0,39,5,0,0.0,0.0,0.0,,39,0,0,0,530,0,4.643328468909242,0.0,5.3979114395599135,3.7349,Below Average,19,18,363,0,2,0,17,3
2025,5,5,74,18.5,139.62,10,3,0,0,35,2,0,0.0,0.0,0.0,,35,0,0,0,530,0,4.233073832967465,0.0,5.3979114395599135,3.4803,Below Average,19,18,363,0,2,0,17,3
2017,3,1,3,0.0,150.0,0,0,0,0,3*,0,2,29.0,8.28,21.0,4/27,3,1,4,27,531,0,0.0,1.688928924340006,4.79640087565148,1.6049,Poor,64,21,129,67,0,0,6,6
2019,13,4,12,6.0,109.09,2,0,0,0,10,0,13,23.69,6.55,21.69,4/27,10,0,4,27,531,0,0.8175421326764031,6.239274628375188,4.79640087565148,3.1437,Below Average,64,21,129,67,0,0,6,6
2020,15,1,2,0.0,50.0,0,0,0,0,2*,0,15,28.86,8.16,21.2,4/27,2,1,4,27,531,0,0.0,5.567473276647955,4.79640087565148,2.5545,Below Average,64,21,129,67,0,0,6,6
2021,11,5,14,2.8,93.33,1,0,0,0,8,0,13,24.46,7.39,19.84,4/27,8,0,4,27,531,0,0.4397212609273238,5.862368916654054,4.79640087565148,2.8314,Below Average,64,21,129,67,0,0,6,6
2022,13,8,77,12.83,113.23,7,4,0,0,25*,4,14,25.71,7.71,20.0,25/3,25,1,25,3,531,0,3.526316460710128,5.818067336627983,4.79640087565148,4.9139,Average,64,21,129,67,0,0,6,6
2024,9,2,21,21.0,140.0,3,1,0,0,16,2,10,27.9,9.0,18.6,23/3,16,0,23,3,531,0,2.7790615357542867,4.4764124102987655,4.79640087565148,3.8188,Below Average,64,21,129,67,0,0,6,6
2008,14,14,371,28.53,124.49,35,11,2,0,75*,0,0,0.0,0.0,0.0,,75,1,0,0,532,0,6.8946881305489764,0.0,7.4968997288541495,6.4463,Good,89,82,2174,0,11,0,0,6
2009,13,12,271,22.58,115.81,28,3,1,0,66,0,0,0.0,0.0,0.0,,66,0,0,0,532,0,6.0290133392752665,0.0,7.4968997288541495,5.8186,Good,89,82,2174,0,11,0,0,6
2010,16,11,256,28.44,128.64,34,3,1,0,52,0,0,0.0,0.0,0.0,,52,0,0,0,532,0,6.417518873798392,0.0,7.4968997288541495,5.997,Good,89,82,2174,0,11,0,0,6
2011,12,12,343,31.18,109.23,45,2,1,0,66,0,0,0.0,0.0,0.0,,66,0,0,0,532,0,6.726210614203813,0.0,7.4968997288541495,6.3029,Good,89,82,2174,0,11,0,0,6
2012,16,16,462,28.87,112.13,63,4,2,0,58,0,0,0.0,0.0,0.0,,58,0,0,0,532,0,7.072036364664286,0.0,7.4968997288541495,6.6061,Good,89,82,2174,0,11,0,0,6
2013,18,17,471,29.43,110.82,64,5,4,0,65,0,0,0.0,0.0,0.0,,65,0,0,0,532,0,7.109520572528966,0.0,7.4968997288541495,6.7206,Good,89,82,2174,0,11,0,0,6
2010,6,4,29,9.66,111.53,3,1,0,0,14*,0,5,33.4,8.08,24.8,3/13,14,1,3,13,533,0,1.9983676993114576,2.9219991897833717,4.78696322389561,2.9899,Below Average,42,20,66,39,0,0,0,4
2011,14,5,24,8.0,114.28,1,2,0,0,13,0,16,17.06,5.46,18.75,3/13,13,0,3,13,533,0,1.6378914775878672,8.083995930392883,4.78696322389561,4.3983,Average,42,20,66,39,0,0,0,4
2012,11,5,2,0.5,18.18,0,0,0,0,2,0,9,33.33,8.1,24.66,3/13,2,0,3,13,533,0,0.0025617054915325335,4.087528940537092,4.78696322389561,2.2549,Poor,42,20,66,39,0,0,0,4
2013,11,6,11,2.75,64.7,1,0,0,0,10*,0,9,31.22,6.85,27.33,3/13,10,1,3,13,533,0,0.252096697551945,4.6000330615651155,4.78696322389561,2.6005,Below Average,42,20,66,39,0,0,0,4
2014,3,3,18,18.0,85.71,2,0,0,0,14,0,2,49.0,10.88,27.0,2/28,14,0,2,28,534,0,1.874270463756221,0.8879722312582716,6.953569201408803,3.0684,Below Average,3,3,18,2,0,0,0,1
2014,3,1,16,16.0,123.07,0,1,0,0,16,0,2,29.5,6.55,27.0,3/18,16,0,3,18,535,0,2.007295381059231,1.9805445587125479,6.5359338113259895,3.1429,Below Average,123,92,1302,31,2,0,25,11
2017,3,2,19,19.0,172.72,4,0,0,0,15*,0,3,16.33,5.44,18.0,3/18,15,1,3,18,535,0,2.791040449049677,4.115287967161487,6.5359338113259895,4.5606,Average,123,92,1302,31,2,0,25,11
2018,8,5,50,16.66,116.27,5,1,0,0,24,0,6,28.83,7.86,22.0,3/18,24,0,3,18,535,0,3.3409554083848096,3.6072778203672007,6.5359338113259895,4.5924,Average,123,92,1302,31,2,0,25,11
2019,5,4,26,26.0,118.18,2,1,0,0,11*,0,2,21.0,6.63,19.0,3/18,11,1,3,18,535,0,3.097146474069797,2.4823504199792663,6.5359338113259895,4.2518,Average,123,92,1302,31,2,0,25,11
2020,14,11,255,42.5,139.34,13,17,1,0,53,0,10,32.6,7.08,27.6,3/18,53,0,3,18,535,0,7.085567315346522,4.665714622059407,6.5359338113259895,8.3417,Very Good,123,92,1302,31,2,0,25,11
2021,14,11,155,15.5,105.44,11,6,0,0,44,0,8,42.5,9.18,27.75,3/18,44,0,3,18,535,0,4.612980106293922,3.108831969050399,6.5359338113259895,5.5435,Good,123,92,1302,31,2,0,25,11
2022,16,12,217,31.0,147.61,22,9,0,0,43*,5,0,0.0,0.0,0.0,,43,1,0,0,535,0,6.499131061890919,0.0,6.5359338113259895,5.6469,Good,123,92,1302,31,2,0,25,11
2023,17,10,87,21.75,152.63,3,7,0,0,20*,8,0,0.0,0.0,0.0,,20,1,0,0,535,0,4.7913245589797056,0.0,6.5359338113259895,4.3055,Average,123,92,1302,31,2,0,25,11
2024,12,9,188,26.86,145.73,24,5,0,0,36*,6,0,0.0,0.0,0.0,,36,1,0,0,535,0,6.081459639503071,0.0,6.5359338113259895,5.3565,Average,123,92,1302,31,2,0,25,11
2025,15,12,99,12.38,167.79,6,7,0,0,24*,4,0,0.0,0.0,0.0,,24,1,0,0,535,0,4.331293660419444,0.0,6.5359338113259895,4.0323,Average,123,92,1302,31,2,0,25,11
2026,16,15,190,27.14,143.93,20,8,1,0,68,2,0,0.0,0.0,0.0,,68,0,0,0,535,0,6.093321110818511,0.0,6.5359338113259895,5.3353,Average,123,92,1302,31,2,0,25,11
2017,14,14,391,27.92,146.44,43,17,2,0,93,0,0,0.0,0.0,0.0,,93,0,0,0,536,0,7.165418439014493,0.0,6.821970826522203,6.3457,Good,100,98,2291,0,12,0,11,9
2018,12,12,226,25.11,135.32,18,8,1,0,80*,0,0,0.0,0.0,0.0,,80,1,0,0,536,0,6.140762961434786,0.0,6.821970826522203,5.463,Average,100,98,2291,0,12,0,11,9
2019,8,7,141,23.5,119.49,13,2,1,0,50,0,0,0.0,0.0,0.0,,50,0,0,0,536,0,5.223401296282769,0.0,6.821970826522203,4.6892,Average,100,98,2291,0,12,0,11,9
2020,11,11,230,23.0,127.07,21,10,1,0,81,0,0,0.0,0.0,0.0,,81,0,0,0,536,0,5.955578509159208,0.0,6.821970826522203,5.269,Average,100,98,2291,0,12,0,11,9
2021,17,16,397,28.35,140.28,41,11,2,0,74*,0,0,0.0,0.0,0.0,,74,1,0,0,536,0,7.147951231345903,0.0,6.821970826522203,6.1766,Good,100,98,2291,0,12,0,11,9
2022,14,14,413,37.55,158.23,40,20,3,0,76,6,0,0.0,0.0,0.0,,76,0,0,0,536,0,7.766704207463202,0.0,6.821970826522203,6.6849,Good,100,98,2291,0,12,0,11,9
2023,13,13,273,22.75,128.16,29,10,1,0,74*,2,0,0.0,0.0,0.0,,74,1,0,0,536,0,6.190717666221234,0.0,6.821970826522203,5.6035,Good,100,98,2291,0,12,0,11,9
2024,6,6,165,27.5,143.47,18,6,1,0,55,2,0,0.0,0.0,0.0,,55,0,0,0,536,0,5.91104380905973,0.0,6.821970826522203,5.4668,Average,100,98,2291,0,12,0,11,9
2025,5,5,55,11.0,96.49,6,1,0,0,23,1,0,0.0,0.0,0.0,,23,0,0,0,536,0,2.7113360706315763,0.0,6.821970826522203,3.2713,Below Average,100,98,2291,0,12,0,11,9
2011,11,8,46,9.2,92.0,4,1,0,0,26*,0,5,24.8,8.26,18.0,2/14,26,1,2,14,537,0,2.2395033799435375,3.444468265733287,7.342529123104505,4.1475,Average,11,8,46,5,0,0,0,1
2025,3,1,8,0.0,200.0,0,0,0,0,8*,3,0,0.0,0.0,0.0,,8,1,0,0,538,0,0.0,0.0,3.7312332426752226,0.5183,Poor,6,2,24,2,0,0,6,2
2026,3,1,16,16.0,114.28,1,0,0,0,16,3,2,25.0,12.5,12.0,11/1,16,0,11,1,538,0,1.9286820605598733,1.378932013716669,3.7312332426752226,2.1995,Poor,6,2,24,2,0,0,6,2
2010,12,11,112,16.0,116.66,11,0,0,0,24,0,2,40.5,10.12,24.0,1/11,24,0,1,11,539,0,4.353407772968373,1.1077638033451611,5.347821699226536,3.9188,Below Average,34,25,270,3,0,0,0,4
2011,9,3,25,12.5,73.52,1,0,0,0,18*,0,0,0.0,0.0,0.0,,18,1,0,0,539,0,1.6827909091971356,0.0,5.347821699226536,2.1491,Poor,34,25,270,3,0,0,0,4
2013,9,8,109,21.8,141.55,9,5,0,0,27*,0,0,0.0,0.0,0.0,,27,1,0,0,539,0,4.9995377917679305,0.0,5.347821699226536,3.8096,Below Average,34,25,270,3,0,0,0,4
2016,4,3,24,8.0,100.0,1,1,0,0,10,0,1,59.0,9.83,36.0,1/11,10,0,1,11,539,0,1.5113180188579267,0.44340318454662236,5.347821699226536,2.2133,Poor,34,25,270,3,0,0,0,4
2022,2,2,11,5.5,78.57,1,0,0,0,11,0,0,0.0,0.0,0.0,,11,0,0,0,540,0,0.548480634586174,0.0,6.85171634801522,1.9709,Poor,2,2,11,0,0,0,0,1
2008,9,3,34,17.0,121.42,2,2,0,0,17,0,6,30.5,8.31,22.0,4/15,17,0,4,15,541,0,2.9359430232726895,3.3842390801011084,5.705323037531972,4.0259,Average,87,44,334,61,0,0,0,9
2010,5,3,24,8.0,141.17,1,2,0,0,21,0,3,44.0,8.25,32.0,4/15,21,0,4,15,541,0,1.8492025009535813,1.6790712759168276,5.705323037531972,2.7137,Below Average,87,44,334,61,0,0,0,9
2011,14,6,25,8.33,113.63,3,0,0,0,11,0,8,26.25,6.56,24.0,4/15,11,0,4,15,541,0,1.7119330330282723,4.824779430315667,5.705323037531972,3.8079,Below Average,87,44,334,61,0,0,0,9
2012,17,6,35,11.66,125.0,4,0,0,0,12,0,13,29.92,7.31,24.53,4/15,12,0,4,15,541,0,2.5506260325797254,5.401623418297675,5.705323037531972,4.548,Average,87,44,334,61,0,0,0,9
2013,15,10,99,16.5,123.75,8,3,0,0,26*,0,11,30.18,7.57,23.9,4/15,26,1,4,15,541,0,4.308207711450725,4.907009055513136,5.705323037531972,5.5543,Good,87,44,334,61,0,0,0,9
2014,12,7,67,13.4,126.41,4,3,0,0,23,0,12,23.58,7.44,19.0,4/15,23,0,4,15,541,0,3.545054492030691,5.740034800571053,5.705323037531972,5.2906,Average,87,44,334,61,0,0,0,9
2015,2,1,0,0.0,0.0,0,0,0,0,0*,0,0,0.0,0.0,0.0,,0,1,0,0,541,0,0.0,0.0,5.705323037531972,1.0859,Poor,87,44,334,61,0,0,0,9
2016,10,6,34,34.0,170.0,1,2,0,0,21,0,6,40.66,7.17,34.0,4/15,21,0,4,15,541,0,4.27030333070543,3.1157663876837565,5.705323037531972,4.7399,Average,87,44,334,61,0,0,0,9
2017,3,2,16,16.0,94.11,0,1,0,0,16,0,2,27.5,7.85,21.0,4/15,16,0,4,15,541,0,1.7297809069627326,1.8276777420215664,5.705323037531972,2.7673,Below Average,87,44,334,61,0,0,0,9
2021,4,4,71,17.75,114.51,3,3,0,0,31,0,0,0.0,0.0,0.0,,31,0,0,0,542,0,3.859288302003174,0.0,5.967489614807109,3.3603,Below Average,57,52,1612,0,14,1,19,5
2022,8,7,333,55.5,152.75,27,18,2,1,112*,4,0,0.0,0.0,0.0,,112,1,0,0,542,0,7.9636278056538465,0.0,5.967489614807109,6.5615,Good,57,52,1612,0,14,1,19,5
2024,15,13,395,30.38,177.13,21,33,5,0,55,3,0,0.0,0.0,0.0,,55,0,0,0,542,0,7.56503716859504,0.0,5.967489614807109,6.1115,Good,57,52,1612,0,14,1,19,5
2025,15,14,312,24.0,143.77,25,14,2,0,64,2,0,0.0,0.0,0.0,,64,0,0,0,542,0,6.612015180046914,0.0,5.967489614807109,5.3409,Average,57,52,1612,0,14,1,19,5
2026,15,14,501,41.75,192.69,30,42,5,0,93*,10,0,0.0,0.0,0.0,,93,1,0,0,542,0,8.464308428054535,0.0,5.967489614807109,6.8689,Good,57,52,1612,0,14,1,19,5
2009,3,3,19,6.33,111.76,1,2,0,0,18,0,0,0.0,0.0,0.0,,18,0,0,0,543,0,1.2015099033000785,0.0,6.953569201408803,2.5475,Below Average,3,3,19,0,0,0,0,1
2022,5,4,45,22.5,112.5,3,1,0,0,14*,0,6,9.0,9.0,6.0,20/3,14,1,20,3,546,0,3.5497901662276057,5.9347576090331176,5.558629373565617,5.4525,Average,39,26,299,7,0,0,18,4
2024,15,9,125,31.25,201.61,5,12,0,0,35,8,0,0.0,0.0,0.0,,35,0,0,0,546,0,6.175887231006413,0.0,5.558629373565617,4.8329,Average,39,26,299,7,0,0,18,4
2025,11,7,47,9.4,134.28,1,4,0,0,22,5,0,0.0,0.0,0.0,,22,0,0,0,546,0,2.730764814403996,0.0,5.558629373565617,2.8002,Below Average,39,26,299,7,0,0,18,4
2026,8,6,82,16.4,120.58,8,2,0,0,35,5,1,31.0,11.62,16.0,5/1,35,0,5,1,546,0,4.013623124731391,0.6828920140667958,5.558629373565617,3.5898,Below Average,39,26,299,7,0,0,18,4
2008,5,1,28,0.0,133.33,4,1,0,0,28*,0,3,30.33,7.58,24.0,2/11,28,1,2,11,547,0,0.0,2.3276182119467617,4.759379339561046,1.6825,Poor,26,10,67,13,0,0,0,4
2009,9,4,23,23.0,104.54,2,0,0,0,10,0,5,26.4,6.28,25.2,2/11,10,0,2,11,547,0,2.6464440104771736,3.8752083744478556,4.759379339561046,3.6077,Below Average,26,10,67,13,0,0,0,4
2010,7,2,5,5.0,62.5,0,0,0,0,3,0,3,53.33,6.95,46.0,2/11,3,0,2,11,547,0,0.20475881131298218,1.652938710465036,4.759379339561046,1.5786,Poor,26,10,67,13,0,0,0,4
2011,5,3,11,11.0,84.61,0,0,0,0,8*,0,2,56.0,9.33,36.0,2/11,8,1,2,11,547,0,0.9942575975923569,0.9034150843530458,4.759379339561046,1.8634,Poor,26,10,67,13,0,0,0,4
2008,4,4,73,18.25,97.33,6,1,0,0,31,0,0,0.0,0.0,0.0,,31,0,0,0,548,0,3.718669670038202,0.0,7.03257241222424,3.8037,Below Average,4,4,73,0,0,0,0,1
2017,14,3,11,5.5,122.22,0,1,0,0,6*,0,17,21.05,6.62,19.05,3/19,6,1,3,19,549,0,0.7807157930536401,7.192053759701512,6.35136861024737,4.2986,Average,153,74,635,179,1,0,31,10
2018,17,7,59,11.8,190.32,3,6,0,0,34*,0,21,21.8,6.73,19.42,3/19,34,1,3,19,549,0,3.746989818357682,7.606173377613833,6.35136861024737,6.7875,Good,153,74,635,179,1,0,31,10
2019,15,8,34,6.8,147.82,2,2,0,0,17*,0,17,22.17,6.28,21.17,3/19,17,1,3,19,549,0,2.0952245552333846,7.194336205930215,6.35136861024737,4.9442,Average,153,74,635,179,1,0,31,10
2020,16,7,35,8.75,116.66,3,2,0,0,14,0,20,17.2,5.37,19.2,3/19,14,0,3,19,549,0,2.1438965849166536,8.697658187632232,6.35136861024737,6.0022,Good,153,74,635,179,1,0,31,10
2021,14,10,83,10.37,120.28,9,2,0,0,22,0,18,20.83,6.69,18.66,3/19,22,0,3,19,549,0,3.4263955740215297,7.339590477255271,6.35136861024737,6.0548,Good,153,74,635,179,1,0,31,10
2022,16,8,91,22.75,206.81,3,9,0,0,40,7,19,22.15,6.59,20.15,24/4,40,0,24,4,549,0,5.331119832244946,7.359476846942306,6.35136861024737,7.9998,Very Good,153,74,635,179,1,0,31,10
2023,17,9,130,32.5,216.66,8,13,1,0,79*,9,27,20.44,8.23,14.88,30/4,79,1,30,4,549,0,6.3855834635192865,7.9056234800364455,6.35136861024737,8.7489,Excellent,153,74,635,179,1,0,31,10
2024,12,8,102,20.4,143.66,11,3,0,0,31,5,10,36.7,8.4,26.2,38/2,31,0,38,2,549,0,4.838269302373652,4.029121426884611,6.35136861024737,5.9535,Good,153,74,635,179,1,0,31,10
2025,15,8,40,8.0,142.85,2,3,0,0,12,6,9,57.11,9.34,36.66,25/2,12,0,25,2,549,0,2.422448061118529,2.7554437492407207,6.35136861024737,3.6423,Below Average,153,74,635,179,1,0,31,10
2026,17,6,50,12.5,121.95,4,2,0,0,24,4,21,24.57,9.07,16.23,33/4,24,0,33,4,549,0,3.0383408773508487,6.533884047898891,6.35136861024737,5.5816,Good,153,74,635,179,1,0,31,10
2026,12,2,3,0.0,150.0,0,0,0,0,3*,2,19,21.31,9.45,13.52,24/4,3,1,24,4,550,0,0.0,6.536968229330667,7.370867969875238,4.04,Average,12,2,3,19,0,0,2,1
2019,1,1,5,0.0,125.0,0,0,0,0,5*,0,0,0.0,0.0,0.0,,5,1,0,0,551,0,0.0,0.0,4.31836215222603,0.5134,Poor,11,6,40,9,0,0,1,3
2022,2,1,7,7.0,116.66,1,0,0,0,7,0,0,0.0,0.0,0.0,,7,0,0,0,551,0,0.6376458252605264,0.0,4.31836215222603,1.1192,Poor,11,6,40,9,0,0,1,3
2024,8,4,28,7.0,93.33,4,0,0,0,10,1,9,29.88,10.97,16.33,34/3,10,0,34,3,551,0,1.4667991849862503,3.6811164861957324,4.31836215222603,2.7208,Below Average,11,6,40,9,0,0,1,3
2022,3,3,22,11.0,91.66,2,0,0,0,12*,0,0,0.0,0.0,0.0,,12,1,0,0,552,0,1.648447093713922,0.0,6.953569201408803,2.5618,Below Average,3,3,22,0,0,0,0,1
2020,14,3,7,7.0,58.33,1,0,0,0,6*,0,12,31.33,7.37,25.5,3/24,6,1,3,24,553,0,0.3545563321260376,5.084461031794377,5.249207615100792,2.8504,Below Average,63,17,45,59,0,0,16,5
2021,9,1,1,1.0,25.0,0,0,0,0,1,0,12,18.5,6.34,17.5,3/24,1,0,3,24,553,0,0.003521498441860856,6.741912056330705,5.249207615100792,3.0671,Below Average,63,17,45,59,0,0,16,5
2023,15,7,20,6.67,74.07,1,0,0,0,5,8,16,24.43,7.74,18.93,28/3,5,0,28,3,553,0,0.9691655357202734,6.264049909573228,5.249207615100792,3.643,Below Average,63,17,45,59,0,0,16,5
2024,14,3,4,1.33,66.66,0,0,0,0,2,3,10,38.3,8.77,26.2,25/2,2,0,25,2,553,0,0.04914931207803072,3.8482364671736153,5.249207615100792,2.4481,Poor,63,17,45,59,0,0,16,5
2025,11,3,13,6.5,81.25,0,2,0,0,13,5,9,44.55,10.83,24.66,18/2,13,0,18,2,553,0,0.7371841838263775,2.9343280711908095,5.249207615100792,2.3348,Poor,63,17,45,59,0,0,16,5
2009,5,5,138,27.6,115.96,8,7,1,0,84,0,0,0.0,0.0,0.0,,84,0,0,0,554,0,5.373981665525829,0.0,6.653326895077299,4.7402,Average,24,22,531,11,3,0,0,3
2010,10,9,248,31.0,115.88,25,3,2,0,77,0,5,25.4,9.76,15.6,3/31,77,0,3,31,554,0,6.347735697133735,3.077974277291467,6.653326895077299,6.8811,Good,24,22,531,11,3,0,0,3
2015,9,8,145,29.0,120.83,6,6,0,0,41,0,6,26.66,8.0,20.0,3/31,41,0,3,31,554,0,5.567484205968384,3.7308926589158045,6.653326895077299,6.7392,Good,24,22,531,11,3,0,0,3
2013,10,6,38,9.5,102.7,3,1,0,0,23*,0,13,20.07,6.92,17.38,3/31,23,1,3,31,555,0,2.184859112543912,6.516963702605901,5.252198824234741,4.3283,Average,12,7,51,14,0,0,0,2
2014,2,1,13,13.0,100.0,0,1,0,0,13,0,1,37.0,6.16,36.0,3/31,13,0,3,31,555,0,1.3956087174065204,1.013997947774557,5.252198824234741,2.3946,Poor,12,7,51,14,0,0,0,2
2026,1,1,4,4.0,200.0,1,0,0,0,4,0,0,0.0,0.0,0.0,,4,0,0,0,556,0,0.3915605275716404,0.0,6.708162813864161,1.9471,Poor,1,1,4,0,0,0,0,1
2009,2,1,8,8.0,53.33,1,0,0,0,8,0,2,6.5,3.25,12.0,4/34,8,0,4,34,557,0,0.41414955278754045,6.5456450975507465,6.520378276579134,3.7707,Below Average,221,98,833,187,1,0,13,16
2010,12,6,30,7.5,75.0,2,0,0,0,11*,0,13,22.53,6.1,22.15,4/34,11,1,4,34,557,0,1.3942973650170798,6.543433710949381,6.520378276579134,4.4242,Average,221,98,833,187,1,0,13,16
2011,16,2,2,1.0,33.33,0,0,0,0,2,0,20,19.4,6.15,18.9,4/34,2,0,4,34,557,0,0.009370259223875731,8.019777589332138,6.520378276579134,4.0672,Average,221,98,833,187,1,0,13,16
2012,19,5,18,6.0,120.0,2,0,0,0,8,0,14,30.85,6.56,28.21,4/34,8,0,4,34,557,0,1.1722462709534582,5.767518120164173,6.520378276579134,3.9699,Below Average,221,98,833,187,1,0,13,16
2013,18,5,35,8.75,71.42,4,0,0,0,11*,0,15,26.0,6.72,23.2,4/34,11,1,4,34,557,0,1.634824513660119,6.300199450946496,6.520378276579134,4.5455,Average,221,98,833,187,1,0,13,16
2014,16,6,45,15.0,100.0,4,0,0,0,14,0,16,27.31,7.3,22.43,4/34,14,0,4,34,557,0,2.887982836101096,6.132519083057776,6.520378276579134,5.3712,Average,221,98,833,187,1,0,13,16
2015,14,6,52,17.33,162.5,6,1,0,0,23,0,10,22.8,5.84,23.4,4/34,23,0,4,34,557,0,3.8785981539772463,5.968635845131414,6.520378276579134,5.9705,Good,221,98,833,187,1,0,13,16
2016,14,6,41,20.5,107.89,3,1,0,0,29,0,10,31.9,7.25,26.4,4/34,29,0,4,34,557,0,3.2570521407786672,4.66113785703974,6.520378276579134,5.0509,Average,221,98,833,187,1,0,13,16
2018,14,9,102,12.75,143.66,7,5,0,0,45,0,10,41.0,8.09,30.4,4/34,45,0,4,34,557,0,4.202524685625216,3.8745393202777367,6.520378276579134,5.3811,Average,221,98,833,187,1,0,13,16
2019,14,6,42,8.4,150.0,3,3,0,0,17*,0,15,26.66,7.27,22.0,4/34,17,1,4,34,557,0,2.5940443935517,6.0426501494382565,6.520378276579134,5.0948,Average,221,98,833,187,1,0,13,16
2020,15,6,37,12.33,108.82,3,1,0,0,14*,0,13,30.07,7.66,23.53,4/34,14,1,4,34,557,0,2.5186500008952715,5.278567175013369,6.520378276579134,4.6828,Average,221,98,833,187,1,0,13,16
2021,13,5,44,14.66,104.76,2,1,0,0,20*,0,7,47.28,7.41,38.28,4/34,20,1,4,34,557,0,2.8893359571055868,3.0604773026619236,6.520378276579134,4.1336,Average,221,98,833,187,1,0,13,16
2022,17,12,191,27.29,141.48,14,9,1,0,50,5,12,41.91,7.5,33.5,17/3,50,0,17,3,557,0,6.08440451837596,4.382672235662619,6.520378276579134,7.4513,Very Good,221,98,833,187,1,0,13,16
2023,13,10,67,11.17,131.37,5,3,0,0,30,1,14,26.28,7.51,21.0,23/2,30,0,23,2,557,0,3.360135749479409,5.828702764480403,6.520378276579134,5.7157,Good,221,98,833,187,1,0,13,16
2024,15,9,86,14.33,116.21,5,4,0,0,29,4,9,51.88,8.49,36.66,24/3,29,0,24,3,557,0,3.849232239828164,3.1022628426886323,6.520378276579134,4.9083,Average,221,98,833,187,1,0,13,16
2025,9,4,33,8.25,110.0,3,1,0,0,13,3,7,40.42,9.12,26.57,41/2,13,0,41,2,557,0,1.9533209614448928,2.966771188312618,6.520378276579134,3.4291,Below Average,221,98,833,187,1,0,13,16
2008,14,9,135,19.28,131.06,11,6,0,0,36*,0,0,0.0,0.0,0.0,,36,1,0,0,558,0,5.018836400776974,0.0,7.480874206078855,4.8958,Average,268,209,3526,180,5,0,27,18
2009,13,13,295,26.81,110.9,21,6,0,0,42,0,6,25.16,6.47,23.33,5/16,42,0,5,16,558,0,6.3259914724204735,4.305313588115595,7.480874206078855,8.1035,Very Good,268,209,3526,180,5,0,27,18
2011,14,12,283,31.44,124.12,20,14,0,0,47,0,8,38.12,7.26,31.5,5/16,47,0,5,16,558,0,6.647659326504084,3.7869622208165774,7.480874206078855,8.0291,Very Good,268,209,3526,180,5,0,27,18
2012,19,14,191,15.91,126.49,13,9,0,0,48,0,12,22.75,7.8,17.5,5/16,48,0,5,16,558,0,5.182686415995347,5.7122849097242625,7.480874206078855,7.8863,Very Good,268,209,3526,180,5,0,27,18
2013,18,14,201,25.12,148.88,17,6,0,0,38*,0,13,24.84,7.48,19.92,5/16,38,1,5,16,558,0,6.111065718115649,5.795133981434385,7.480874206078855,8.2875,Very Good,268,209,3526,180,5,0,27,18
2014,16,10,146,29.2,132.72,9,5,0,0,36*,0,19,23.31,8.15,17.15,5/16,36,1,5,16,558,0,5.716462993139089,6.684282869764716,7.480874206078855,8.4042,Very Good,268,209,3526,180,5,0,27,18
2015,17,12,132,18.85,104.76,7,3,0,0,24,0,11,30.0,7.73,23.27,5/16,24,0,5,16,558,0,4.65177778861665,4.872585491393232,7.480874206078855,6.8154,Good,268,209,3526,180,5,0,27,18
2016,15,15,191,21.22,107.3,14,4,0,0,36*,0,8,38.87,7.74,30.12,5/16,36,1,5,16,558,0,5.352652134304011,3.615903600253808,7.480874206078855,6.8783,Good,268,209,3526,180,5,0,27,18
2017,12,10,158,39.5,139.82,13,4,0,0,28,0,5,69.8,9.18,45.6,5/16,28,0,5,16,558,0,6.318841418101428,1.6077691117894457,7.480874206078855,6.6836,Good,268,209,3526,180,5,0,27,18
2018,16,10,89,17.8,120.27,3,4,0,0,27*,0,11,27.54,7.39,22.36,5/16,27,1,5,16,558,0,4.228803856069516,5.1764191196519995,7.480874206078855,6.6339,Good,268,209,3526,180,5,0,27,18
2019,16,9,106,35.33,120.45,7,4,0,0,31*,0,15,22.86,6.35,21.6,5/16,31,1,5,16,558,0,5.403076444436797,6.7671876097006045,7.480874206078855,8.3029,Very Good,268,209,3526,180,5,0,27,18
2020,14,11,232,46.4,171.85,22,11,1,0,50,0,6,53.0,8.75,36.33,5/16,50,0,5,16,558,0,7.370128496191347,2.3141539014350028,7.480874206078855,7.9656,Very Good,268,209,3526,180,5,0,27,18
2021,16,12,227,75.66,145.51,19,9,1,0,62*,0,13,26.61,7.06,22.61,5/16,62,1,5,16,558,0,7.792373186831712,5.768217684541613,7.480874206078855,9.4532,Excellent,268,209,3526,180,5,0,27,18
2022,10,10,116,19.33,118.36,6,5,0,0,26*,7,5,49.6,7.51,39.6,39/3,26,1,39,3,558,0,4.676224154896751,2.372471723723322,7.480874206078855,5.7501,Good,268,209,3526,180,5,0,27,18
2023,16,12,190,23.75,142.85,11,9,0,0,25*,7,20,21.55,7.56,17.1,20/3,25,1,20,3,558,0,5.897355042141817,7.208205163027492,7.480874206078855,8.581,Excellent,268,209,3526,180,5,0,27,18
2024,14,11,267,44.5,142.78,22,8,1,0,57*,6,8,46.12,7.85,35.25,18/3,57,1,18,3,558,0,7.248654717432971,3.2506300332239624,7.480874206078855,8.2316,Very Good,268,209,3526,180,5,0,27,18
2025,14,14,301,33.44,135.58,25,10,2,0,77*,6,10,32.4,8.56,22.7,17/2,77,1,17,2,558,0,6.943743129714579,4.257187623261871,7.480874206078855,8.4351,Very Good,268,209,3526,180,5,0,27,18
2026,14,11,266,66.5,135.02,24,5,0,0,45*,1,10,27.7,8.39,19.8,8/2,45,1,8,2,558,0,7.7287116745351785,4.650128196040385,7.480874206078855,9.0808,Excellent,268,209,3526,180,5,0,27,18
2024,4,1,3,0.0,50.0,0,0,0,0,3*,1,4,42.0,11.2,22.5,27/2,3,1,27,2,559,0,0.0,1.7153004284427953,7.03257241222424,2.3501,Poor,4,1,3,4,0,0,1,1
2010,3,1,4,0.0,200.0,1,0,0,0,4*,0,0,0.0,0.0,0.0,,4,1,0,0,560,0,0.0,0.0,6.953569201408803,1.8157,Poor,3,1,4,0,0,0,0,1
2024,2,1,2,0.0,100.0,0,0,0,0,2*,0,1,71.0,9.06,47.0,30/1,2,1,30,1,561,0,0.0,0.4027753008817292,6.85171634801522,2.0302,Poor,2,1,2,1,0,0,0,1
2012,6,6,83,13.83,113.69,10,4,1,0,50,0,0,0.0,0.0,0.0,,50,0,0,0,562,0,3.7270835970560015,0.0,7.151699256297347,3.8234,Below Average,6,6,83,0,1,0,0,1
2018,1,1,0,0.0,0.0,0,0,0,0,0*,0,0,0.0,0.0,0.0,,0,1,0,0,563,0,0.0,0.0,3.3006600616687916,0.1501,Poor,4,4,10,0,0,0,0,3
2019,1,1,7,7.0,58.33,0,0,0,0,7,0,0,0.0,0.0,0.0,,7,0,0,0,563,0,0.3545563321260376,0.0,3.3006600616687916,0.3652,Poor,4,4,10,0,0,0,0,3
2024,2,2,3,1.5,33.33,0,0,0,0,3,0,0,0.0,0.0,0.0,,3,0,0,0,563,0,0.0209962102062976,0.0,3.3006600616687916,0.1413,Poor,4,4,10,0,0,0,0,3
2008,4,4,39,9.75,73.58,2,1,0,0,20,0,0,0.0,0.0,0.0,,20,0,0,0,564,0,1.8820440571190844,0.0,6.551134363352924,2.7577,Below Average,10,9,91,0,0,0,0,2
2013,6,5,52,10.4,69.33,3,1,0,0,28,0,0,0.0,0.0,0.0,,28,0,0,0,564,0,2.1973557584357666,0.0,6.551134363352924,2.8618,Below Average,10,9,91,0,0,0,0,2
2014,3,3,39,13.0,95.12,2,2,0,0,24,0,0,0.0,0.0,0.0,,24,0,0,0,565,0,2.4846924096753478,0.0,4.8934236186606075,2.4265,Poor,22,22,473,0,2,0,7,4
2015,2,2,14,7.0,140.0,1,1,0,0,14,0,0,0.0,0.0,0.0,,14,0,0,0,565,0,1.2181746283713355,0.0,4.8934236186606075,1.6733,Poor,22,22,473,0,2,0,7,4
2023,9,9,209,29.86,148.22,17,11,1,0,82*,3,0,0.0,0.0,0.0,,82,1,0,0,565,0,6.40016028288303,0.0,4.8934236186606075,4.6544,Average,22,22,473,0,2,0,7,4
2024,8,8,211,26.38,181.89,25,11,1,0,61,4,0,0.0,0.0,0.0,,61,0,0,0,565,0,6.5262332497768405,0.0,4.8934236186606075,4.7269,Average,22,22,473,0,2,0,7,4
2018,4,4,29,7.25,93.54,4,0,0,0,16,0,0,0.0,0.0,0.0,,16,0,0,0,567,0,1.5336854169745213,0.0,5.654198968955102,2.1205,Poor,73,62,1394,0,6,0,43,8
2019,5,3,37,18.5,108.82,1,2,0,0,30,0,0,0.0,0.0,0.0,,30,0,0,0,567,0,3.0097295332752507,0.0,5.654198968955102,2.9075,Below Average,73,62,1394,0,6,0,43,8
2020,1,1,11,11.0,100.0,1,0,0,0,11,0,0,0.0,0.0,0.0,,11,0,0,0,567,0,1.1184044430426283,0.0,5.654198968955102,1.972,Poor,73,62,1394,0,6,0,43,8
2022,7,7,174,34.8,148.71,17,7,0,0,42*,9,0,0.0,0.0,0.0,,42,1,0,0,567,0,6.362659444666429,0.0,5.654198968955102,4.9661,Average,73,62,1394,0,6,0,43,8
2023,14,14,474,59.25,149.52,31,29,4,0,67*,8,0,0.0,0.0,0.0,,67,1,0,0,567,0,8.522014086637439,0.0,5.654198968955102,6.7553,Good,73,62,1394,0,6,0,43,8
2024,15,11,168,18.67,148.67,13,8,0,0,26,7,0,0.0,0.0,0.0,,26,0,0,0,567,0,5.448907714689833,0.0,5.654198968955102,4.2506,Average,73,62,1394,0,6,0,43,8
2025,13,11,206,29.43,153.73,20,10,0,0,38*,9,0,0.0,0.0,0.0,,38,1,0,0,567,0,6.410676683209373,0.0,5.654198968955102,5.1041,Average,73,62,1394,0,6,0,43,8
2026,14,11,295,59.0,148.98,27,11,2,0,83*,10,0,0.0,0.0,0.0,,83,1,0,0,567,0,7.844184291083285,0.0,5.654198968955102,6.2283,Good,73,62,1394,0,6,0,43,8
2021,2,2,25,25.0,92.59,3,0,0,0,18,0,0,0.0,0.0,0.0,,18,0,0,0,568,0,2.700824980652023,0.0,4.359535144423983,2.3571,Poor,9,7,80,0,0,0,2,3
2022,2,1,6,6.0,200.0,0,1,0,0,6,1,0,0.0,0.0,0.0,,6,0,0,0,568,0,0.7648721577452766,0.0,4.359535144423983,1.2208,Poor,9,7,80,0,0,0,2,3
2023,5,4,49,16.33,113.95,3,1,0,0,23,1,0,0.0,0.0,0.0,,23,0,0,0,568,0,3.2640085711376683,0.0,4.359535144423983,2.609,Below Average,9,7,80,0,0,0,2,3
2016,10,10,198,24.75,130.26,19,6,1,0,69,0,0,0.0,0.0,0.0,,69,0,0,0,569,0,5.88377795652193,0.0,7.274480468481009,5.574,Good,139,136,3865,0,20,2,34,10
2017,14,14,366,26.14,165.61,28,24,2,0,97,0,0,0.0,0.0,0.0,,97,0,0,0,569,0,7.152901228188173,0.0,7.274480468481009,6.5892,Good,139,136,3865,0,20,2,34,10
2018,14,14,684,52.61,173.6,68,37,5,1,128*,0,0,0.0,0.0,0.0,,128,1,0,0,569,0,9.081130718755603,0.0,7.274480468481009,8.2215,Very Good,139,136,3865,0,20,2,34,10
2019,16,16,488,37.53,162.66,37,27,3,0,78*,0,0,0.0,0.0,0.0,,78,1,0,0,569,0,8.039230368767692,0.0,7.274480468481009,7.2941,Very Good,139,136,3865,0,20,2,34,10
2020,14,14,343,31.18,113.95,31,9,1,0,56,0,0,0.0,0.0,0.0,,56,0,0,0,569,0,6.78537853546521,0.0,7.274480468481009,6.3766,Good,139,136,3865,0,20,2,34,10
2021,16,16,419,34.91,128.52,42,10,3,0,58*,0,0,0.0,0.0,0.0,,58,1,0,0,569,0,7.392672001165234,0.0,7.274480468481009,6.7383,Good,139,136,3865,0,20,2,34,10
2022,14,13,340,30.91,151.78,35,16,0,0,44,8,0,0.0,0.0,0.0,,44,0,0,0,569,0,7.162322135530368,0.0,7.274480468481009,6.5286,Good,139,136,3865,0,20,2,34,10
2024,13,13,446,40.55,155.4,36,25,3,0,88*,11,0,0.0,0.0,0.0,,88,1,0,0,569,0,7.957344482918982,0.0,7.274480468481009,7.2919,Very Good,139,136,3865,0,20,2,34,10
2025,14,13,269,24.45,133.16,23,16,1,1,118*,5,0,0.0,0.0,0.0,,118,1,0,0,569,0,6.323919049369882,0.0,7.274480468481009,5.8974,Good,139,136,3865,0,20,2,34,10
2026,14,13,312,28.36,138.05,30,11,1,0,68*,10,0,0.0,0.0,0.0,,68,1,0,0,569,0,6.7886404221358045,0.0,7.274480468481009,6.0927,Good,139,136,3865,0,20,2,34,10
2013,6,4,21,7.0,100.0,3,0,0,0,14,0,2,54.5,7.26,45.0,2/14,14,0,2,14,570,0,1.2752725622889063,1.140355869444402,5.075065885370534,2.2626,Poor,38,24,210,25,0,0,5,6
2014,13,6,82,41.0,109.33,8,1,0,0,23*,0,13,28.07,7.71,21.84,2/14,23,1,2,14,570,0,5.1212464838566065,5.426816869076947,5.075065885370534,6.1226,Good,38,24,210,25,0,0,5,6
2015,5,5,36,18.0,109.09,2,2,0,0,25*,0,1,110.0,9.16,72.0,2/14,25,1,2,14,570,0,2.944877694885521,0.2637586304018881,5.075065885370534,2.6895,Below Average,38,24,210,25,0,0,5,6
2016,2,2,14,0.0,233.33,0,1,0,0,11*,0,2,28.0,8.0,21.0,2/14,11,1,2,14,570,0,0.0,1.7786250908234669,5.075065885370534,1.7389,Poor,38,24,210,25,0,0,5,6
2022,6,4,37,18.5,92.5,4,2,0,0,21*,2,6,26.0,8.21,19.0,36/2,21,1,36,2,570,0,2.809714010230503,3.729158030222897,5.075065885370534,3.8493,Below Average,38,24,210,25,0,0,5,6
2023,6,3,20,10.0,166.66,1,1,0,0,19,3,1,60.0,8.57,42.0,20/1,19,0,20,1,570,0,2.068018862280798,0.49534979532285783,5.075065885370534,2.3011,Poor,38,24,210,25,0,0,5,6
2019,7,5,160,32.0,126.98,17,5,1,0,50,0,2,60.5,8.64,42.0,1/10,50,0,1,10,571,0,5.909212927747587,0.9030607786562959,6.01145100996847,5.4076,Average,98,86,1875,9,9,0,37,8
2020,12,8,86,12.28,111.68,6,3,0,0,42*,0,0,0.0,0.0,0.0,,42,1,0,0,571,0,3.5950059125413887,0.0,6.01145100996847,3.3958,Below Average,98,86,1875,9,9,0,37,8
2021,11,10,93,11.62,112.04,6,4,0,0,25,0,1,73.0,11.83,37.0,1/10,25,0,1,10,571,0,3.6291381455888154,0.30541269204120897,6.01145100996847,3.4638,Below Average,98,86,1875,9,9,0,37,8
2022,17,14,183,16.64,138.63,11,10,1,0,56*,17,1,59.0,14.75,24.0,12/1,56,1,12,1,571,0,5.311661773996996,0.3031979932179964,6.01145100996847,4.6676,Average,98,86,1875,9,9,0,37,8
2023,7,7,78,13.0,118.18,4,5,0,0,20,1,0,0.0,0.0,0.0,,20,0,0,0,571,0,3.615703996853959,0.0,6.01145100996847,3.3683,Below Average,98,86,1875,9,9,0,37,8
2024,16,14,573,52.09,149.21,40,33,4,0,84*,7,0,0.0,0.0,0.0,,84,1,0,0,571,0,8.604766155120293,0.0,6.01145100996847,7.0114,Very Good,98,86,1875,9,9,0,37,8
2025,14,14,393,32.75,166.52,27,27,1,0,95,8,3,56.66,8.5,40.0,12/1,95,0,12,1,571,0,7.576651794567519,1.3497336526449915,6.01145100996847,6.7953,Good,98,86,1875,9,9,0,37,8
2026,14,14,309,23.77,157.65,24,21,2,0,90,4,2,19.0,9.5,12.0,5/1,90,0,5,1,571,0,6.713877123862817,2.0787422823256962,6.01145100996847,6.5066,Good,98,86,1875,9,9,0,37,8
2009,7,7,103,14.71,100.98,12,3,1,0,51,0,0,0.0,0.0,0.0,,51,0,0,0,572,0,3.936527129302551,0.0,7.198975588953446,4.1249,Average,7,7,103,0,1,0,0,1
2025,2,2,6,3.0,40.0,0,0,0,0,3,0,0,0.0,0.0,0.0,,3,0,0,0,573,0,0.09805673553114055,0.0,4.439523962866328,0.7568,Poor,4,4,12,0,0,0,0,2
2026,2,2,6,6.0,150.0,1,0,0,0,5,0,0,0.0,0.0,0.0,,5,0,0,0,573,0,0.6089683868396369,0.0,4.439523962866328,0.9912,Poor,4,4,12,0,0,0,0,2
2012,5,5,32,10.66,106.66,3,1,0,0,16*,0,3,23.33,8.75,16.0,3/37,16,1,3,37,574,0,2.164008126468602,2.519992345615509,7.0971227355598625,3.827,Below Average,5,5,32,3,0,0,0,1
2008,14,14,320,35.55,114.69,34,9,0,0,48,0,0,0.0,0.0,0.0,,48,0,0,0,575,0,6.880845768976069,0.0,7.564049300791497,6.5026,Good,205,197,4952,0,27,0,5,15
2009,15,13,175,15.9,102.94,18,3,1,0,66*,0,0,0.0,0.0,0.0,,66,1,0,0,575,0,4.780029355629683,0.0,7.564049300791497,4.6715,Average,205,197,4952,0,27,0,5,15
2010,16,14,374,31.16,171.55,21,27,3,0,68*,0,0,0.0,0.0,0.0,,68,1,0,0,575,0,7.479015851519088,0.0,7.564049300791497,6.8579,Good,205,197,4952,0,27,0,5,15
2011,14,13,264,26.4,126.31,27,10,0,0,45,0,0,0.0,0.0,0.0,,45,0,0,0,575,0,6.331113590989828,0.0,7.564049300791497,6.0638,Good,205,197,4952,0,27,0,5,15
2012,16,16,405,27.0,118.07,38,10,2,0,69,0,0,0.0,0.0,0.0,,69,0,0,0,575,0,6.866160878421455,0.0,7.564049300791497,6.2859,Good,205,197,4952,0,27,0,5,15
2013,16,16,434,27.12,116.98,42,12,2,0,75,0,0,0.0,0.0,0.0,,75,0,0,0,575,0,6.956196092015081,0.0,7.564049300791497,6.5756,Good,205,197,4952,0,27,0,5,15
2014,16,16,660,44.0,137.78,74,18,5,0,83*,0,0,0.0,0.0,0.0,,83,1,0,0,575,0,8.45403760058555,0.0,7.564049300791497,7.8931,Very Good,205,197,4952,0,27,0,5,15
2015,13,13,364,30.33,131.4,42,7,1,0,80*,0,0,0.0,0.0,0.0,,80,1,0,0,575,0,7.02932518948041,0.0,7.564049300791497,6.7375,Good,205,197,4952,0,27,0,5,15
2016,15,15,394,26.26,136.33,45,8,3,0,72,0,0,0.0,0.0,0.0,,72,0,0,0,575,0,6.990023709488158,0.0,7.564049300791497,6.5651,Good,205,197,4952,0,27,0,5,15
2017,14,13,388,29.84,165.1,36,21,5,0,87,0,0,0.0,0.0,0.0,,87,0,0,0,575,0,7.416070106246758,0.0,7.564049300791497,6.9746,Good,205,197,4952,0,27,0,5,15
2018,16,16,351,21.93,132.45,30,21,1,0,54,0,0,0.0,0.0,0.0,,54,0,0,0,575,0,6.535982462002584,0.0,7.564049300791497,6.133,Good,205,197,4952,0,27,0,5,15
2019,12,11,282,31.33,115.1,28,10,1,0,67*,0,0,0.0,0.0,0.0,,67,1,0,0,575,0,6.532403550718407,0.0,7.564049300791497,6.1714,Good,205,197,4952,0,27,0,5,15
2020,12,12,196,16.33,119.51,19,7,0,0,41,0,0,0.0,0.0,0.0,,41,0,0,0,575,0,5.1759981625052065,0.0,7.564049300791497,5.1601,Average,205,197,4952,0,27,0,5,15
2021,4,4,115,28.75,136.9,8,5,1,0,63,0,0,0.0,0.0,0.0,,63,0,0,0,575,0,5.407787632023569,0.0,7.564049300791497,5.2766,Average,205,197,4952,0,27,0,5,15
2022,12,11,230,20.91,134.5,19,14,2,0,88,5,0,0.0,0.0,0.0,,88,0,0,0,575,0,5.90217336964135,0.0,7.564049300791497,5.7884,Good,205,197,4952,0,27,0,5,15
2009,10,8,122,15.25,124.48,8,8,0,0,35,0,9,27.55,7.29,22.66,3/20,35,0,3,20,576,0,4.491540310380644,4.742319715554607,4.117777899236911,4.7553,Average,18,15,159,19,0,0,0,4
2010,1,1,1,1.0,50.0,0,0,0,0,1,0,2,13.5,6.75,12.0,3/20,1,0,3,20,576,0,0.007034226019245297,3.237659231696393,4.117777899236911,1.7906,Poor,18,15,159,19,0,0,0,4
2011,4,4,14,0.0,87.5,1,0,0,0,8*,0,5,18.4,6.2,17.8,3/20,8,1,3,20,576,0,0.0,4.691875530308271,4.117777899236911,2.2891,Poor,18,15,159,19,0,0,0,4
2013,3,2,22,11.0,88.0,2,0,0,0,14,0,3,23.66,6.45,22.0,3/20,14,0,3,20,576,0,1.6090863668217124,3.0303793173477023,4.117777899236911,2.5889,Below Average,18,15,159,19,0,0,0,4
2010,2,1,2,2.0,25.0,0,0,0,0,2,0,0,0.0,0.0,0.0,,2,0,0,0,577,0,0.014033542584565645,0.0,6.85171634801522,1.9352,Poor,2,1,2,0,0,0,0,1
2008,6,3,8,0.0,88.88,1,0,0,0,6*,0,5,27.4,8.38,19.6,2/16,6,1,2,16,578,0,0.0,3.2226110590108767,4.087191365703967,1.6783,Poor,10,5,20,6,0,0,0,2
2009,4,2,12,12.0,133.33,0,1,0,0,11*,0,1,72.0,10.53,41.0,2/16,11,1,2,16,578,0,1.5112948346773458,0.3453519712376027,4.087191365703967,1.5483,Poor,10,5,20,6,0,0,0,2
2008,13,12,404,36.72,147.98,38,19,4,0,76*,0,1,25.0,6.25,24.0,4/6,76,1,4,6,579,0,7.610324834598682,1.378932013716669,8.48078014257348,8.1741,Very Good,281,276,7329,15,49,2,12,19
2009,16,16,362,27.84,114.92,22,18,1,0,52,0,11,14.63,7.0,12.54,4/6,52,0,4,6,579,0,6.714172633402004,6.865719786496958,8.48078014257348,9.6987,Excellent,281,276,7329,15,49,2,12,19
2010,16,16,404,28.85,133.77,36,14,3,0,73,0,2,76.5,8.05,57.0,4/6,73,0,4,6,579,0,7.130353569656561,0.7839290530405445,8.48078014257348,7.7277,Very Good,281,276,7329,15,49,2,12,19
2011,16,14,372,33.81,125.25,32,13,3,0,87,0,0,0.0,0.0,0.0,,87,0,0,0,579,0,7.144809794640184,0.0,8.48078014257348,7.2427,Very Good,281,276,7329,15,49,2,12,19
2012,17,16,433,30.92,126.6,39,18,3,1,109*,0,0,0.0,0.0,0.0,,109,1,0,0,579,0,7.247435781364842,0.0,8.48078014257348,7.275,Very Good,281,276,7329,15,49,2,12,19
2013,19,19,538,38.42,131.54,35,28,4,0,79*,0,0,0.0,0.0,0.0,,79,1,0,0,579,0,7.910816561830419,0.0,8.48078014257348,8.0361,Very Good,281,276,7329,15,49,2,12,19
2014,15,15,390,30.0,129.13,31,16,3,0,59*,0,1,26.0,8.66,18.0,4/6,59,1,4,6,579,0,7.086238657057288,1.0243981964898745,8.48078014257348,7.6862,Very Good,281,276,7329,15,49,2,12,19
2015,16,16,482,34.42,144.74,41,21,3,0,98*,0,0,0.0,0.0,0.0,,98,1,0,0,579,0,7.736295611845495,0.0,8.48078014257348,7.9311,Very Good,281,276,7329,15,49,2,12,19
2016,14,14,489,44.45,132.88,49,16,5,0,85*,0,0,0.0,0.0,0.0,,85,1,0,0,579,0,7.995736158449947,0.0,8.48078014257348,8.2715,Very Good,281,276,7329,15,49,2,12,19
2017,17,16,333,23.78,121.97,31,9,3,0,67,0,0,0.0,0.0,0.0,,67,0,0,0,579,0,6.460464976274968,0.0,8.48078014257348,6.7047,Good,281,276,7329,15,49,2,12,19
2018,14,14,286,23.83,133.02,25,12,2,0,94,0,0,0.0,0.0,0.0,,94,0,0,0,579,0,6.37209720996149,0.0,8.48078014257348,6.637,Good,281,276,7329,15,49,2,12,19
2019,15,15,405,28.92,128.57,52,10,2,0,67,0,0,0.0,0.0,0.0,,67,0,0,0,579,0,7.0816574332517455,0.0,8.48078014257348,7.1441,Very Good,281,276,7329,15,49,2,12,19
2020,12,12,332,27.66,127.69,27,19,3,0,80,0,0,0.0,0.0,0.0,,80,0,0,0,579,0,6.731475191452501,0.0,8.48078014257348,6.7515,Good,281,276,7329,15,49,2,12,19
2021,13,13,381,29.3,127.42,33,14,1,0,63,0,0,0.0,0.0,0.0,,63,0,0,0,579,0,7.001786853820848,0.0,8.48078014257348,7.0277,Very Good,281,276,7329,15,49,2,12,19
2022,14,14,268,19.14,120.17,28,13,0,0,48,7,0,0.0,0.0,0.0,,48,0,0,0,579,0,5.835259131010274,0.0,8.48078014257348,6.0204,Good,281,276,7329,15,49,2,12,19
2023,16,16,332,20.75,132.8,35,17,2,0,65,1,0,0.0,0.0,0.0,,65,0,0,0,579,0,6.38477654102215,0.0,8.48078014257348,6.5001,Good,281,276,7329,15,49,2,12,19
2024,14,14,417,32.08,150.0,45,23,1,1,105*,3,0,0.0,0.0,0.0,,105,1,0,0,579,0,7.484192134030691,0.0,8.48078014257348,7.7576,Very Good,281,276,7329,15,49,2,12,19
2025,15,15,418,29.86,149.28,41,22,4,0,81,1,0,0.0,0.0,0.0,,81,0,0,0,579,0,7.380181164944327,0.0,8.48078014257348,7.4944,Very Good,281,276,7329,15,49,2,12,19
2026,9,9,283,35.38,157.22,21,21,2,0,84,0,0,0.0,0.0,0.0,,84,0,0,0,579,0,7.143797203214764,0.0,8.48078014257348,7.2593,Very Good,281,276,7329,15,49,2,12,19
2022,3,3,58,29.0,141.46,2,5,0,0,26*,0,3,32.66,10.88,18.0,42/2,26,1,42,2,580,0,4.528077903021195,1.7061258677014686,6.132010378483967,4.5677,Average,32,18,268,17,1,0,7,4
2024,6,5,57,28.5,271.42,5,5,0,0,39*,0,1,159.0,13.25,72.0,54/1,39,1,54,1,580,0,5.371648255923752,0.12926538947309132,6.132010378483967,4.5538,Average,32,18,268,17,1,0,7,4
2025,8,3,70,35.0,291.66,5,7,1,0,53*,4,6,25.16,10.78,14.0,14/2,53,1,14,2,580,0,6.040553967631873,3.252799174265647,6.132010378483967,6.5967,Good,32,18,268,17,1,0,7,4
2026,15,7,83,20.75,125.75,6,5,0,0,23*,3,7,42.57,11.92,21.42,54/3,23,1,54,3,580,0,4.401000846199933,2.416384492713878,6.132010378483967,4.7841,Average,32,18,268,17,1,0,7,4
2015,2,1,2,0.0,100.0,0,0,0,0,2*,0,1,59.0,10.11,35.0,1/31,2,1,1,31,581,0,0.0,0.4320267199988467,6.85171634801522,1.9476,Poor,2,1,2,1,0,0,0,1
2008,4,4,149,37.25,183.95,13,10,1,0,53,0,0,0.0,0.0,0.0,,53,0,0,0,582,0,6.537959072071659,0.0,6.0700674294320525,5.4084,Average,55,54,1017,0,3,0,0,7
2009,11,11,280,31.11,134.61,20,15,1,0,81*,0,0,0.0,0.0,0.0,,81,1,0,0,582,0,6.731437260552293,0.0,6.0700674294320525,5.545,Good,55,54,1017,0,3,0,0,7
2010,7,7,88,22.0,117.33,2,6,0,0,31*,0,0,0.0,0.0,0.0,,31,1,0,0,582,0,4.465355051821379,0.0,6.0700674294320525,3.8329,Below Average,55,54,1017,0,3,0,0,7
2011,12,11,181,36.2,119.07,11,7,0,0,47*,0,0,0.0,0.0,0.0,,47,1,0,0,582,0,6.1627960947243,0.0,6.0700674294320525,4.9344,Average,55,54,1017,0,3,0,0,7
2012,12,12,197,19.7,115.2,12,7,1,0,55,0,0,0.0,0.0,0.0,,55,0,0,0,582,0,5.390778117364689,0.0,6.0700674294320525,4.4897,Average,55,54,1017,0,3,0,0,7
2013,5,5,63,12.6,82.89,2,1,0,0,19,0,0,0.0,0.0,0.0,,19,0,0,0,582,0,2.856665879872906,0.0,6.0700674294320525,3.0042,Below Average,55,54,1017,0,3,0,0,7
2014,4,4,59,19.66,100.0,6,0,0,0,43*,0,0,0.0,0.0,0.0,,43,1,0,0,582,0,3.57335593960527,0.0,6.0700674294320525,3.2477,Below Average,55,54,1017,0,3,0,0,7
2022,14,12,250,25.0,149.7,10,22,1,0,67*,10,0,0.0,0.0,0.0,,67,1,0,0,583,0,6.416092971709929,0.0,4.939294222506563,4.6839,Average,40,30,555,1,1,0,25,5
2023,3,3,7,2.33,77.77,1,0,0,0,4,0,1,18.0,9.0,12.0,18/1,4,0,18,1,583,0,0.16842483961559837,1.3400527112545229,4.939294222506563,1.5814,Poor,40,30,555,1,1,0,25,5
2024,10,7,103,17.17,151.47,10,6,0,0,27,8,0,0.0,0.0,0.0,,27,0,0,0,583,0,4.688867627458646,0.0,4.939294222506563,3.4384,Below Average,40,30,555,1,1,0,25,5
2025,2,1,5,5.0,100.0,1,0,0,0,5,1,0,0.0,0.0,0.0,,5,0,0,0,583,0,0.3147126036359016,0.0,4.939294222506563,1.0152,Poor,40,30,555,1,1,0,25,5
2026,11,7,190,38.0,134.75,16,10,0,0,40,6,0,0.0,0.0,0.0,,40,0,0,0,583,0,6.470612126273407,0.0,4.939294222506563,4.7626,Average,40,30,555,1,1,0,25,5
2022,14,14,368,26.29,126.46,33,14,3,0,99,4,0,0.0,0.0,0.0,,99,0,0,0,584,0,6.790877011718345,0.0,7.4215323339199415,6.3324,Good,14,14,368,0,3,0,4,1
2020,6,6,204,51.0,120.71,16,6,3,0,72,0,0,0.0,0.0,0.0,,72,0,0,0,585,0,6.827447321262756,0.0,6.444608312027137,5.7577,Good,71,70,2471,0,19,2,30,6
2021,16,16,635,45.35,136.26,64,23,4,1,101*,0,0,0.0,0.0,0.0,,101,1,0,0,585,0,8.42662216164954,0.0,6.444608312027137,7.1792,Very Good,71,70,2471,0,19,2,30,6
2023,16,15,590,42.14,147.5,46,30,4,0,92,17,0,0.0,0.0,0.0,,92,0,0,0,585,0,8.331459608457536,0.0,6.444608312027137,7.1237,Very Good,71,70,2471,0,19,2,30,6
2024,14,14,583,53.0,141.16,58,18,4,1,108*,5,0,0.0,0.0,0.0,,108,1,0,0,585,0,8.575440353868233,0.0,6.444608312027137,7.3704,Very Good,71,70,2471,0,19,2,30,6
2025,5,5,122,24.4,150.61,14,4,2,0,63,3,0,0.0,0.0,0.0,,63,0,0,0,585,0,5.394648817382592,0.0,6.444608312027137,4.6641,Average,71,70,2471,0,19,2,30,6
2026,14,14,337,28.08,123.44,29,12,2,0,74*,5,0,0.0,0.0,0.0,,74,1,0,0,585,0,6.726116441015099,0.0,6.444608312027137,5.7184,Good,71,70,2471,0,19,2,30,6
2009,8,5,21,21.0,116.66,0,0,0,0,9*,0,6,38.33,7.41,31.0,4/34,9,1,4,34,586,0,2.560635677405243,3.164912351511309,5.121705307543786,3.3771,Below Average,37,21,117,45,0,0,0,5
2010,8,5,45,11.25,115.38,2,2,0,0,15,0,14,16.64,7.59,13.14,4/34,15,0,4,34,586,0,2.712051109450094,6.946166167077044,5.121705307543786,4.9743,Average,37,21,117,45,0,0,0,5
2011,13,7,31,6.2,79.48,3,0,0,0,17,0,16,23.87,8.12,17.62,4/34,17,0,4,34,586,0,1.3077874119981783,6.202460910221674,5.121705307543786,3.7628,Below Average,37,21,117,45,0,0,0,5
2012,5,2,18,18.0,163.63,1,1,0,0,15*,0,8,16.25,7.22,13.5,4/34,15,1,4,34,586,0,2.596197290928587,5.732392329457675,5.121705307543786,4.3974,Average,37,21,117,45,0,0,0,5
2013,3,2,2,2.0,40.0,0,0,0,0,2*,0,1,72.0,6.0,72.0,4/34,2,1,4,34,586,0,0.02238712708467907,0.5803931895391335,5.121705307543786,1.2349,Poor,37,21,117,45,0,0,0,5
2010,10,7,66,22.0,95.65,7,0,0,0,40,0,4,67.5,7.94,51.0,2/28,40,0,2,28,587,0,3.8087898410842764,1.554052250047227,4.46130762356967,3.4409,Below Average,18,13,159,12,1,0,0,3
2011,6,4,90,30.0,93.75,7,1,1,0,51*,0,5,35.6,9.88,21.6,2/28,51,1,2,28,587,0,4.611937428867184,2.4652299470520793,4.46130762356967,4.2282,Average,18,13,159,12,1,0,0,3
2013,2,2,3,1.5,50.0,0,0,0,0,2,0,3,31.33,13.42,14.0,2/28,2,0,2,28,587,0,0.031381355316430555,1.5011764924337383,4.46130762356967,1.3466,Poor,18,13,159,12,1,0,0,3
2011,2,1,3,3.0,50.0,0,0,0,0,3,0,3,21.66,10.83,12.0,2/31,3,0,2,31,588,0,0.06207962780851395,2.295979589712735,6.85171634801522,2.5505,Below Average,2,1,3,3,0,0,0,1
2025,14,14,388,29.85,150.97,47,17,3,0,62*,11,0,0.0,0.0,0.0,,62,1,0,0,589,0,7.291041632209568,0.0,6.394899480722452,6.088,Good,26,26,836,0,5,1,20,2
2026,12,12,448,40.73,186.66,31,38,2,1,123*,9,0,0.0,0.0,0.0,,123,1,0,0,589,0,8.227526520085615,0.0,6.394899480722452,6.7942,Good,26,26,836,0,5,1,20,2
2011,6,3,107,53.5,146.57,9,5,1,0,70*,0,0,0.0,0.0,0.0,,70,1,0,0,590,0,6.264141095645133,0.0,5.468121337725115,5.0008,Average,29,22,326,2,1,0,0,5
2012,3,3,21,10.5,100.0,1,1,0,0,11,0,1,24.0,8.0,18.0,1/24,11,0,1,24,590,0,1.6426626370718835,1.1686542621254772,5.468121337725115,2.5227,Below Average,29,22,326,2,1,0,0,5
2013,4,4,85,28.33,134.92,9,2,0,0,42,0,0,0.0,0.0,0.0,,42,0,0,0,590,0,4.952095207242529,0.0,5.468121337725115,3.8554,Below Average,29,22,326,2,1,0,0,5
2014,10,7,52,13.0,157.57,3,4,0,0,25*,0,1,35.0,7.0,30.0,1/24,25,1,1,24,590,0,3.463073796128824,0.9540994413586472,5.468121337725115,3.3108,Below Average,29,22,326,2,1,0,0,5
2015,6,5,61,20.33,135.55,4,3,0,0,38*,0,0,0.0,0.0,0.0,,38,1,0,0,590,0,4.061493706179909,0.0,5.468121337725115,3.4693,Below Average,29,22,326,2,1,0,0,5
2013,4,1,3,3.0,42.85,0,0,0,0,3,0,0,0.0,0.0,0.0,,3,0,0,0,591,0,0.05336793265919257,0.0,4.002816012334135,0.5385,Poor,19,11,144,2,0,0,0,4
2016,11,6,119,23.8,150.63,9,5,0,0,33,0,2,4.0,4.8,5.0,2/4,33,0,2,4,591,0,5.326172986974217,6.7876033635244575,4.002816012334135,6.2916,Good,19,11,144,2,0,0,0,4
2017,3,3,15,5.0,100.0,2,0,0,0,12,0,0,0.0,0.0,0.0,,12,0,0,0,591,0,0.7892593831175541,0.0,4.002816012334135,1.1023,Poor,19,11,144,2,0,0,0,4
2021,1,1,7,7.0,41.17,0,0,0,0,7,0,0,0.0,0.0,0.0,,7,0,0,0,591,0,0.2591742449168275,0.0,4.002816012334135,0.6143,Poor,19,11,144,2,0,0,0,4
2011,2,1,18,18.0,112.5,2,0,0,0,18,0,0,0.0,0.0,0.0,,18,0,0,0,592,0,2.1660177879249614,0.0,5.0283032808141215,2.2216,Poor,11,8,91,0,0,0,0,2
2014,9,7,73,24.33,112.3,7,1,0,0,19*,0,0,0.0,0.0,0.0,,19,1,0,0,592,0,4.290205215518146,0.0,5.0283032808141215,3.3898,Below Average,11,8,91,0,0,0,0,2
2008,7,7,188,31.33,106.21,26,2,1,0,65,0,0,0.0,0.0,0.0,,65,0,0,0,593,0,5.855748285615348,0.0,6.723917357535796,5.2202,Average,78,78,2334,0,13,1,0,6
2009,13,13,364,33.09,120.13,39,10,2,0,68,0,0,0.0,0.0,0.0,,68,0,0,0,593,0,7.025714464480934,0.0,6.723917357535796,6.1599,Good,78,78,2334,0,13,1,0,6
2010,15,15,618,47.53,132.61,86,3,5,0,89*,0,0,0.0,0.0,0.0,,89,1,0,0,593,0,8.41629940063729,0.0,6.723917357535796,7.4264,Very Good,78,78,2334,0,13,1,0,6
2011,16,16,553,42.53,113.31,67,5,2,1,100*,0,0,0.0,0.0,0.0,,100,1,0,0,593,0,7.882639910044275,0.0,6.723917357535796,6.898,Good,78,78,2334,0,13,1,0,6
2012,13,13,324,29.45,114.48,39,4,2,0,74,0,0,0.0,0.0,0.0,,74,0,0,0,593,0,6.632370403930854,0.0,6.723917357535796,5.8644,Good,78,78,2334,0,13,1,0,6
2013,14,14,287,22.07,124.24,38,5,1,0,54,0,0,0.0,0.0,0.0,,54,0,0,0,593,0,6.174840449841453,0.0,6.723917357535796,5.4657,Average,78,78,2334,0,13,1,0,6
2013,8,4,10,10.0,58.82,0,0,0,0,7*,0,9,23.22,6.53,21.33,2/26,7,1,2,26,594,0,0.6524340880430736,5.398342336248866,7.240676269710922,3.9207,Below Average,8,4,10,9,0,0,0,1
2026,4,4,46,11.5,139.39,5,2,0,0,24,1,0,0.0,0.0,0.0,,24,0,0,0,595,0,2.9971541032183873,0.0,7.03257241222424,3.4087,Below Average,4,4,46,0,0,0,1,1
2024,5,2,13,13.0,216.66,0,2,0,0,13,1,7,19.57,9.13,12.85,33/4,13,0,33,4,596,0,2.1710351367779497,4.439962317925349,3.9307527567986265,3.1727,Below Average,20,5,18,26,0,0,5,2
2025,15,3,5,1.67,50.0,0,0,0,0,3,4,19,20.68,9.24,13.42,30/3,3,0,30,3,596,0,0.05768650766079532,6.66956755019199,3.9307527567986265,2.7764,Below Average,20,5,18,26,0,0,5,2
2022,5,5,145,36.25,127.19,14,3,1,0,65*,1,0,0.0,0.0,0.0,,65,1,0,0,597,0,5.947996013188252,0.0,6.556836225269937,5.2164,Average,57,57,2515,0,20,3,14,5
2023,8,8,362,51.71,141.4,33,12,3,0,96,2,0,0.0,0.0,0.0,,96,0,0,0,597,0,7.873075627153614,0.0,6.556836225269937,6.7894,Good,57,57,2515,0,20,3,14,5
2024,12,12,527,47.91,141.28,48,16,2,1,103,0,0,0.0,0.0,0.0,,103,0,0,0,597,0,8.2925290866567,0.0,6.556836225269937,7.0282,Very Good,57,57,2515,0,20,3,14,5
2025,15,15,759,54.21,156.17,88,21,6,1,108*,7,0,0.0,0.0,0.0,,108,1,0,0,597,0,9.120832280100874,0.0,6.556836225269937,7.9244,Very Good,57,57,2515,0,20,3,14,5
2026,17,17,722,45.13,157.98,75,30,8,1,100,4,0,0.0,0.0,0.0,,100,0,0,0,597,0,8.808598722684724,0.0,6.556836225269937,7.6516,Very Good,57,57,2515,0,20,3,14,5
2026,11,1,5,0.0,71.42,1,0,0,0,5*,1,15,26.46,9.45,16.8,24/4,5,1,24,4,598,0,0.0,5.423642615949107,7.342529123104505,3.5618,Below Average,11,1,5,15,0,0,1,1
2026,14,11,156,22.29,159.18,11,11,0,0,35,3,0,0.0,0.0,0.0,,35,0,0,0,599,0,5.685997560532327,0.0,7.4215323339199415,5.6403,Good,14,11,156,0,0,0,3,1
2008,7,7,193,27.57,119.87,30,2,1,0,73,0,0,0.0,0.0,0.0,,73,0,0,0,600,0,5.882668832848377,0.0,7.198975588953446,5.4611,Average,7,7,193,0,1,0,0,1
2016,5,4,88,22.0,137.5,4,4,1,0,54,0,0,0.0,0.0,0.0,,54,0,0,0,601,0,4.6803342695340096,0.0,5.044869897988626,3.6843,Below Average,30,27,503,0,3,0,6,5
2017,6,6,138,23.0,132.69,19,1,1,0,55,0,0,0.0,0.0,0.0,,55,0,0,0,601,0,5.308437134853544,0.0,5.044869897988626,4.1301,Average,30,27,503,0,3,0,6,5
2018,10,8,108,13.5,138.46,8,5,1,0,56,0,0,0.0,0.0,0.0,,56,0,0,0,601,0,4.3064052983431305,0.0,5.044869897988626,3.4005,Below Average,30,27,503,0,3,0,6,5
2019,1,1,0,0.0,0.0,0,0,0,0,0*,0,0,0.0,0.0,0.0,,0,1,0,0,601,0,0.0,0.0,5.044869897988626,1.102,Poor,30,27,503,0,3,0,6,5
2022,8,8,169,24.14,122.46,9,10,0,0,36,6,0,0.0,0.0,0.0,,36,0,0,0,601,0,5.544167230236283,0.0,5.044869897988626,4.1631,Average,30,27,503,0,3,0,6,5
2019,9,8,95,23.75,172.72,13,3,1,0,55*,0,10,32.3,9.78,19.8,4/11,55,1,4,11,602,0,5.201585857942172,3.9772883857413,6.468468888510454,6.3075,Good,64,53,997,59,6,0,15,6
2020,14,11,186,23.25,131.91,12,12,1,0,52,0,13,26.46,8.19,19.38,4/11,52,0,4,11,602,0,5.727765113701944,5.423642615949107,6.468468888510454,7.4426,Very Good,64,53,997,59,6,0,15,6
2021,9,4,56,18.66,193.1,5,3,0,0,34,0,9,36.44,9.93,22.0,4/11,34,0,4,11,602,0,4.305786740408682,3.481797709619174,6.468468888510454,5.3733,Average,64,53,997,59,6,0,15,6
2023,14,13,276,27.6,135.96,20,13,1,0,55,5,10,48.9,10.22,28.7,31/3,55,0,31,3,602,0,6.5579541028385915,3.0632064818100693,6.468468888510454,7.0182,Very Good,64,53,997,59,6,0,15,6
2024,13,12,270,27.0,123.28,24,6,2,0,63*,7,16,26.0,10.14,15.37,28/3,63,1,28,3,602,0,6.359934219929068,5.45138671543291,6.468468888510454,8.1416,Very Good,64,53,997,59,6,0,15,6
2025,5,5,114,22.8,135.71,11,4,1,0,88,3,1,133.0,11.08,72.0,34/1,88,0,34,1,602,0,5.064733368870068,0.18301127544357437,6.468468888510454,4.556,Average,64,53,997,59,6,0,15,6
2025,5,4,121,40.33,153.16,11,7,1,0,58*,2,0,0.0,0.0,0.0,,58,1,0,0,603,0,6.103076028016783,0.0,5.930459155972514,5.08,Average,16,13,373,0,3,0,5,2
2026,11,9,252,36.0,147.36,15,17,2,0,90,3,0,0.0,0.0,0.0,,90,0,0,0,603,0,6.914905592520388,0.0,5.930459155972514,5.6367,Good,16,13,373,0,3,0,5,2
2024,8,5,51,12.75,118.6,4,2,0,0,21,4,0,0.0,0.0,0.0,,21,0,0,0,604,0,3.053001266718114,0.0,7.240676269710922,3.4876,Below Average,8,5,51,0,0,0,4,1
2017,7,5,13,2.6,56.52,0,0,0,0,8,0,9,20.88,7.52,16.66,4/9,8,0,4,9,605,0,0.24656588344948369,5.315210718297413,7.198975588953446,3.8445,Below Average,7,5,13,9,0,0,0,1
2008,14,14,518,43.16,167.63,58,31,2,1,114*,0,4,39.75,7.57,31.5,3/14,114,1,3,14,606,0,8.361982680210856,2.3569770746183036,4.6482303420546325,7.2491,Very Good,30,30,772,13,4,1,0,3
2009,12,12,221,18.41,115.1,23,7,2,0,52,0,7,23.28,8.57,16.28,3/14,52,0,3,14,606,0,5.454772006023837,4.197837019476656,4.6482303420546325,5.5966,Good,30,30,772,13,4,1,0,3
2010,4,4,33,8.25,106.45,4,1,0,0,23,0,2,34.0,7.55,27.0,3/14,23,0,3,14,606,0,1.9187792523560794,1.605891370525989,4.6482303420546325,2.4275,Poor,30,30,772,13,4,1,0,3
2019,6,1,0,0.0,0.0,0,0,0,0,0*,0,8,26.25,9.13,17.25,3/36,0,1,3,36,607,0,0.0,4.090332372117128,7.151699256297347,2.9774,Below Average,6,1,0,8,0,0,0,1
2014,11,1,2,0.0,40.0,0,0,0,0,2*,0,18,19.66,8.81,13.38,4/20,2,1,4,20,608,0,0.0,6.781656015196865,5.26013598396966,3.2428,Below Average,117,27,60,123,0,0,4,10
2015,14,3,9,9.0,64.28,1,0,0,0,7,0,13,26.92,7.0,23.07,4/20,7,0,4,20,608,0,0.5911517334941028,5.7607969626324484,5.26013598396966,3.1582,Below Average,117,27,60,123,0,0,4,10
2016,14,4,8,0.0,88.88,0,0,0,0,5*,0,15,24.4,7.32,20.0,4/20,5,1,4,20,608,0,0.0,6.245315264465851,5.26013598396966,3.0312,Below Average,117,27,60,123,0,0,4,10
2017,13,4,7,0.0,116.66,0,0,0,0,5*,0,17,23.41,8.29,16.94,4/20,5,1,4,20,608,0,0.0,6.350520473976633,5.26013598396966,3.0442,Below Average,117,27,60,123,0,0,4,10
2018,12,3,0,0.0,0.0,0,0,0,0,0*,0,12,27.75,7.56,22.0,4/20,0,1,4,20,608,0,0.0,5.310305591214888,5.26013598396966,2.8262,Below Average,117,27,60,123,0,0,4,10
2019,11,2,6,0.0,200.0,1,0,0,0,5*,0,12,29.33,8.25,21.33,4/20,5,1,4,20,608,0,0.0,4.97540725558445,5.26013598396966,2.581,Below Average,117,27,60,123,0,0,4,10
2020,13,5,12,6.0,80.0,1,0,0,0,9,0,14,26.71,7.19,22.28,4/20,9,0,4,20,608,0,0.6415583723100932,5.89554463008329,5.26013598396966,3.158,Below Average,117,27,60,123,0,0,4,10
2021,7,2,8,8.0,114.28,1,0,0,0,8*,0,3,67.66,8.63,47.0,4/20,8,1,4,20,608,0,0.7741825302299449,1.155699386453627,5.26013598396966,1.991,Poor,117,27,60,123,0,0,4,10
2023,12,2,2,0.0,33.33,0,0,0,0,2*,4,10,39.6,8.6,27.6,25/2,2,1,25,2,608,0,0.0,3.8194822499622223,5.26013598396966,2.41,Poor,117,27,60,123,0,0,4,10
2025,10,1,6,0.0,120.0,0,0,0,0,6*,0,9,40.11,9.89,24.33,21/2,6,1,21,2,608,0,0.0,3.30148628957039,5.26013598396966,2.227,Poor,117,27,60,123,0,0,4,10
2008,11,7,47,7.83,95.91,1,3,0,0,17*,0,4,54.75,8.76,37.5,2/34,17,1,2,34,610,0,2.1305313275156905,1.6905922828661357,7.342529123104505,3.5238,Below Average,11,7,47,4,0,0,0,1
2013,11,10,206,25.75,115.73,19,5,1,0,63,0,0,0.0,0.0,0.0,,63,0,0,0,611,0,5.829563484687277,0.0,7.814309281230514,5.8298,Good,191,186,5181,0,27,5,31,14
2014,13,13,339,26.07,124.17,25,17,2,0,74,0,0,0.0,0.0,0.0,,74,0,0,0,611,0,6.6387984554489154,0.0,7.814309281230514,6.3694,Good,191,186,5181,0,27,5,31,14
2015,14,11,204,20.4,125.15,16,8,1,0,76,0,0,0.0,0.0,0.0,,76,0,0,0,611,0,5.601730138767877,0.0,7.814309281230514,5.5629,Good,191,186,5181,0,27,5,31,14
2016,14,14,291,26.45,112.35,20,8,1,0,60,0,0,0.0,0.0,0.0,,60,0,0,0,611,0,6.306218518657483,0.0,7.814309281230514,6.0521,Good,191,186,5181,0,27,5,31,14
2017,14,14,386,27.57,141.39,32,19,2,1,102,0,0,0.0,0.0,0.0,,102,0,0,0,611,0,7.0805277043771495,0.0,7.814309281230514,6.9211,Good,191,186,5181,0,27,5,31,14
2018,15,15,441,31.5,137.81,30,19,3,0,92*,0,0,0.0,0.0,0.0,,92,1,0,0,611,0,7.4181772818901806,0.0,7.814309281230514,7.0869,Very Good,191,186,5181,0,27,5,31,14
2019,12,12,342,34.2,148.69,28,13,0,1,102*,0,0,0.0,0.0,0.0,,102,1,0,0,611,0,7.283509309486793,0.0,7.814309281230514,6.9957,Good,191,186,5181,0,27,5,31,14
2020,14,14,375,28.84,158.89,21,26,3,0,85,0,0,0.0,0.0,0.0,,85,0,0,0,611,0,7.2666844298336395,0.0,7.814309281230514,7.0329,Very Good,191,186,5181,0,27,5,31,14
2021,14,14,484,40.33,136.72,45,17,2,1,119,0,0,0.0,0.0,0.0,,119,0,0,0,611,0,7.884635726414166,0.0,7.814309281230514,7.7995,Very Good,191,186,5181,0,27,5,31,14
2022,17,17,458,28.63,146.79,43,26,2,0,55,14,0,0.0,0.0,0.0,,55,0,0,0,611,0,7.425780342421742,0.0,7.814309281230514,6.9165,Good,191,186,5181,0,27,5,31,14
2023,14,14,362,30.17,153.38,25,24,3,0,66*,3,0,0.0,0.0,0.0,,66,1,0,0,611,0,7.230944028152145,0.0,7.814309281230514,6.8514,Good,191,186,5181,0,27,5,31,14
2024,16,15,531,48.27,153.46,48,24,5,0,86,6,0,0.0,0.0,0.0,,86,0,0,0,611,0,8.430015616645509,0.0,7.814309281230514,7.9688,Very Good,191,186,5181,0,27,5,31,14
2025,9,9,285,35.63,140.39,27,13,1,0,66,4,0,0.0,0.0,0.0,,66,0,0,0,611,0,7.00490416332488,0.0,7.814309281230514,6.6838,Good,191,186,5181,0,27,5,31,14
2026,14,14,477,43.36,165.62,53,24,1,2,115*,4,0,0.0,0.0,0.0,,115,1,0,0,611,0,8.235546210057151,0.0,7.814309281230514,7.7956,Very Good,191,186,5181,0,27,5,31,14
2023,2,2,11,11.0,122.22,1,1,0,0,7,0,0,0.0,0.0,0.0,,7,0,0,0,612,0,1.2803236703224166,0.0,6.1604647050786046,2.2041,Poor,6,5,25,0,0,0,3,2
2024,4,3,14,14.0,116.66,1,0,0,0,8*,3,0,0.0,0.0,0.0,,8,1,0,0,612,0,1.678093731149897,0.0,6.1604647050786046,2.3283,Poor,6,5,25,0,0,0,3,2
2015,13,8,111,27.75,156.33,12,2,0,0,45*,0,0,0.0,0.0,0.0,,45,1,0,0,614,0,5.493277959456831,0.0,5.6215313196786685,4.4184,Average,58,44,746,0,2,0,10,9
2016,5,4,66,33.0,212.9,7,4,0,0,35*,0,0,0.0,0.0,0.0,,35,1,0,0,614,0,5.441139876185444,0.0,5.6215313196786685,4.3487,Average,58,44,746,0,2,0,10,9
2018,7,6,51,10.2,124.39,7,1,0,0,22*,0,0,0.0,0.0,0.0,,22,1,0,0,614,0,2.836229606448856,0.0,5.6215313196786685,2.8735,Below Average,58,44,746,0,2,0,10,9
2019,8,5,180,45.0,125.87,19,4,1,0,67,0,0,0.0,0.0,0.0,,67,0,0,0,614,0,6.53601314293092,0.0,5.6215313196786685,5.1842,Average,58,44,746,0,2,0,10,9
2020,5,3,33,16.5,113.79,5,0,0,0,14*,0,0,0.0,0.0,0.0,,14,1,0,0,614,0,2.7833536061446558,0.0,5.6215313196786685,2.855,Below Average,58,44,746,0,2,0,10,9
2021,2,2,0,0.0,0.0,0,0,0,0,0*,0,0,0.0,0.0,0.0,,0,1,0,0,614,0,0.0,0.0,5.6215313196786685,1.1775,Poor,58,44,746,0,2,0,10,9
2022,6,5,91,30.33,135.82,9,2,0,0,36*,2,0,0.0,0.0,0.0,,36,1,0,0,614,0,5.148253849144546,0.0,5.6215313196786685,4.3506,Average,58,44,746,0,2,0,10,9
2023,4,4,53,13.25,85.48,4,1,0,0,30,2,0,0.0,0.0,0.0,,30,0,0,0,614,0,2.7450033342338913,0.0,5.6215313196786685,2.8098,Below Average,58,44,746,0,2,0,10,9
2026,8,7,161,23.0,169.47,23,6,1,0,50,6,0,0.0,0.0,0.0,,50,0,0,0,614,0,5.86010469990473,0.0,5.6215313196786685,4.4707,Average,58,44,746,0,2,0,10,9
2026,4,1,4,0.0,200.0,1,0,0,0,4*,0,5,21.2,8.25,15.4,28/2,4,1,28,2,615,0,0.0,3.764008888103751,7.03257241222424,2.8522,Below Average,4,1,4,5,0,0,0,1
2008,3,2,26,13.0,130.0,3,1,0,0,17,0,0,0.0,0.0,0.0,,17,0,0,0,616,0,2.3768606676800013,0.0,6.112761489373172,2.6242,Below Average,93,73,1494,0,8,0,0,11
2009,4,3,13,13.0,108.33,0,0,0,0,6*,0,0,0.0,0.0,0.0,,6,1,0,0,616,0,1.4675512045814363,0.0,6.112761489373172,2.3017,Poor,93,73,1494,0,8,0,0,11
2010,16,15,419,29.92,135.59,29,18,3,0,61,0,0,0.0,0.0,0.0,,61,0,0,0,616,0,7.251446118524212,0.0,6.112761489373172,5.9766,Good,93,73,1494,0,8,0,0,11
2011,16,13,187,23.37,99.46,13,5,0,0,42*,0,0,0.0,0.0,0.0,,42,1,0,0,616,0,5.351922977197448,0.0,6.112761489373172,4.4608,Average,93,73,1494,0,8,0,0,11
2012,15,11,191,23.87,112.35,9,8,0,0,36*,0,0,0.0,0.0,0.0,,36,1,0,0,616,0,5.57868945236083,0.0,6.112761489373172,4.8054,Average,93,73,1494,0,8,0,0,11
2013,9,6,109,27.25,102.83,4,4,1,0,52,0,0,0.0,0.0,0.0,,52,0,0,0,616,0,4.867649891959038,0.0,6.112761489373172,4.2521,Average,93,73,1494,0,8,0,0,11
2015,7,6,109,0.0,139.74,9,5,0,0,28*,0,0,0.0,0.0,0.0,,28,1,0,0,616,0,0.0,0.0,6.112761489373172,1.5629,Poor,93,73,1494,0,8,0,0,11
2016,10,7,170,24.28,120.56,17,4,2,0,57,0,0,0.0,0.0,0.0,,57,0,0,0,616,0,5.538699733351285,0.0,6.112761489373172,4.5477,Average,93,73,1494,0,8,0,0,11
2017,1,1,52,52.0,120.93,9,0,1,0,52,0,0,0.0,0.0,0.0,,52,0,0,0,616,0,4.960914018404898,0.0,6.112761489373172,4.1903,Average,93,73,1494,0,8,0,0,11
2020,7,5,103,20.6,128.75,8,3,0,0,42,0,0,0.0,0.0,0.0,,42,0,0,0,616,0,4.715542025425808,0.0,6.112761489373172,4.1244,Average,93,73,1494,0,8,0,0,11
2021,5,4,115,57.5,118.55,10,2,1,0,50*,0,0,0.0,0.0,0.0,,50,1,0,0,616,0,6.169458321765088,0.0,6.112761489373172,5.1376,Average,93,73,1494,0,8,0,0,11
2024,3,3,18,6.0,120.0,1,1,0,0,9,0,0,0.0,0.0,0.0,,9,0,0,0,617,0,1.1722462709534582,0.0,6.953569201408803,2.2941,Poor,3,3,18,0,0,0,0,1
2008,8,8,112,18.66,91.05,9,2,0,0,36*,0,3,66.33,7.37,54.0,3/32,36,1,3,32,620,0,4.2270830876233365,1.3338386688358326,3.89774625376396,3.2915,Below Average,12,10,131,8,0,0,0,3
2009,2,1,14,14.0,175.0,0,1,0,0,14,0,5,12.8,8.0,9.6,3/32,14,0,3,32,620,0,2.099178334262517,4.939426529804346,3.89774625376396,3.2487,Below Average,12,10,131,8,0,0,0,3
2011,2,1,5,0.0,250.0,1,0,0,0,5*,0,0,0.0,0.0,0.0,,5,1,0,0,620,0,0.0,0.0,3.89774625376396,0.5083,Poor,12,10,131,8,0,0,0,3
2015,2,2,15,7.5,115.38,1,1,0,0,14,0,0,0.0,0.0,0.0,,14,0,0,0,621,0,1.1734896154961063,0.0,5.23001356933276,1.7508,Poor,3,3,22,1,0,0,0,2
2022,1,1,7,7.0,140.0,0,1,0,0,7,0,1,47.0,11.75,24.0,47/1,7,0,47,1,621,0,0.7367137242479107,0.46390413251715396,5.23001356933276,1.6771,Poor,3,3,22,1,0,0,0,2
2025,1,1,22,22.0,137.5,0,2,0,0,22,0,0,0.0,0.0,0.0,,22,0,0,0,622,0,2.870587725311278,0.0,6.708162813864161,3.198,Below Average,1,1,22,0,0,0,0,1
2009,9,2,20,20.0,133.33,3,0,0,0,13,0,13,16.69,7.48,13.38,4/22,13,0,4,22,623,0,2.6032493191396866,6.786763906698968,3.9352652550322116,4.2551,Average,30,5,28,24,0,0,0,3
2012,15,2,7,0.0,58.33,0,0,0,0,6*,0,9,37.22,8.17,27.33,4/22,6,1,4,22,623,0,0.0,3.835957811167231,3.9352652550322116,1.9195,Poor,30,5,28,24,0,0,0,3
2016,6,1,1,0.0,50.0,0,0,0,0,1*,0,2,89.0,8.9,60.0,4/22,1,1,4,22,623,0,0.0,0.6275519664835377,3.9352652550322116,0.8067,Poor,30,5,28,24,0,0,0,3
2026,5,2,58,0.0,141.46,4,3,0,0,43*,0,5,26.0,11.64,13.4,30/2,43,1,30,2,624,0,0.0,2.7187558877724554,7.0971227355598625,2.6039,Below Average,5,2,58,5,0,0,0,1
2020,2,1,1,0.0,100.0,0,0,0,0,1*,0,2,22.0,7.33,18.0,3/7,1,1,3,7,625,0,0.0,2.248286569845261,5.249391100229986,1.8325,Poor,58,38,545,22,1,0,16,6
2021,11,7,59,8.42,111.32,4,2,0,0,14,0,7,13.14,6.57,12.0,3/7,14,0,3,7,625,0,2.6464416260996764,6.15799828043291,5.249391100229986,4.6299,Average,58,38,545,22,1,0,16,6
2022,16,11,219,27.38,120.99,14,9,0,0,45,8,4,84.0,9.6,52.5,26/2,45,0,26,2,625,0,6.061642685084631,1.1228223885053814,5.249391100229986,5.1245,Average,58,38,545,22,1,0,16,6
2023,10,6,42,10.5,107.69,3,1,0,0,20*,5,1,95.0,13.57,42.0,38/1,20,1,38,1,625,0,2.466786790905701,0.20824613541683912,5.249391100229986,2.5333,Below Average,58,38,545,22,1,0,16,6
2024,16,12,215,23.89,129.51,7,13,1,0,59*,3,7,38.57,9.81,23.57,23/3,59,1,23,3,625,0,5.941049693985146,2.919362158611439,5.249391100229986,5.8562,Good,58,38,545,22,1,0,16,6
2025,3,1,9,9.0,112.5,1,0,0,0,9,0,1,102.0,12.0,51.0,41/1,9,0,41,1,625,0,0.9135708440040682,0.2189061401908441,5.249391100229986,1.839,Poor,58,38,545,22,1,0,16,6
2013,12,6,14,2.8,51.85,1,0,0,0,6,0,9,28.77,5.88,29.33,3/16,6,0,3,16,626,0,0.260955824596702,5.139315427984315,4.847813837089521,2.7924,Below Average,52,19,39,34,0,0,0,8
2014,11,3,7,3.5,36.84,0,0,0,0,3*,0,8,38.87,8.18,28.5,3/16,3,1,3,16,626,0,0.12187531206573768,3.5047576331241403,4.847813837089521,2.3236,Poor,52,19,39,34,0,0,0,8
2015,4,1,2,2.0,28.57,0,0,0,0,2,0,0,0.0,0.0,0.0,,2,0,0,0,626,0,0.01602618694149032,0.0,4.847813837089521,0.7882,Poor,52,19,39,34,0,0,0,8
2016,4,1,1,0.0,20.0,0,0,0,0,1*,0,2,63.5,8.46,45.0,3/16,1,1,3,16,626,0,0.0,0.8821767461482446,4.847813837089521,1.1787,Poor,52,19,39,34,0,0,0,8
2017,7,4,2,0.66,22.22,0,0,0,0,2,0,6,19.83,6.67,17.83,3/16,2,0,3,16,626,0,0.004130585884779633,4.770210484873106,4.847813837089521,2.4754,Poor,52,19,39,34,0,0,0,8
2018,6,1,6,0.0,75.0,0,0,0,0,6*,0,3,53.66,10.73,30.0,3/16,6,1,3,16,626,0,0.0,1.1690325802687058,4.847813837089521,1.3355,Poor,52,19,39,34,0,0,0,8
2020,7,2,7,7.0,87.5,1,0,0,0,5,0,5,35.6,8.09,26.4,3/16,5,0,3,16,626,0,0.5032161414223412,2.80563033153555,4.847813837089521,2.123,Poor,52,19,39,34,0,0,0,8
2021,1,1,0,0.0,0.0,0,0,0,0,0*,0,1,36.0,9.0,24.0,3/16,0,1,3,16,626,0,0.0,0.7497910990475991,4.847813837089521,1.0078,Poor,52,19,39,34,0,0,0,8
2008,10,9,81,10.12,176.08,7,6,0,0,33,0,9,25.0,7.5,20.0,3/28,33,0,3,28,627,0,3.8595174167585293,4.89990898067373,7.311723042807013,6.1003,Good,10,9,81,9,0,0,0,1
2021,11,10,153,21.85,134.21,9,10,0,0,47,0,0,0.0,0.0,0.0,,47,0,0,0,628,0,5.395678949139596,0.0,6.473764870309355,4.6301,Average,64,54,775,1,2,0,24,6
2022,8,8,117,16.71,108.33,4,9,0,0,26,3,0,0.0,0.0,0.0,,26,0,0,0,628,0,4.370926903999182,0.0,6.473764870309355,4.0614,Average,64,54,775,1,2,0,24,6
2023,14,13,156,22.29,165.95,13,9,0,0,41*,7,0,0.0,0.0,0.0,,41,1,0,0,628,0,5.743718892070554,0.0,6.473764870309355,4.9186,Average,64,54,775,1,2,0,24,6
2024,7,7,127,18.14,169.33,9,9,1,0,58,6,0,0.0,0.0,0.0,,58,0,0,0,628,0,5.2029950469696935,0.0,6.473764870309355,4.4747,Average,64,54,775,1,2,0,24,6
2025,15,11,179,29.83,179.0,11,13,1,0,57,5,1,13.0,13.0,6.0,13/1,57,0,13,1,628,0,6.445841848555465,1.2956335817866313,6.473764870309355,6.1216,Good,64,54,775,1,2,0,24,6
2026,9,5,43,10.75,130.3,3,2,0,0,17,3,0,0.0,0.0,0.0,,17,0,0,0,628,0,2.749082694852944,0.0,6.473764870309355,3.0738,Below Average,64,54,775,1,2,0,24,6
2024,9,9,183,22.88,150.0,12,12,0,0,41,6,0,0.0,0.0,0.0,,41,0,0,0,629,0,5.861229335847517,0.0,7.277978799768882,5.5815,Good,9,9,183,0,0,0,6,1
2025,5,5,71,14.2,112.69,9,2,0,0,27,1,0,0.0,0.0,0.0,,27,0,0,0,630,0,3.5464603713790117,0.0,7.0971227355598625,3.9815,Below Average,5,5,71,0,0,0,1,1
2011,7,3,29,14.5,131.81,4,0,0,0,26,0,11,15.9,6.86,13.9,3/17,26,0,3,17,631,0,2.649129166575528,6.705399852918789,5.6907527457218325,5.0837,Average,71,52,793,63,2,0,0,9
2012,8,7,91,15.16,122.97,6,3,0,0,42,0,12,16.25,6.5,15.0,3/17,42,0,3,17,631,0,4.073674691235249,7.009114350798523,5.6907527457218325,6.3657,Good,71,52,793,63,2,0,0,9
2014,13,11,227,32.42,149.34,22,7,1,0,60,0,11,30.36,6.68,27.27,3/17,60,0,3,17,631,0,6.640914736788721,5.184708967051424,5.6907527457218325,7.7093,Very Good,71,52,793,63,2,0,0,9
2015,4,3,36,12.0,133.33,5,0,0,0,23,0,4,30.75,8.78,21.0,3/17,23,0,3,17,631,0,2.6951990401980908,2.533465843702443,5.6907527457218325,3.4335,Below Average,71,52,793,63,2,0,0,9
2016,10,7,114,22.8,107.54,7,5,1,0,66*,0,5,48.6,7.83,37.2,3/17,66,1,3,17,631,0,4.746751082959878,2.3385076297600045,5.6907527457218325,4.9275,Average,71,52,793,63,2,0,0,9
2017,1,1,1,0.0,100.0,0,0,0,0,1*,0,0,0.0,0.0,0.0,,1,1,0,0,631,0,0.0,0.0,5.6907527457218325,1.1675,Poor,71,52,793,63,2,0,0,9
2018,17,13,239,21.72,121.31,26,5,0,0,35,0,14,32.57,8.0,24.42,3/17,35,0,3,17,631,0,5.8649245132396075,5.1625382789744565,5.6907527457218325,6.8978,Good,71,52,793,63,2,0,0,9
2019,3,1,9,9.0,90.0,0,0,0,0,9,0,2,47.5,8.76,32.5,3/17,9,0,3,17,631,0,0.7722327047732049,1.0940214508538548,5.6907527457218325,2.0783,Poor,71,52,793,63,2,0,0,9
2021,8,6,47,9.4,97.91,3,1,0,0,26,0,4,46.75,7.19,39.0,3/17,26,0,3,17,631,0,2.358878777769347,2.185080860123291,5.6907527457218325,3.2174,Below Average,71,52,793,63,2,0,0,9
2010,8,2,1,1.0,50.0,0,0,0,0,1*,0,6,42.5,9.44,27.0,2/20,1,1,2,20,632,0,0.007034226019245297,2.5490910190101417,3.665561593112194,1.2499,Poor,14,4,5,14,0,0,0,2
2011,6,2,4,0.0,133.33,0,0,0,0,3*,0,8,23.25,9.3,15.0,2/20,3,1,2,20,632,0,0.0,4.313635736365023,3.665561593112194,1.9083,Poor,14,4,5,14,0,0,0,2
2024,2,1,1,0.0,100.0,0,0,0,0,1*,0,0,0.0,0.0,0.0,,1,1,0,0,633,0,0.0,0.0,6.85171634801522,1.8675,Poor,2,1,1,0,0,0,0,1
2010,8,1,1,1.0,50.0,0,0,0,0,1,0,9,24.88,7.22,20.66,2/24,1,0,2,24,634,0,0.007034226019245297,4.999141174773693,7.240676269710922,3.2836,Below Average,8,1,1,9,0,0,0,1
2009,3,2,9,0.0,64.28,0,0,0,0,6*,0,3,24.33,7.3,20.0,2/25,6,1,2,25,635,0,0.0,2.7573495163112467,6.953569201408803,2.4884,Poor,3,2,9,3,0,0,0,1
2008,15,7,70,14.0,118.64,7,2,0,0,22*,0,19,21.26,7.76,16.42,4/21,22,1,4,21,636,0,3.576410791773382,7.044021091456363,4.9220257405691346,5.6428,Good,55,29,198,57,0,0,0,4
2009,13,11,108,13.5,93.1,6,4,0,0,34*,0,14,26.07,7.3,21.42,4/21,34,1,4,21,636,0,3.7786881231081075,5.917788131458096,4.9220257405691346,5.2425,Average,55,29,198,57,0,0,0,4
2010,14,7,10,2.0,52.63,0,0,0,0,4,0,11,34.63,7.62,27.27,4/21,4,0,4,21,636,0,0.14114961627930325,4.57861469006998,4.9220257405691346,2.4652,Poor,55,29,198,57,0,0,0,4
2011,13,4,10,5.0,50.0,1,0,0,0,5*,0,13,22.84,6.31,21.69,4/21,5,1,4,21,636,0,0.3147126036359016,6.423933715446831,4.9220257405691346,2.9865,Below Average,55,29,198,57,0,0,0,4
2008,15,15,472,47.2,151.76,47,19,4,0,76*,0,17,22.52,7.07,19.11,4/29,76,1,4,29,637,0,8.21715746621787,6.850520794772854,7.012719021024648,9.9404,Excellent,145,141,3874,92,21,4,0,12
2010,6,5,185,37.0,162.28,18,9,2,0,60,0,6,30.66,8.36,22.0,4/29,60,0,4,29,637,0,6.655794550143696,3.362267178665341,7.012719021024648,7.6721,Very Good,145,141,3874,92,21,4,0,12
2011,11,11,330,33.0,130.43,31,17,1,0,89*,0,6,40.16,6.69,36.0,4/29,89,1,4,29,637,0,6.999771934691869,3.2709910044131547,7.012719021024648,8.0184,Very Good,145,141,3874,92,21,4,0,12
2012,7,7,255,42.5,151.78,26,14,2,0,90*,0,6,26.83,7.0,23.0,4/29,90,1,4,29,637,0,7.205413716310895,3.9966924878332644,7.012719021024648,8.2079,Very Good,145,141,3874,92,21,4,0,12
2013,16,16,543,38.78,142.89,59,22,2,1,101,0,13,22.92,7.15,19.23,4/29,101,0,4,29,637,0,8.053246137696423,6.103700942342055,7.012719021024648,9.4863,Excellent,145,141,3874,92,21,4,0,12
2014,13,13,240,20.0,122.44,19,14,2,0,51,0,7,23.57,7.85,18.0,4/29,51,0,4,29,637,0,5.769108861463936,4.362684922457861,7.012719021024648,7.3509,Very Good,145,141,3874,92,21,4,0,12
2015,10,9,347,43.37,135.01,37,14,1,1,104*,0,6,44.83,9.27,29.0,4/29,104,1,4,29,637,0,7.5017169064565445,2.4907052117913917,7.012719021024648,7.7719,Very Good,145,141,3874,92,21,4,0,12
2016,16,15,179,13.76,133.58,14,12,0,0,36,0,20,24.25,8.58,16.95,4/29,36,0,4,29,637,0,4.969335059437436,6.583973218670829,7.012719021024648,7.8612,Very Good,145,141,3874,92,21,4,0,12
2017,8,7,71,11.83,91.02,6,1,0,0,24,0,5,49.0,9.13,32.2,4/29,24,0,4,29,637,0,3.042125574636753,2.0914204477407794,7.012719021024648,4.0665,Average,145,141,3874,92,21,4,0,12
2018,15,15,555,39.64,154.59,44,35,2,2,117*,0,6,41.83,8.96,28.0,4/29,117,1,4,29,637,0,8.225468280879701,2.6643527802254194,7.012719021024648,8.4289,Very Good,145,141,3874,92,21,4,0,12
2019,17,17,398,23.41,127.56,42,20,3,0,96,0,0,0.0,0.0,0.0,,96,0,0,0,637,0,6.750319286486343,0.0,7.012719021024648,6.0779,Good,145,141,3874,92,21,4,0,12
2020,11,11,299,29.9,121.05,33,13,2,0,83*,0,0,0.0,0.0,0.0,,83,1,0,0,637,0,6.6193291250092,0.0,7.012719021024648,6.0533,Good,145,141,3874,92,21,4,0,12
2009,7,2,5,0.0,27.77,1,0,0,0,4*,0,6,32.0,8.34,23.0,3/29,4,1,3,29,638,0,0.0,3.2838773640462877,3.573511607913188,1.6254,Poor,22,8,33,16,0,0,0,3
2010,6,3,27,0.0,128.57,5,0,0,0,15*,0,3,63.66,10.05,38.0,3/29,15,1,3,29,638,0,0.0,1.0718230946180447,3.573511607913188,0.5345,Poor,22,8,33,16,0,0,0,3
2011,9,3,1,0.5,11.11,0,0,0,0,1,0,7,29.42,6.47,27.28,3/29,1,0,3,29,638,0,0.0007832371189677419,4.300340723360282,3.573511607913188,1.8211,Poor,22,8,33,16,0,0,0,3
2015,1,1,7,0.0,116.66,1,0,0,0,7*,0,1,38.0,12.66,18.0,3/19,7,1,3,19,639,0,0.0,0.5264200466218864,5.350245953106784,1.3247,Poor,114,45,349,119,1,0,18,11
2017,12,3,0,0.0,0.0,0,0,0,0,0*,0,11,28.63,8.25,20.81,3/19,0,1,3,19,639,0,0.0,4.830381890621213,5.350245953106784,2.6183,Below Average,114,45,349,119,1,0,18,11
2018,13,1,15,0.0,300.0,3,0,0,0,15*,0,16,26.93,9.23,17.5,3/19,15,1,3,19,639,0,0.0,5.592882559360356,5.350245953106784,2.9299,Below Average,114,45,349,119,1,0,18,11
2019,10,3,14,7.0,200.0,1,1,0,0,12*,0,8,35.12,9.36,22.5,3/19,12,1,3,19,639,0,1.5305068780358868,3.438649128674527,5.350245953106784,3.1018,Below Average,114,45,349,119,1,0,18,11
2020,9,2,12,12.0,57.14,0,0,0,0,11,0,10,27.5,8.5,19.4,3/19,11,0,3,19,639,0,0.8467551803139375,4.637063936172096,5.350245953106784,3.0785,Below Average,114,45,349,119,1,0,18,11
2021,16,4,5,2.5,100.0,0,0,0,0,3*,0,21,25.09,8.8,17.09,3/19,3,1,3,19,639,0,0.16611641070176067,6.557273495216473,5.350245953106784,3.211,Below Average,114,45,349,119,1,0,18,11
2022,14,10,120,15.0,137.93,7,7,0,0,29*,6,15,31.53,9.78,19.33,36/4,29,1,36,4,639,0,4.585693224971211,4.9306840144819315,5.350245953106784,5.5139,Good,114,45,349,119,1,0,18,11
2023,11,10,113,14.13,161.42,13,4,1,0,68,4,7,31.42,10.47,18.0,23/2,68,0,23,2,639,0,4.636447450852048,3.1786544818862286,5.350245953106784,4.8891,Average,114,45,349,119,1,0,18,11
2024,9,3,21,21.0,123.52,2,1,0,0,17,4,5,61.8,9.75,38.0,61/2,17,0,61,2,639,0,2.628417540412764,1.6841950002100603,5.350245953106784,3.1304,Below Average,114,45,349,119,1,0,18,11
2025,10,5,18,6.0,150.0,3,0,0,0,6,4,13,28.84,11.02,15.69,34/4,6,0,34,4,639,0,1.3584219463942582,4.536148666393112,5.350245953106784,3.1621,Below Average,114,45,349,119,1,0,18,11
2026,9,3,24,12.0,80.0,2,0,0,0,10*,0,12,22.5,12.27,11.0,39/4,10,1,39,4,639,0,1.6855682595019348,4.673043621275122,5.350245953106784,3.5448,Below Average,114,45,349,119,1,0,18,11
2022,10,5,69,17.25,146.8,5,4,0,0,25*,3,0,0.0,0.0,0.0,,25,1,0,0,640,0,4.113035568279636,0.0,5.671717746243965,3.6042,Below Average,53,42,905,5,6,0,18,4
2024,14,14,354,44.25,164.65,28,21,2,0,68*,7,1,5.0,5.0,6.0,5/1,68,1,5,1,640,0,7.836667124509713,4.486198345286726,5.671717746243965,8.3071,Very Good,53,42,905,5,6,0,18,4
2025,17,14,350,50.0,153.5,23,18,3,0,61*,7,0,0.0,0.0,0.0,,61,1,0,0,640,0,7.8938268031169,0.0,5.671717746243965,5.994,Good,53,42,905,5,6,0,18,4
2026,12,9,132,22.0,188.57,11,8,1,0,56,1,4,22.0,8.8,15.0,20/2,56,0,20,2,640,0,5.671153594766012,3.123070641508437,5.671717746243965,5.7874,Good,53,42,905,5,6,0,18,4
2008,11,11,616,68.44,139.68,59,26,5,1,115,0,0,0.0,0.0,0.0,,115,0,0,0,641,0,8.997972820641971,0.0,6.403216869380359,7.8954,Very Good,71,69,2477,0,20,1,0,9
2010,4,4,147,49.0,128.94,14,6,2,0,88*,0,0,0.0,0.0,0.0,,88,1,0,0,641,0,6.405808987849336,0.0,6.403216869380359,5.454,Average,71,69,2477,0,20,1,0,9
2011,14,13,504,42.0,146.51,52,20,4,0,95,0,0,0.0,0.0,0.0,,95,0,0,0,641,0,8.095770999190103,0.0,6.403216869380359,6.7206,Good,71,69,2477,0,20,1,0,9
2012,13,13,336,30.54,120.0,39,7,2,0,68*,0,0,0.0,0.0,0.0,,68,1,0,0,641,0,6.799889924749754,0.0,6.403216869380359,5.8968,Good,71,69,2477,0,20,1,0,9
2013,8,8,300,37.5,120.48,39,4,3,0,77,0,0,0.0,0.0,0.0,,77,0,0,0,641,0,6.9341978320168955,0.0,6.403216869380359,5.9006,Good,71,69,2477,0,20,1,0,9
2014,2,2,70,35.0,134.61,7,3,0,0,40,0,0,0.0,0.0,0.0,,40,0,0,0,641,0,4.972582994301618,0.0,6.403216869380359,4.4825,Average,71,69,2477,0,20,1,0,9
2015,4,4,81,20.25,139.65,7,3,1,0,65,0,0,0.0,0.0,0.0,,65,0,0,0,641,0,4.47666870161232,0.0,6.403216869380359,4.1163,Average,71,69,2477,0,20,1,0,9
2016,6,6,159,31.8,118.65,13,4,1,0,56*,0,0,0.0,0.0,0.0,,56,1,0,0,641,0,5.797620267312002,0.0,6.403216869380359,5.0245,Average,71,69,2477,0,20,1,0,9
2017,9,8,264,33.0,136.08,36,5,2,0,84,0,0,0.0,0.0,0.0,,84,0,0,0,641,0,6.746819324671581,0.0,6.403216869380359,5.7799,Good,71,69,2477,0,20,1,0,9
2008,13,8,147,18.37,132.43,12,8,0,0,33,0,11,27.36,6.54,25.09,3/12,33,0,3,12,642,0,5.083562444335122,5.482218343677923,7.397105643841989,7.5793,Very Good,13,8,147,11,0,0,0,1
2010,8,2,12,12.0,92.3,0,1,0,0,11,0,10,26.4,8.47,18.7,3/13,11,0,3,13,643,0,1.1924454880775093,4.737699167252115,6.5407962216855715,3.9393,Below Average,12,4,22,16,0,0,0,2
2011,4,2,10,10.0,100.0,1,0,0,0,10*,0,6,21.16,8.56,14.83,3/13,10,1,3,13,643,0,0.9775866369973539,4.073910339011321,6.5407962216855715,3.4159,Below Average,12,4,22,16,0,0,0,2
2020,6,1,0,0.0,0.0,0,0,0,0,0*,0,6,29.33,8.8,20.0,2/17,0,1,2,17,644,0,0.0,3.3487165390159364,7.151699256297347,2.7405,Below Average,6,1,0,6,0,0,0,1
2017,4,3,38,19.0,122.58,5,0,0,0,16,0,0,0.0,0.0,0.0,,16,0,0,0,645,0,3.226196371722701,0.0,4.635921545505202,2.71,Below Average,9,8,61,0,0,0,5,2
2022,5,5,23,5.75,88.46,0,1,0,0,8,5,0,0.0,0.0,0.0,,8,0,0,0,645,0,1.0925680184682633,0.0,4.635921545505202,1.6599,Poor,9,8,61,0,0,0,5,2
2019,7,7,73,14.6,135.18,2,7,0,0,28*,0,1,59.0,8.63,41.0,1/6,28,1,1,6,646,0,3.857126169626035,0.4998295123559499,5.131930930403188,3.3997,Below Average,31,27,520,1,1,0,2,4
2022,3,2,33,16.5,66.0,1,1,0,0,28,0,0,0.0,0.0,0.0,,28,0,0,0,646,0,2.150354939150584,0.0,5.131930930403188,2.2853,Poor,31,27,520,1,1,0,2,4
2025,13,11,291,32.33,157.29,22,18,0,0,46,1,0,0.0,0.0,0.0,,46,0,0,0,646,0,7.057162976294828,0.0,5.131930930403188,5.4351,Average,31,27,520,1,1,0,2,4
2026,8,7,123,24.6,164.0,5,12,1,0,71*,1,0,0.0,0.0,0.0,,71,1,0,0,646,0,5.53482623422584,0.0,5.131930930403188,4.2973,Average,31,27,520,1,1,0,2,4
2008,14,14,340,37.77,115.25,35,8,4,0,68*,0,0,0.0,0.0,0.0,,68,1,0,0,647,0,7.057379193035298,0.0,7.738269556653413,6.9633,Good,222,221,6769,4,51,2,17,17
2009,5,4,40,10.0,88.88,3,0,0,0,22,0,0,0.0,0.0,0.0,,22,0,0,0,647,0,2.1384848439126056,0.0,7.738269556653413,3.1239,Below Average,222,221,6769,4,51,2,17,17
2010,10,10,191,19.1,112.35,23,3,2,0,56,0,0,0.0,0.0,0.0,,56,0,0,0,647,0,5.271000810765122,0.0,7.738269556653413,5.2475,Average,222,221,6769,4,51,2,17,17
2011,14,14,400,33.33,129.03,47,7,2,0,95*,0,1,11.0,5.5,12.0,1/7,95,1,1,7,647,0,7.268179035483264,2.7195594018834406,7.738269556653413,8.2105,Very Good,222,221,6769,4,51,2,17,17
2012,15,15,569,40.64,129.61,58,18,5,0,84,0,3,18.33,9.16,12.0,1/7,84,0,1,7,647,0,8.04772759237267,2.8567700721144877,7.738269556653413,8.4702,Very Good,222,221,6769,4,51,2,17,17
2013,10,10,311,38.87,122.92,37,5,3,0,73*,0,0,0.0,0.0,0.0,,73,1,0,0,647,0,7.062961771491576,0.0,7.738269556653413,6.692,Good,222,221,6769,4,51,2,17,17
2014,14,14,377,29.0,118.18,49,7,2,0,64*,0,0,0.0,0.0,0.0,,64,1,0,0,647,0,6.86720814380605,0.0,7.738269556653413,6.3722,Good,222,221,6769,4,51,2,17,17
2015,14,14,353,27.15,123.42,45,6,3,0,54,0,0,0.0,0.0,0.0,,54,0,0,0,647,0,6.743656734309084,0.0,7.738269556653413,6.4479,Good,222,221,6769,4,51,2,17,17
2016,17,17,501,38.53,116.78,51,8,4,0,82*,0,0,0.0,0.0,0.0,,82,1,0,0,647,0,7.6475622978824385,0.0,7.738269556653413,7.2811,Very Good,222,221,6769,4,51,2,17,17
2017,14,14,479,36.84,127.39,53,9,3,0,77,0,0,0.0,0.0,0.0,,77,0,0,0,647,0,7.643634931377285,0.0,7.738269556653413,7.2008,Very Good,222,221,6769,4,51,2,17,17
2018,16,16,497,38.23,136.91,59,14,4,0,92*,0,0,0.0,0.0,0.0,,92,1,0,0,647,0,7.848693450110764,0.0,7.738269556653413,7.6047,Very Good,222,221,6769,4,51,2,17,17
2019,16,16,521,34.73,135.67,64,11,5,0,97*,0,0,0.0,0.0,0.0,,97,1,0,0,647,0,7.767278328842969,0.0,7.738269556653413,7.3943,Very Good,222,221,6769,4,51,2,17,17
2020,17,17,618,44.14,144.73,67,12,4,2,106*,0,0,0.0,0.0,0.0,,106,1,0,0,647,0,8.435238432747521,0.0,7.738269556653413,8.0966,Very Good,222,221,6769,4,51,2,17,17
2021,16,16,587,39.13,124.62,63,16,3,0,92,0,0,0.0,0.0,0.0,,92,0,0,0,647,0,7.983100193026461,0.0,7.738269556653413,7.6464,Very Good,222,221,6769,4,51,2,17,17
2022,14,14,460,38.33,122.66,47,12,3,0,88*,10,0,0.0,0.0,0.0,,88,1,0,0,647,0,7.589353269139273,0.0,7.738269556653413,7.2723,Very Good,222,221,6769,4,51,2,17,17
2023,11,11,373,41.44,142.91,49,12,3,0,99*,4,0,0.0,0.0,0.0,,99,1,0,0,647,0,7.619066747703281,0.0,7.738269556653413,7.2456,Very Good,222,221,6769,4,51,2,17,17
2024,5,5,152,30.4,125.61,18,4,1,0,70,3,0,0.0,0.0,0.0,,70,0,0,0,647,0,5.751793728724042,0.0,7.738269556653413,5.7885,Good,222,221,6769,4,51,2,17,17
2019,5,5,90,18.0,123.28,4,7,1,0,75,0,0,0.0,0.0,0.0,,75,0,0,0,648,0,4.291946043575327,0.0,6.573158557280008,4.0516,Average,94,86,1561,0,5,0,36,8
2020,12,11,185,23.12,148.0,11,12,0,0,45,0,0,0.0,0.0,0.0,,45,0,0,0,648,0,5.872171585269479,0.0,6.573158557280008,5.1663,Average,94,86,1561,0,5,0,36,8
2021,14,13,242,34.57,168.05,19,12,1,0,53*,0,0,0.0,0.0,0.0,,53,1,0,0,648,0,6.985415419121627,0.0,6.573158557280008,6.0429,Good,94,86,1561,0,5,0,36,8
2022,15,15,314,44.86,153.92,21,21,1,0,59*,3,0,0.0,0.0,0.0,,59,1,0,0,648,0,7.5928585134127875,0.0,6.573158557280008,6.5248,Good,94,86,1561,0,5,0,36,8
2023,14,13,300,37.5,152.28,12,23,1,0,56*,11,0,0.0,0.0,0.0,,56,1,0,0,648,0,7.262397750338926,0.0,6.573158557280008,6.246,Good,94,86,1561,0,5,0,36,8
2024,12,9,113,22.6,163.76,9,7,0,0,27*,4,0,0.0,0.0,0.0,,27,1,0,0,648,0,5.298761576649641,0.0,6.573158557280008,4.8431,Average,94,86,1561,0,5,0,36,8
2025,14,13,239,21.73,145.73,17,11,1,0,52,13,0,0.0,0.0,0.0,,52,0,0,0,648,0,6.120534962776461,0.0,6.573158557280008,5.3401,Average,94,86,1561,0,5,0,36,8
2026,8,7,78,13.0,113.04,5,3,0,0,22,5,0,0.0,0.0,0.0,,22,0,0,0,648,0,3.5579200674201887,0.0,6.573158557280008,3.5948,Below Average,94,86,1561,0,5,0,36,8
2019,4,4,40,13.33,121.21,1,3,0,0,24,0,0,0.0,0.0,0.0,,24,0,0,0,649,0,2.8347467616623896,0.0,6.668693738937071,3.2703,Below Average,92,87,2129,6,10,0,22,8
2020,11,9,129,18.42,122.85,5,9,0,0,27*,0,4,18.25,8.11,13.5,2/15,27,1,2,15,649,0,4.805878845302523,3.6488207101121906,6.668693738937071,6.0428,Good,92,87,2129,6,10,0,22,8
2021,9,9,230,28.75,119.17,18,10,1,0,64*,0,0,0.0,0.0,0.0,,64,1,0,0,649,0,6.176722657903816,0.0,6.668693738937071,5.459,Average,92,87,2129,6,10,0,22,8
2022,11,11,289,28.9,156.21,22,16,2,0,95*,6,0,0.0,0.0,0.0,,95,1,0,0,649,0,6.880811548895319,0.0,6.668693738937071,5.7932,Good,92,87,2129,6,10,0,22,8
2023,16,14,418,38.0,158.33,12,35,3,0,52,6,0,0.0,0.0,0.0,,52,0,0,0,649,0,7.801229619250969,0.0,6.668693738937071,6.8328,Good,92,87,2129,6,10,0,22,8
2024,14,14,396,36.0,162.29,28,28,3,0,66*,2,1,14.0,14.0,6.0,14/1,66,1,14,1,649,0,7.684047794616808,1.1491042327968297,6.668693738937071,7.0343,Very Good,92,87,2129,6,10,0,22,8
2025,14,14,357,32.45,132.22,22,21,1,0,50,4,0,0.0,0.0,0.0,,50,0,0,0,649,0,7.1054899602333474,0.0,6.668693738937071,6.2675,Good,92,87,2129,6,10,0,22,8
2026,13,12,270,38.57,158.82,24,15,0,0,47,4,1,64.0,12.8,30.0,30/1,47,0,30,1,649,0,7.213079777450271,0.3210437687782474,6.668693738937071,6.4226,Good,92,87,2129,6,10,0,22,8
2018,9,4,13,4.33,86.66,1,0,0,0,7,0,5,54.0,9.64,33.6,4/21,7,0,4,21,650,0,0.560342362105577,1.876503573421496,4.842803255085787,2.0021,Poor,32,12,51,30,0,0,4,4
2020,8,3,10,5.0,71.42,1,0,0,0,9,0,9,23.55,8.15,17.33,4/21,9,0,4,21,650,0,0.4306533395979403,4.846119006796626,4.842803255085787,2.619,Below Average,32,12,51,30,0,0,4,4
2021,9,2,25,12.5,125.0,2,2,0,0,20,0,11,21.18,7.24,17.54,4/21,20,0,4,21,650,0,2.2431905810933155,5.856091050038747,4.842803255085787,3.9502,Below Average,32,12,51,30,0,0,4,4
2022,6,3,3,1.5,42.85,0,0,0,0,2,4,5,45.4,10.31,26.4,33/1,2,0,33,1,650,0,0.026936381276433212,2.025576838361253,4.842803255085787,1.671,Poor,32,12,51,30,0,0,4,4
2014,4,2,5,5.0,166.66,1,0,0,0,4,0,3,40.33,7.56,32.0,2/26,4,0,2,26,651,0,0.49122102542689605,1.9096353760939584,7.03257241222424,2.6205,Below Average,4,2,5,3,0,0,0,1
2024,1,1,2,0.0,66.66,0,0,0,0,2*,2,0,0.0,0.0,0.0,,2,1,0,0,652,0,0.0,0.0,6.708162813864161,1.6618,Poor,1,1,2,0,0,0,2,1
2026,13,6,53,8.83,115.21,6,1,0,0,27,0,9,41.66,9.61,26.0,33/3,27,0,33,3,653,0,2.6162198826329326,3.2837202613293623,7.397105643841989,4.4827,Average,13,6,53,9,0,0,0,1
2016,7,2,0,0.0,0.0,0,0,0,0,0*,0,6,32.0,8.34,23.0,3/20,0,1,3,20,654,0,0.0,3.2838773640462877,7.198975588953446,3.0866,Below Average,7,2,0,6,0,0,0,1
2008,3,3,25,8.33,80.64,4,0,0,0,16,0,0,0.0,0.0,0.0,,16,0,0,0,655,0,1.3900022894644137,0.0,6.953569201408803,2.5965,Below Average,3,3,25,0,0,0,0,1
2009,7,3,1,0.5,16.66,0,0,0,0,1*,0,5,30.4,8.94,20.4,2/20,1,1,2,20,656,0,0.0011743403296947752,2.909287553631698,7.198975588953446,2.8198,Below Average,7,3,1,5,0,0,0,1
2008,3,1,2,2.0,28.57,0,0,0,0,2,0,5,10.8,7.71,8.4,4/11,2,0,4,11,657,0,0.01602618694149032,5.425965736177515,6.953569201408803,3.4577,Below Average,3,1,2,5,0,0,0,1
2008,7,5,52,13.0,110.63,5,0,0,0,24,0,2,42.5,10.0,25.5,1/6,24,0,1,6,658,0,3.0147051552004767,1.0750078458393104,7.198975588953446,3.9919,Below Average,7,5,52,2,0,0,0,1
2009,2,1,6,6.0,85.71,1,0,0,0,6,0,0,0.0,0.0,0.0,,6,0,0,0,659,0,0.3792798267795621,0.0,6.85171634801522,1.9706,Poor,2,1,6,0,0,0,0,1
2008,4,3,82,27.33,96.47,9,1,1,0,52,0,0,0.0,0.0,0.0,,52,0,0,0,660,0,4.398646679169279,0.0,5.164003510861168,3.3225,Below Average,31,21,293,0,1,0,0,7
2009,2,2,53,26.5,88.33,6,0,0,0,43,0,0,0.0,0.0,0.0,,43,0,0,0,660,0,3.6608677986660383,0.0,5.164003510861168,3.0714,Below Average,31,21,293,0,1,0,0,7
2010,1,1,8,8.0,80.0,2,0,0,0,8,0,0,0.0,0.0,0.0,,8,0,0,0,660,0,0.5830895067611672,0.0,5.164003510861168,1.4975,Poor,31,21,293,0,1,0,0,7
2011,5,4,29,7.25,100.0,5,0,0,0,22,0,0,0.0,0.0,0.0,,22,0,0,0,660,0,1.5968205236980795,0.0,5.164003510861168,1.9486,Poor,31,21,293,0,1,0,0,7
2012,11,6,69,13.8,102.98,4,1,0,0,24,0,0,0.0,0.0,0.0,,24,0,0,0,660,0,3.356766658786018,0.0,5.164003510861168,2.929,Below Average,31,21,293,0,1,0,0,7
2018,6,3,52,17.33,130.0,6,1,0,0,35,0,0,0.0,0.0,0.0,,35,0,0,0,660,0,3.586245914850737,0.0,5.164003510861168,2.9922,Below Average,31,21,293,0,1,0,0,7
2020,2,2,0,0.0,0.0,0,0,0,0,0*,0,0,0.0,0.0,0.0,,0,1,0,0,660,0,0.0,0.0,5.164003510861168,1.0883,Poor,31,21,293,0,1,0,0,7
2014,4,1,11,11.0,110.0,1,0,0,0,11,0,6,18.83,8.07,14.0,4/16,11,0,4,16,661,0,1.1935834312219458,4.45731460650763,5.1303655835244495,3.1376,Below Average,49,22,180,49,0,0,0,8
2015,1,1,1,0.0,100.0,0,0,0,0,1*,0,1,23.0,10.61,13.0,4/16,1,1,4,16,661,0,0.0,0.9573091351061109,5.1303655835244495,1.4295,Poor,49,22,180,49,0,0,0,8
2016,1,1,2,2.0,12.5,0,0,0,0,2,0,0,0.0,0.0,0.0,,2,0,0,0,661,0,0.007034226019245297,0.0,5.1303655835244495,1.0134,Poor,49,22,180,49,0,0,0,8
2018,11,4,50,16.66,111.11,5,0,0,0,24,0,11,21.45,7.61,16.9,4/16,24,0,4,16,661,0,3.283049459651588,5.703762597131094,5.1303655835244495,4.8347,Average,49,22,180,49,0,0,0,8
2019,14,7,63,15.75,136.95,8,1,0,0,19*,0,20,17.35,7.22,14.4,4/16,19,1,4,16,661,0,3.7801277247204608,7.891791450888192,5.1303655835244495,6.1856,Good,49,22,180,49,0,0,0,8
2020,14,5,37,9.25,94.87,3,0,0,0,23*,0,10,42.7,8.54,30.0,4/16,23,1,4,16,661,0,2.0396552220637614,3.6785714540008048,5.1303655835244495,3.1811,Below Average,49,22,180,49,0,0,0,8
2021,3,2,7,7.0,140.0,0,1,0,0,7*,0,0,0.0,0.0,0.0,,7,1,0,0,661,0,0.7367137242479107,0.0,5.1303655835244495,1.3809,Poor,49,22,180,49,0,0,0,8
2022,1,1,9,0.0,128.57,2,0,0,0,9*,0,1,34.0,11.33,18.0,34/1,9,1,34,1,661,0,0.0,0.6433052331984725,5.1303655835244495,1.2406,Poor,49,22,180,49,0,0,0,8
2015,14,14,439,33.76,128.36,41,21,4,0,83,0,0,0.0,0.0,0.0,,83,0,0,0,662,0,7.409347528192065,0.0,6.931279593619563,6.6248,Good,147,145,4229,0,32,1,30,11
2016,6,6,30,5.0,69.76,2,1,0,0,19,0,0,0.0,0.0,0.0,,19,0,0,0,662,0,1.0099331891792063,0.0,6.931279593619563,2.4608,Poor,147,145,4229,0,32,1,30,11
2017,12,12,338,33.8,139.09,36,10,2,0,96,0,0,0.0,0.0,0.0,,96,0,0,0,662,0,7.156954772897334,0.0,6.931279593619563,6.4724,Good,147,145,4229,0,32,1,30,11
2018,14,14,411,37.36,132.58,29,21,4,0,93*,0,0,0.0,0.0,0.0,,93,1,0,0,662,0,7.504437478979682,0.0,6.931279593619563,6.8066,Good,147,145,4229,0,32,1,30,11
2019,16,16,463,30.86,119.94,41,14,3,0,67,0,0,0.0,0.0,0.0,,67,0,0,0,662,0,7.262867731144537,0.0,6.931279593619563,6.3887,Good,147,145,4229,0,32,1,30,11
2020,17,17,519,34.6,123.27,40,16,3,0,88*,0,0,0.0,0.0,0.0,,88,1,0,0,662,0,7.622007527908597,0.0,6.931279593619563,6.7548,Good,147,145,4229,0,32,1,30,11
2021,8,8,175,35.0,102.33,7,5,0,0,47*,0,0,0.0,0.0,0.0,,47,1,0,0,662,0,5.858386660741718,0.0,6.931279593619563,5.3832,Average,147,145,4229,0,32,1,30,11
2022,14,14,401,30.85,134.56,41,11,3,0,85,5,0,0.0,0.0,0.0,,85,0,0,0,662,0,7.222108300929499,0.0,6.931279593619563,6.6173,Good,147,145,4229,0,32,1,30,11
2024,15,14,351,39.0,146.86,34,14,2,0,58*,10,0,0.0,0.0,0.0,,58,1,0,0,662,0,7.48682110301393,0.0,6.931279593619563,6.7881,Good,147,145,4229,0,32,1,30,11
2025,17,17,604,50.33,175.07,43,39,6,0,97*,7,0,0.0,0.0,0.0,,97,1,0,0,662,0,8.855503150453071,0.0,6.931279593619563,7.9961,Very Good,147,145,4229,0,32,1,30,11
2026,14,13,498,55.33,168.81,39,30,5,1,101*,8,0,0.0,0.0,0.0,,101,1,0,0,662,0,8.665948136193947,0.0,6.931279593619563,7.7305,Very Good,147,145,4229,0,32,1,30,11
2011,7,2,2,1.0,66.66,0,0,0,0,2,0,4,30.25,7.56,24.0,3/16,2,0,3,16,663,0,0.018678674225159668,2.8188486609943886,7.198975588953446,2.6482,Below Average,7,2,2,4,0,0,0,1
2024,4,3,33,16.5,173.68,3,2,0,0,25,0,0,0.0,0.0,0.0,,25,0,0,0,665,0,3.3104798402462827,0.0,5.7372046752322134,3.1638,Below Average,20,17,220,0,0,0,1,3
2025,9,8,106,26.5,160.6,6,8,0,0,34*,1,0,0.0,0.0,0.0,,34,1,0,0,665,0,5.403206617824522,0.0,5.7372046752322134,4.2912,Average,20,17,220,0,0,0,1,3
2026,7,6,81,20.25,139.65,8,3,0,0,31*,0,0,0.0,0.0,0.0,,31,1,0,0,665,0,4.47666870161232,0.0,5.7372046752322134,3.8099,Below Average,20,17,220,0,0,0,1,3
2018,13,11,203,33.83,146.04,22,5,1,0,57*,0,0,0.0,0.0,0.0,,57,1,0,0,666,0,6.513061636211379,0.0,7.1050370309841995,5.9276,Good,134,131,4598,0,32,5,34,9
2019,14,13,296,32.88,124.36,21,10,3,0,76,0,0,0.0,0.0,0.0,,76,0,0,0,666,0,6.775779046466025,0.0,7.1050370309841995,6.2501,Good,134,131,4598,0,32,5,34,9
2020,14,14,440,33.84,117.96,44,9,3,0,70*,0,0,0.0,0.0,0.0,,70,1,0,0,666,0,7.297341755731265,0.0,7.1050370309841995,6.5818,Good,134,131,4598,0,32,5,34,9
2021,17,17,478,28.11,118.9,50,12,3,0,57,0,0,0.0,0.0,0.0,,57,0,0,0,666,0,7.164510622651212,0.0,7.1050370309841995,6.2847,Good,134,131,4598,0,32,5,34,9
2022,16,16,483,34.5,132.32,51,11,4,0,96,7,0,0.0,0.0,0.0,,96,0,0,0,666,0,7.616482170345011,0.0,7.1050370309841995,6.9112,Good,134,131,4598,0,32,5,34,9
2023,17,17,890,59.33,157.8,85,33,4,3,129,6,0,0.0,0.0,0.0,,129,0,0,0,666,0,9.486816294289342,0.0,7.1050370309841995,8.2844,Very Good,134,131,4598,0,32,5,34,9
2024,12,12,426,38.73,147.4,37,15,2,1,104,1,0,0.0,0.0,0.0,,104,0,0,0,666,0,7.754109323079907,0.0,7.1050370309841995,6.9451,Good,134,131,4598,0,32,5,34,9
2025,15,15,650,50.0,155.87,62,24,6,0,93*,8,0,0.0,0.0,0.0,,93,1,0,0,666,0,8.786044560005873,0.0,7.1050370309841995,7.943,Very Good,134,131,4598,0,32,5,34,9
2026,16,16,732,45.75,163.02,74,33,6,1,104,12,0,0.0,0.0,0.0,,104,0,0,0,666,0,8.891377890362786,0.0,7.1050370309841995,7.99,Very Good,134,131,4598,0,32,5,34,9
2013,6,2,7,0.0,77.77,0,0,0,0,7*,0,4,42.5,7.78,32.75,4/29,7,1,4,29,667,0,0.0,2.210082541289708,4.1700689063672325,1.4746,Poor,53,12,20,56,0,0,0,6
2014,5,1,2,0.0,100.0,0,0,0,0,2*,0,2,63.0,9.69,39.0,4/29,2,1,4,29,667,0,0.0,0.789916833007517,4.1700689063672325,0.6994,Poor,53,12,20,56,0,0,0,6
2017,10,1,0,0.0,0.0,0,0,0,0,0*,0,16,18.75,8.41,13.37,4/29,0,1,4,29,667,0,0.0,6.720885630280886,4.1700689063672325,2.7561,Below Average,53,12,20,56,0,0,0,6
2018,17,4,3,1.0,21.42,0,0,0,0,2,0,21,26.04,8.28,18.85,4/29,2,0,4,29,667,0,0.00903397428907872,6.6172296452852395,4.1700689063672325,2.8267,Below Average,53,12,20,56,0,0,0,6
2019,7,2,0,0.0,0.0,0,0,0,0,0*,0,6,40.33,8.96,27.0,4/29,0,1,4,29,667,0,0.0,2.7274456221309826,4.1700689063672325,1.5649,Poor,53,12,20,56,0,0,0,6
2021,8,2,8,0.0,100.0,1,0,0,0,7*,0,7,35.28,8.23,25.71,4/29,7,1,4,29,667,0,0.0,3.4200689752767763,4.1700689063672325,1.7084,Poor,53,12,20,56,0,0,0,6
2008,3,2,18,9.0,180.0,1,1,0,0,15,0,2,30.0,10.0,18.0,2/40,15,0,2,40,668,0,1.925240318966543,1.4238915651012298,4.345698602032792,2.3984,Poor,11,8,99,2,0,0,0,4
2009,1,1,6,6.0,75.0,1,0,0,0,6,0,0,0.0,0.0,0.0,,6,0,0,0,668,0,0.33709973072058064,0.0,4.345698602032792,0.9252,Poor,11,8,99,2,0,0,0,4
2011,1,1,9,9.0,100.0,1,0,0,0,9,0,0,0.0,0.0,0.0,,9,0,0,0,668,0,0.8368040894961805,0.0,4.345698602032792,1.1953,Poor,11,8,99,2,0,0,0,4
2012,6,4,66,22.0,106.45,7,1,0,0,38,0,0,0.0,0.0,0.0,,38,0,0,0,668,0,3.9500259437818315,0.0,4.345698602032792,2.8074,Below Average,11,8,99,2,0,0,0,4
2008,15,3,5,5.0,41.66,0,0,0,0,3*,0,13,30.69,8.31,22.15,4/25,3,1,4,25,669,0,0.1397324967241251,5.039275634593205,5.015456828320324,2.7116,Below Average,64,13,42,55,0,0,0,5
2009,7,3,9,4.5,50.0,0,0,0,0,6*,0,6,25.33,7.6,20.0,4/25,6,1,4,25,669,0,0.26007411251810386,3.944396807483507,5.015456828320324,2.3013,Poor,64,13,42,55,0,0,0,5
2010,11,4,20,10.0,142.85,3,1,0,0,9,0,11,23.63,7.32,19.36,4/25,9,0,4,25,669,0,1.9038295889280406,5.563663246394011,5.015456828320324,3.8661,Below Average,64,13,42,55,0,0,0,5
2012,14,1,5,0.0,83.33,0,0,0,0,5*,0,13,29.23,7.3,24.0,4/25,5,1,4,25,669,0,0.0,5.460663130782048,5.015456828320324,2.6393,Below Average,64,13,42,55,0,0,0,5
2013,17,2,3,3.0,42.85,0,0,0,0,3,0,12,34.16,6.85,29.91,4/25,3,0,4,25,669,0,0.05336793265919257,5.053380214997749,5.015456828320324,2.5241,Below Average,64,13,42,55,0,0,0,5
2019,1,1,15,15.0,115.38,1,1,0,0,15,0,0,0.0,0.0,0.0,,15,0,0,0,670,0,1.8050287538080336,0.0,6.708162813864161,2.6176,Below Average,1,1,15,0,0,0,0,1
2023,7,7,139,27.8,141.83,10,6,1,0,57,5,3,39.66,9.91,24.0,19/1,57,0,19,1,671,0,5.672296898544774,1.5809941703284836,4.939003968680641,4.7919,Average,9,9,182,3,1,0,5,2
2024,2,2,43,21.5,113.15,2,2,0,0,28,0,0,0.0,0.0,0.0,,28,0,0,0,671,0,3.4397612322075806,0.0,4.939003968680641,2.865,Below Average,9,9,182,3,1,0,5,2
2022,6,3,7,7.0,87.5,0,0,0,0,3*,1,4,34.5,7.66,27.0,27/2,3,1,27,2,672,0,0.5032161414223412,2.5692243098641683,4.098011955595604,1.8651,Poor,10,6,10,6,0,0,1,2
2025,4,3,3,1.5,42.85,0,0,0,0,3*,0,2,70.5,14.1,30.0,46/2,3,1,46,2,672,0,0.026936381276433212,0.5109882595740187,4.098011955595604,0.7023,Poor,10,6,10,6,0,0,1,2
2008,2,2,96,96.0,139.13,11,2,1,0,75,0,0,0.0,0.0,0.0,,75,0,0,0,673,0,6.856509388063415,0.0,4.652797491508441,4.9954,Average,11,11,241,0,2,0,0,2
2009,9,9,145,16.11,123.93,15,6,1,0,50,0,0,0.0,0.0,0.0,,50,0,0,0,673,0,4.794531195953871,0.0,4.652797491508441,3.5565,Below Average,11,11,241,0,2,0,0,2
2022,1,1,14,14.0,127.27,2,0,0,0,14,0,0,0.0,0.0,0.0,,14,0,0,0,674,0,1.7646247691237877,0.0,4.327027069382634,1.7579,Poor,15,15,372,0,1,1,1,2
2023,14,14,358,25.57,150.42,38,19,1,1,103,1,0,0.0,0.0,0.0,,103,0,0,0,674,0,6.956287356299752,0.0,4.327027069382634,4.7344,Average,15,15,372,0,1,1,1,2
2026,6,4,19,6.33,76.0,3,0,0,0,9,4,0,0.0,0.0,0.0,,9,0,0,0,676,0,0.9156369960237631,0.0,7.151699256297347,2.2556,Poor,6,4,19,0,0,0,4,1
2008,11,5,36,12.0,124.13,3,1,0,0,13,0,22,12.09,6.46,11.22,6/14,13,0,6,14,677,0,2.6097405571814343,9.402257268869443,7.342529123104505,7.2012,Very Good,11,5,36,22,0,0,0,1
2008,13,13,349,29.08,113.68,33,15,3,0,91,0,6,21.33,6.4,20.0,2/21,91,0,2,21,678,0,6.708797398396001,4.698252477436716,6.023830826316195,7.7791,Very Good,59,56,1349,10,7,0,0,5
2009,13,11,189,17.18,91.3,13,6,0,0,46,0,2,48.5,8.08,36.0,2/21,46,0,2,21,678,0,4.826925497392979,1.1493925816415558,6.023830826316195,4.3456,Average,59,56,1349,10,7,0,0,5
2010,14,14,493,37.92,117.66,58,15,4,0,88,0,0,0.0,0.0,0.0,,88,0,0,0,678,0,7.613095412164511,0.0,6.023830826316195,6.1542,Good,59,56,1349,10,7,0,0,5
2011,4,3,50,25.0,84.74,3,2,0,0,32*,0,0,0.0,0.0,0.0,,32,1,0,0,678,0,3.455885897780435,0.0,6.023830826316195,3.1879,Below Average,59,56,1349,10,7,0,0,5
2012,15,15,268,17.86,98.89,30,4,0,0,45,0,2,47.5,9.5,30.0,2/21,45,0,2,21,678,0,5.469549904716807,1.0226308954557257,6.023830826316195,5.0997,Average,59,56,1349,10,7,0,0,5
2024,5,3,6,0.0,85.71,1,0,0,0,5*,0,4,37.75,9.43,24.0,25/2,5,1,25,2,679,0,0.0,2.099317029399273,4.947788406014006,1.5394,Poor,9,5,8,5,0,0,1,2
2025,4,2,2,0.0,50.0,0,0,0,0,1*,1,1,133.0,11.73,68.0,42/1,1,1,42,1,679,0,0.0,0.17317841265999975,4.947788406014006,0.8307,Poor,9,5,8,5,0,0,1,2
2011,13,2,13,0.0,162.5,2,0,0,0,11*,0,21,17.52,8.0,13.14,4/14,11,1,4,14,680,0,0.0,7.725417126574411,3.9579207805443803,3.0921,Below Average,29,12,59,34,0,0,0,4
2012,1,1,14,0.0,175.0,3,0,0,0,14*,0,0,0.0,0.0,0.0,,14,1,0,0,680,0,0.0,0.0,3.9579207805443803,0.6429,Poor,29,12,59,34,0,0,0,4
2015,5,1,0,0.0,0.0,0,0,0,0,0*,0,8,16.5,7.33,13.5,4/14,0,1,4,14,680,0,0.0,5.658666029505984,3.9579207805443803,2.3639,Poor,29,12,59,34,0,0,0,4
2017,10,8,32,8.0,80.0,2,0,0,0,9,0,5,55.0,9.01,36.6,4/14,9,0,4,14,680,0,1.5718252879315902,1.9445879079394968,3.9579207805443803,2.118,Poor,29,12,59,34,0,0,0,4
2010,1,1,27,27.0,93.1,3,0,0,0,27,0,0,0.0,0.0,0.0,,27,0,0,0,681,0,2.894698331512016,0.0,3.333018016298663,2.1074,Poor,2,2,31,0,0,0,0,2
2011,1,1,4,4.0,57.14,0,0,0,0,4,0,0,0.0,0.0,0.0,,4,0,0,0,681,0,0.12338284543594205,0.0,3.333018016298663,0.0263,Poor,2,2,31,0,0,0,0,2
2022,2,2,8,4.0,114.28,2,0,0,0,8,0,0,0.0,0.0,0.0,,8,0,0,0,682,0,0.4395585162049725,0.0,6.85171634801522,1.8624,Poor,2,2,8,0,0,0,0,1
2008,1,1,1,1.0,14.28,0,0,0,0,1,0,0,0.0,0.0,0.0,,1,0,0,0,683,0,0.0020125565898887524,0.0,3.6302729301146037,0.2962,Poor,15,9,106,0,1,0,0,4
2011,9,5,83,20.75,112.16,6,3,1,0,64,0,0,0.0,0.0,0.0,,64,0,0,0,683,0,4.247221102966076,0.0,3.6302729301146037,3.0139,Below Average,15,9,106,0,1,0,0,4
2012,4,2,19,0.0,271.42,1,2,0,0,18*,0,0,0.0,0.0,0.0,,18,1,0,0,683,0,0.0,0.0,3.6302729301146037,0.2484,Poor,15,9,106,0,1,0,0,4
2014,1,1,3,3.0,60.0,0,0,0,0,3,0,0,0.0,0.0,0.0,,3,0,0,0,683,0,0.07417425603883662,0.0,3.6302729301146037,0.4861,Poor,15,9,106,0,1,0,0,4
2008,10,10,196,21.77,119.51,27,3,0,0,45,0,0,0.0,0.0,0.0,,45,0,0,0,684,0,5.5725098902363,0.0,7.311723042807013,5.4015,Average,10,10,196,0,0,0,0,1
2012,15,14,362,40.22,135.58,24,14,0,0,47*,0,0,0.0,0.0,0.0,,47,1,0,0,685,0,7.46120056772694,0.0,7.185069645511373,6.9629,Good,103,93,2485,0,11,1,0,9
2013,7,7,159,39.75,120.45,15,4,0,0,41,0,0,0.0,0.0,0.0,,41,0,0,0,685,0,6.128658560222889,0.0,7.185069645511373,5.6427,Good,103,93,2485,0,11,1,0,9
2014,10,7,147,36.75,133.63,13,4,0,0,48*,0,0,0.0,0.0,0.0,,48,1,0,0,685,0,6.054760943966021,0.0,7.185069645511373,5.6206,Good,103,93,2485,0,11,1,0,9
2015,14,12,293,26.63,132.57,33,3,2,0,79*,0,0,0.0,0.0,0.0,,79,1,0,0,685,0,6.556200275433378,0.0,7.185069645511373,6.147,Good,103,93,2485,0,11,1,0,9
2016,8,7,270,45.0,153.4,27,8,0,1,101,0,0,0.0,0.0,0.0,,101,0,0,0,685,0,7.380613764478602,0.0,7.185069645511373,6.5932,Good,103,93,2485,0,11,1,0,9
2017,15,15,472,39.33,121.96,38,12,3,0,84*,0,0,0.0,0.0,0.0,,84,1,0,0,685,0,7.653634675328273,0.0,7.185069645511373,6.9984,Good,103,93,2485,0,11,1,0,9
2019,12,10,319,39.87,116.0,30,4,3,0,73*,0,0,0.0,0.0,0.0,,73,1,0,0,685,0,7.052953842553692,0.0,7.185069645511373,6.3361,Good,103,93,2485,0,11,1,0,9
2020,14,14,311,25.91,131.22,32,9,3,0,69,0,0,0.0,0.0,0.0,,69,0,0,0,685,0,6.586899926112149,0.0,7.185069645511373,6.0317,Good,103,93,2485,0,11,1,0,9
2021,8,7,152,25.33,112.59,13,2,0,0,39,0,0,0.0,0.0,0.0,,39,0,0,0,685,0,5.3482084337036575,0.0,7.185069645511373,5.0166,Average,103,93,2485,0,11,1,0,9
2010,1,1,8,8.0,160.0,1,0,0,0,8,0,0,0.0,0.0,0.0,,8,0,0,0,686,0,0.9944102089650669,0.0,6.061411445265351,1.9474,Poor,95,68,880,22,0,0,0,10
2011,6,2,37,37.0,119.35,2,1,0,0,30,0,0,0.0,0.0,0.0,,30,0,0,0,686,0,4.023697756400835,0.0,6.061411445265351,3.5917,Below Average,95,68,880,22,0,0,0,10
2012,8,6,90,22.5,134.32,9,3,0,0,30,0,3,26.0,7.8,20.0,2/14,30,0,2,14,686,0,4.7096341160464785,2.5309105571352246,6.061411445265351,5.0723,Average,95,68,880,22,0,0,0,10
2013,17,16,293,32.55,147.23,25,12,0,0,41*,0,6,27.0,6.75,24.0,2/14,41,1,2,14,686,0,6.983679539361129,4.060716676450017,6.061411445265351,7.8355,Very Good,95,68,880,22,0,0,0,10
2014,13,12,123,12.3,101.65,4,5,0,0,48*,0,3,21.33,7.11,18.0,2/14,48,1,2,14,686,0,3.943332911456528,3.0419374202278435,6.061411445265351,4.649,Average,95,68,880,22,0,0,0,10
2015,13,8,74,18.5,112.12,7,1,0,0,20,0,4,35.0,7.36,28.5,2/14,20,0,2,14,686,0,3.9407989671699544,2.6123499598329696,6.061411445265351,4.5088,Average,95,68,880,22,0,0,0,10
2016,14,6,63,21.0,161.53,5,4,0,0,21,0,1,134.0,7.88,102.0,2/14,21,0,2,14,686,0,4.3830296036903125,0.25221836202142905,6.061411445265351,4.0135,Average,95,68,880,22,0,0,0,10
2017,8,7,78,15.6,102.63,6,3,0,0,18*,0,4,12.5,8.33,9.0,2/14,18,1,2,14,686,0,3.66947555921648,4.396426987918838,6.061411445265351,4.9639,Average,95,68,880,22,0,0,0,10
2018,7,5,44,8.8,112.82,2,2,0,0,22,0,0,0.0,0.0,0.0,,22,0,0,0,686,0,2.3701486256994024,0.0,6.061411445265351,2.7886,Below Average,95,68,880,22,0,0,0,10
2019,8,5,70,23.33,175.0,5,4,0,0,33*,0,1,44.0,6.28,42.0,2/14,33,1,2,14,686,0,4.776990364968874,0.8609825641135218,6.061411445265351,4.4944,Average,95,68,880,22,0,0,0,10
2008,16,11,192,32.0,147.69,21,8,2,0,64,0,0,0.0,0.0,0.0,,64,0,0,0,687,0,6.373366867646909,0.0,6.362986424416345,5.6635,Good,95,67,1441,0,11,0,0,6
2009,14,11,177,19.66,107.92,20,4,1,0,59*,0,0,0.0,0.0,0.0,,59,1,0,0,687,0,5.150724876770569,0.0,6.362986424416345,4.4508,Average,95,67,1441,0,11,0,0,6
2010,16,15,356,32.36,117.49,41,5,2,0,55*,0,0,0.0,0.0,0.0,,55,1,0,0,687,0,6.93223762481718,0.0,6.362986424416345,5.8431,Good,95,67,1441,0,11,0,0,6
2011,16,13,396,56.57,126.51,38,9,5,0,71*,0,0,0.0,0.0,0.0,,71,1,0,0,687,0,7.969089531229809,0.0,6.362986424416345,6.8077,Good,95,67,1441,0,11,0,0,6
2012,15,9,196,28.0,108.28,23,2,1,0,57,0,0,0.0,0.0,0.0,,57,0,0,0,687,0,5.7844302959315685,0.0,6.362986424416345,5.025,Average,95,67,1441,0,11,0,0,6
2013,18,8,124,17.71,102.47,11,0,0,0,34,0,0,0.0,0.0,0.0,,34,0,0,0,687,0,4.452674544205803,0.0,6.362986424416345,4.0216,Average,95,67,1441,0,11,0,0,6
2010,6,1,3,0.0,75.0,0,0,0,0,3*,0,1,159.0,10.04,95.0,2/18,3,1,2,18,688,0,0.0,0.16936084545220303,7.151699256297347,1.9153,Poor,6,1,3,1,0,0,0,1
2024,4,3,18,9.0,75.0,2,1,0,0,9*,1,0,0.0,0.0,0.0,,9,1,0,0,689,0,1.1215916972651632,0.0,7.03257241222424,2.488,Poor,4,3,18,0,0,0,1,1
2010,5,3,14,7.0,116.66,2,0,0,0,12,0,5,37.0,11.8,18.8,3/36,12,0,3,36,690,0,1.0751617683526509,2.127476214702123,4.605739146766023,2.1278,Poor,7,4,37,5,0,0,0,2
2013,2,1,23,23.0,153.33,4,0,0,0,23,0,0,0.0,0.0,0.0,,23,0,0,0,690,0,3.116188665414148,0.0,4.605739146766023,2.5755,Below Average,7,4,37,5,0,0,0,2
2008,4,2,6,3.0,42.85,0,0,0,0,3,0,1,82.0,8.94,55.0,1/27,3,0,1,27,691,0,0.10478983909293518,0.35644238838385844,7.03257241222424,2.01,Poor,4,2,6,1,0,0,0,1
2012,15,2,9,9.0,128.57,2,0,0,0,9*,0,24,13.5,5.47,14.79,5/19,9,1,5,19,692,0,1.0064947650337763,9.788235520194975,5.985708110230998,5.3763,Average,202,126,1820,207,7,1,15,15
2013,16,6,21,7.0,110.52,0,2,0,0,13,0,22,15.9,5.46,17.45,5/19,13,0,5,19,692,0,1.3609196223981912,9.118098919437955,5.985708110230998,5.2142,Average,202,126,1820,207,7,1,15,15
2014,16,5,10,5.0,71.42,0,0,0,0,6,0,21,19.38,6.35,18.28,5/19,6,0,5,19,692,0,0.4306533395979403,8.066673729119907,5.985708110230998,4.041,Average,202,126,1820,207,7,1,15,15
2015,8,1,0,0.0,0.0,0,0,0,0,0*,0,7,33.42,7.31,27.42,5/19,0,1,5,19,692,0,0.0,3.7687368668855696,5.985708110230998,2.4168,Poor,202,126,1820,207,7,1,15,15
2016,11,4,7,7.0,53.84,0,0,0,0,4,0,11,27.63,7.09,23.36,5/19,4,0,5,19,692,0,0.33021550565877866,5.2664918517570865,5.985708110230998,3.0459,Below Average,202,126,1820,207,7,1,15,15
2017,16,14,224,17.23,172.3,34,10,1,0,54,0,10,41.2,6.98,35.4,5/19,54,0,5,19,692,0,5.940603894501837,4.178442393600879,5.985708110230998,6.6921,Good,202,126,1820,207,7,1,15,15
2018,16,16,357,22.31,189.89,40,23,2,0,75,0,17,27.47,7.65,21.52,5/19,75,0,5,19,692,0,7.08771257311234,6.152236927862186,5.985708110230998,8.4333,Very Good,202,126,1820,207,7,1,15,15
2019,12,9,143,17.87,166.27,17,9,0,0,47,0,10,34.7,7.82,26.6,5/19,47,0,5,19,692,0,5.320585720832716,4.30494726594952,5.985708110230998,6.1723,Good,202,126,1820,207,7,1,15,15
2020,10,9,121,13.44,142.35,10,8,1,0,64,0,5,60.4,7.94,45.6,5/19,64,0,5,19,692,0,4.490957727705498,1.9908323857682142,5.985708110230998,4.5511,Average,202,126,1820,207,7,1,15,15
2021,14,10,62,7.75,131.91,3,5,0,0,26,0,16,22.56,6.44,21.0,5/19,26,0,5,19,692,0,2.810992764068987,6.929463304042085,5.985708110230998,5.4188,Average,202,126,1820,207,7,1,15,15
2022,14,10,71,8.88,177.5,6,6,0,0,22,2,9,34.66,5.57,37.33,21/2,22,0,21,2,692,0,3.5268851918674526,4.83271417292435,5.985708110230998,5.0517,Average,202,126,1820,207,7,1,15,15
2023,14,10,21,3.0,84.0,2,1,0,0,7*,1,11,34.81,7.97,26.18,33/3,7,1,33,3,692,0,0.5990427095847314,4.466551840879785,5.985708110230998,3.1746,Below Average,202,126,1820,207,7,1,15,15
2024,15,14,488,34.86,180.74,50,33,3,1,109,7,17,21.64,6.69,19.41,22/2,109,0,22,2,692,0,8.083646489328519,7.093883997193102,5.985708110230998,9.5067,Excellent,202,126,1820,207,7,1,15,15
2025,12,12,246,22.36,170.83,25,19,0,0,44,3,12,29.25,7.8,22.5,13/3,44,0,13,3,692,0,6.422099186463158,5.1125174234761825,5.985708110230998,7.7401,Very Good,202,126,1820,207,7,1,15,15
2026,13,4,40,13.33,125.0,2,4,0,0,24,2,15,22.6,6.64,20.4,26/2,24,0,26,2,692,0,2.872428925825038,6.6828884951571155,5.985708110230998,5.3844,Average,202,126,1820,207,7,1,15,15
2011,6,5,43,10.75,138.7,6,1,0,0,20,0,0,0.0,0.0,0.0,,20,0,0,0,693,0,2.8249785898484685,0.0,7.151699256297347,3.2961,Below Average,6,5,43,0,0,0,0,1
2008,2,2,4,2.0,50.0,0,0,0,0,4,0,0,0.0,0.0,0.0,,4,0,0,0,694,0,0.0553153012051216,0.0,4.327515961805279,0.7332,Poor,21,20,368,0,2,0,0,3
2009,8,8,115,14.37,123.65,9,8,0,0,43,0,0,0.0,0.0,0.0,,43,0,0,0,694,0,4.322706715044063,0.0,4.327515961805279,3.1739,Below Average,21,20,368,0,2,0,0,3
2011,11,10,249,24.9,130.36,25,10,2,0,62,0,0,0.0,0.0,0.0,,62,0,0,0,694,0,6.212036197896337,0.0,4.327515961805279,4.2199,Average,21,20,368,0,2,0,0,3
2011,8,1,2,2.0,50.0,0,0,0,0,2,0,6,37.16,7.68,29.0,2/24,2,0,2,24,695,0,0.02792882141790685,3.155858901463888,7.240676269710922,2.8663,Below Average,8,1,2,6,0,0,0,1
2008,16,14,421,38.27,142.22,35,18,3,0,55*,0,1,30.0,9.0,20.0,2/0,55,1,2,0,696,0,7.6705054992990815,0.8782669148941065,7.945636119972612,7.7317,Very Good,205,200,5528,25,39,1,0,13
2009,14,14,434,31.0,140.9,37,21,2,0,98,0,7,23.42,5.92,23.71,2/0,98,0,2,0,696,0,7.40439119240982,5.016993487528305,7.945636119972612,9.1952,Excellent,205,200,5528,25,39,1,0,13
2010,16,16,520,47.27,142.85,45,22,4,0,83*,0,6,29.66,7.46,23.83,2/0,83,1,2,0,696,0,8.270352143470483,3.6556871413546017,7.945636119972612,9.318,Excellent,205,200,5528,25,39,1,0,13
2011,16,16,438,31.28,134.76,36,17,4,0,73*,0,4,50.25,7.3,41.25,2/0,73,1,2,0,696,0,7.367371227800467,2.0553789186641334,7.945636119972612,8.1259,Very Good,205,200,5528,25,39,1,0,13
2012,19,18,441,25.94,135.69,36,19,1,0,73,0,2,52.5,7.5,42.0,2/0,73,0,2,0,696,0,7.124127572999935,1.144915754540229,7.945636119972612,7.6575,Very Good,205,200,5528,25,39,1,0,13
2013,18,17,548,42.15,150.13,50,18,4,1,100*,0,1,23.0,11.5,12.0,2/0,100,1,2,0,696,0,8.252789584198014,0.8938883890938686,7.945636119972612,8.2017,Very Good,205,200,5528,25,39,1,0,13
2014,16,16,523,40.23,146.08,51,19,5,0,87,0,1,134.0,7.44,108.0,2/0,87,0,2,0,696,0,8.08313181187302,0.26644320847602526,7.945636119972612,7.9736,Very Good,205,200,5528,25,39,1,0,13
2015,17,17,374,24.93,123.02,31,16,2,0,62,0,2,46.5,7.75,36.0,2/0,62,0,2,0,696,0,6.700638285308496,1.2305425397852192,7.945636119972612,7.1297,Very Good,205,200,5528,25,39,1,0,13
2016,15,15,399,28.5,127.88,39,10,3,0,75,0,0,0.0,0.0,0.0,,75,0,0,0,696,0,7.032715667374041,0.0,7.945636119972612,6.8345,Good,205,200,5528,25,39,1,0,13
2017,14,14,442,40.18,143.97,42,13,3,0,84,0,1,102.0,8.5,72.0,2/0,84,0,2,0,696,0,7.824458491866166,0.30427470874061996,7.945636119972612,7.758,Very Good,205,200,5528,25,39,1,0,13
2018,15,15,445,37.08,132.44,46,12,4,0,75*,0,0,0.0,0.0,0.0,,75,1,0,0,696,0,7.60396236324253,0.0,7.945636119972612,7.3678,Very Good,205,200,5528,25,39,1,0,13
2019,17,17,383,23.93,121.97,45,9,3,0,59,0,0,0.0,0.0,0.0,,59,0,0,0,696,0,6.664665125982179,0.0,7.945636119972612,6.6044,Good,205,200,5528,25,39,1,0,13
2021,12,11,160,17.77,125.0,13,9,1,0,54,0,0,0.0,0.0,0.0,,54,0,0,0,696,0,5.075047890171334,0.0,7.945636119972612,5.3332,Average,205,200,5528,25,39,1,0,13
2025,16,16,717,65.18,167.91,69,38,5,0,73*,6,0,0.0,0.0,0.0,,73,1,0,0,697,0,9.402287553507861,0.0,4.887755798033616,7.0871,Very Good,29,29,987,0,7,0,9,2
2026,13,13,270,20.77,147.54,28,10,2,0,60,3,0,0.0,0.0,0.0,,60,0,0,0,697,0,6.244654350704552,0.0,4.887755798033616,4.6205,Average,29,29,987,0,7,0,9,2
2014,16,10,164,32.8,140.17,16,5,0,0,34,0,0,0.0,0.0,0.0,,34,0,0,0,698,0,6.115298473039323,0.0,7.051307924177594,5.5534,Good,149,134,3594,0,24,2,13,11
2015,13,13,157,17.44,138.93,12,8,0,0,46*,0,0,0.0,0.0,0.0,,46,1,0,0,698,0,5.168389615627909,0.0,7.051307924177594,4.8905,Average,149,134,3594,0,24,2,13,11
2016,15,11,182,26.0,127.27,18,5,1,0,60,0,0,0.0,0.0,0.0,,60,0,0,0,698,0,5.802982885493858,0.0,7.051307924177594,5.3065,Average,149,134,3594,0,24,2,13,11
2017,10,7,105,17.5,119.31,8,3,0,0,31,0,0,0.0,0.0,0.0,,31,0,0,0,698,0,4.417457234810711,0.0,7.051307924177594,4.3872,Average,149,134,3594,0,24,2,13,11
2018,14,14,512,36.57,133.33,61,16,4,0,72,0,0,0.0,0.0,0.0,,72,0,0,0,698,0,7.790878078944333,0.0,7.051307924177594,7.1213,Very Good,149,134,3594,0,24,2,13,11
2019,16,15,424,32.61,130.86,45,10,2,0,71*,0,0,0.0,0.0,0.0,,71,1,0,0,698,0,7.33901911020433,0.0,7.051307924177594,6.6089,Good,149,134,3594,0,24,2,13,11
2020,16,15,480,40.0,145.01,61,11,4,0,79*,0,0,0.0,0.0,0.0,,79,1,0,0,698,0,7.944149919041865,0.0,7.051307924177594,6.8892,Good,149,134,3594,0,24,2,13,11
2021,14,14,317,22.64,143.43,40,10,2,0,82,0,0,0.0,0.0,0.0,,82,0,0,0,698,0,6.549419150700756,0.0,7.051307924177594,5.8954,Good,149,134,3594,0,24,2,13,11
2022,8,8,303,43.29,145.67,23,16,3,0,68*,3,0,0.0,0.0,0.0,,68,1,0,0,698,0,7.415497380996532,0.0,7.051307924177594,6.7767,Good,149,134,3594,0,24,2,13,11
2023,16,16,605,43.21,181.13,65,28,5,1,103*,6,0,0.0,0.0,0.0,,103,1,0,0,698,0,8.691036107874664,0.0,7.051307924177594,7.8889,Very Good,149,134,3594,0,24,2,13,11
2024,11,11,345,34.5,167.47,36,18,3,1,102*,4,0,0.0,0.0,0.0,,102,1,0,0,698,0,7.474865060896601,0.0,7.051307924177594,6.7406,Good,149,134,3594,0,24,2,13,11
2025,5,3,7,2.33,63.63,0,0,0,0,4,1,0,0.0,0.0,0.0,,4,0,0,0,699,0,0.13926048414691575,0.0,3.4853002516004565,0.4702,Poor,12,10,165,0,1,0,4,2
2026,7,7,158,39.5,175.55,9,12,1,0,57,3,0,0.0,0.0,0.0,,57,0,0,0,699,0,6.636538064600436,0.0,3.4853002516004565,4.2643,Average,12,10,165,0,1,0,4,2
2026,2,1,1,0.0,33.33,0,0,0,0,1*,0,2,33.5,10.57,19.0,21/2,1,1,21,2,700,0,0.0,1.2481308633224182,6.85171634801522,2.2469,Poor,2,1,1,2,0,0,0,1
2022,5,5,67,13.4,113.55,7,2,0,0,34,5,0,0.0,0.0,0.0,,34,0,0,0,701,0,3.406616326908533,0.0,5.147935296589505,3.0343,Below Average,11,10,126,0,0,0,10,3
2023,5,4,35,8.75,120.68,1,2,0,0,19,5,0,0.0,0.0,0.0,,19,0,0,0,701,0,2.181365944770248,0.0,5.147935296589505,2.4645,Poor,11,10,126,0,0,0,10,3
2024,1,1,24,24.0,133.33,3,0,0,0,24,0,0,0.0,0.0,0.0,,24,0,0,0,701,0,3.047785814712003,0.0,5.147935296589505,2.8092,Below Average,11,10,126,0,0,0,10,3
2008,9,9,311,34.55,133.47,43,6,2,0,60,0,0,0.0,0.0,0.0,,60,0,0,0,703,0,7.013273616180067,0.0,4.3567749325172755,4.9554,Average,20,20,423,0,2,0,0,4
2009,8,8,98,12.25,105.37,11,4,0,0,44,0,0,0.0,0.0,0.0,,44,0,0,0,703,0,3.686277833801659,0.0,4.3567749325172755,2.8229,Below Average,20,20,423,0,2,0,0,4
2010,2,2,5,2.5,125.0,1,0,0,0,5,0,0,0.0,0.0,0.0,,5,0,0,0,703,0,0.20475881131298218,0.0,4.3567749325172755,0.7253,Poor,20,20,423,0,2,0,0,4
2011,1,1,9,9.0,100.0,1,0,0,0,9,0,0,0.0,0.0,0.0,,9,0,0,0,703,0,0.8368040894961805,0.0,4.3567749325172755,1.3397,Poor,20,20,423,0,2,0,0,4
2016,1,1,0,0.0,0.0,0,0,0,0,0*,0,0,0.0,0.0,0.0,,0,1,0,0,704,0,0.0,0.0,3.675912478233844,0.3714,Poor,14,9,51,7,0,0,2,4
2017,4,2,12,6.0,63.15,0,0,0,0,10,0,1,61.0,8.71,42.0,1/14,10,0,1,14,704,0,0.5285828782140202,0.4806964264861712,3.675912478233844,0.9174,Poor,14,9,51,7,0,0,2,4
2023,2,1,2,0.0,50.0,0,0,0,0,2*,0,0,0.0,0.0,0.0,,2,1,0,0,704,0,0.0,0.0,3.675912478233844,0.3817,Poor,14,9,51,7,0,0,2,4
2024,7,5,37,18.5,176.19,3,3,0,0,15*,2,6,22.16,8.86,15.0,28/2,15,1,28,2,704,0,3.6240169869238406,3.9029273518340286,3.675912478233844,3.7374,Below Average,14,9,51,7,0,0,2,4
2011,5,2,15,0.0,125.0,2,0,0,0,13*,0,5,25.4,8.46,18.0,2/15,13,1,2,15,705,0,0.0,3.3505541376157177,4.014755076001426,1.7636,Poor,9,4,25,8,0,0,0,2
2013,4,2,10,5.0,76.92,1,0,0,0,9,0,3,30.33,9.1,20.0,2/15,9,0,2,15,705,0,0.45894686847520516,2.0507167027358237,4.014755076001426,1.7225,Poor,9,4,25,8,0,0,0,2
2020,16,3,3,0.0,60.0,0,0,0,0,3*,0,16,31.5,8.02,23.56,2/24,3,1,2,24,706,0,0.0,5.5537781571053335,5.66462613955934,3.0158,Below Average,26,4,4,21,0,0,2,2
2026,10,1,1,0.0,50.0,0,0,0,0,1*,2,5,71.2,11.18,38.2,29/3,1,1,29,3,706,0,0.0,1.3586804705489544,5.66462613955934,1.6173,Poor,26,4,4,21,0,0,2,2
2021,1,1,2,0.0,50.0,0,0,0,0,2*,0,0,0.0,0.0,0.0,,2,1,0,0,708,0,0.0,0.0,6.708162813864161,1.6754,Poor,1,1,2,0,0,0,0,1
2008,5,2,8,8.0,80.0,0,0,0,0,7,0,0,0.0,0.0,0.0,,7,0,0,0,709,0,0.5830895067611672,0.0,2.980847295179529,0.6637,Poor,7,3,8,0,0,0,0,2
2009,2,1,0,0.0,0.0,0,0,0,0,0*,0,0,0.0,0.0,0.0,,0,1,0,0,709,0,0.0,0.0,2.980847295179529,0.0183,Poor,7,3,8,0,0,0,0,2
2024,1,1,24,24.0,77.41,3,0,0,0,24,0,0,0.0,0.0,0.0,,24,0,0,0,710,0,2.393706975828417,0.0,6.708162813864161,2.8291,Below Average,1,1,24,0,0,0,0,1
2008,2,2,10,5.0,66.66,0,1,0,0,7,0,0,0.0,0.0,0.0,,7,0,0,0,711,0,0.40569985372222106,0.0,3.353061745889673,0.6902,Poor,4,4,11,0,0,0,0,2
2009,2,2,1,1.0,25.0,0,0,0,0,1,0,0,0.0,0.0,0.0,,1,0,0,0,711,0,0.003521498441860856,0.0,3.353061745889673,0.2316,Poor,4,4,11,0,0,0,0,2
2008,3,3,31,10.33,119.23,3,0,0,0,15,0,0,0.0,0.0,0.0,,15,0,0,0,712,0,2.217621092807461,0.0,6.953569201408803,2.964,Below Average,3,3,31,0,0,0,0,1
2026,2,2,12,6.0,80.0,2,0,0,0,11,1,0,0.0,0.0,0.0,,11,0,0,0,713,0,0.6415583723100932,0.0,6.85171634801522,2.0751,Poor,2,2,12,0,0,0,1,1
2013,1,1,10,10.0,58.82,0,0,0,0,10,0,0,0.0,0.0,0.0,,10,0,0,0,714,0,0.6524340880430736,0.0,6.708162813864161,2.1489,Poor,1,1,10,0,0,0,0,1
2009,2,2,2,2.0,28.57,0,0,0,0,1*,0,3,20.0,7.5,16.0,2/16,1,1,2,16,715,0,0.01602618694149032,3.062306780185496,3.532032881395044,1.453,Poor,6,4,12,8,0,0,0,2
2010,4,2,10,10.0,90.9,0,0,0,0,8,0,5,20.2,6.96,17.4,2/16,8,0,2,16,715,0,0.9119095344030209,4.227225747572649,3.532032881395044,2.441,Poor,6,4,12,8,0,0,0,2
2011,4,2,23,11.5,85.18,4,0,0,0,22,0,2,55.5,7.92,42.0,3/20,22,0,3,20,716,0,1.6636331843035221,1.0453042274908433,4.739308768540655,2.282,Poor,36,30,422,31,0,0,0,5
2012,2,2,4,4.0,44.44,0,0,0,0,4*,0,0,0.0,0.0,0.0,,4,1,0,0,716,0,0.09687743476928536,0.0,4.739308768540655,0.8815,Poor,36,30,422,31,0,0,0,5
2013,16,14,233,23.3,142.94,12,14,0,0,40,0,19,25.15,8.01,18.84,3/20,40,0,3,20,716,0,6.155345121258443,6.5360673107877165,4.739308768540655,7.4218,Very Good,36,30,422,31,0,0,0,5
2015,2,2,12,6.0,80.0,0,1,0,0,9,0,1,55.0,9.16,36.0,3/20,9,0,3,20,716,0,0.6415583723100932,0.5047025770884275,4.739308768540655,1.4993,Poor,36,30,422,31,0,0,0,5
2016,12,10,150,21.42,161.29,7,11,0,0,34,0,9,36.22,9.82,22.11,3/20,34,0,3,20,716,0,5.594806579499258,3.5160672000260202,4.739308768540655,5.6164,Good,36,30,422,31,0,0,0,5
2022,14,14,397,36.09,131.02,29,16,2,0,61,10,0,0.0,0.0,0.0,,61,0,0,0,717,0,7.390670506215995,0.0,7.310936704668819,6.7308,Good,52,52,1515,0,8,1,35,4
2023,11,11,343,42.88,164.11,26,23,1,0,84*,4,0,0.0,0.0,0.0,,84,1,0,0,717,0,7.743531676704913,0.0,7.310936704668819,6.8952,Good,52,52,1515,0,8,1,35,4
2024,13,13,416,41.6,149.64,35,19,3,0,65,9,0,0.0,0.0,0.0,,65,0,0,0,717,0,7.842347992636752,0.0,7.310936704668819,7.2101,Very Good,52,52,1515,0,8,1,35,4
2026,14,14,359,29.92,145.93,30,17,2,1,101*,12,0,0.0,0.0,0.0,,101,1,0,0,717,0,7.1378227503628935,0.0,7.310936704668819,6.6295,Good,52,52,1515,0,8,1,35,4
2008,7,7,104,17.33,131.64,14,3,0,0,33,0,0,0.0,0.0,0.0,,33,0,0,0,718,0,4.524214081960959,0.0,5.444341350255,3.7658,Below Average,38,37,735,4,5,0,0,5
2010,6,6,44,7.33,83.01,6,0,0,0,17,0,3,23.33,8.57,16.33,1/30,17,0,1,30,718,0,1.83651650456189,2.5546156213505244,5.444341350255,3.0146,Below Average,38,37,735,4,5,0,0,5
2011,10,10,226,28.25,125.55,33,3,2,0,59*,0,1,108.0,9.0,72.0,1/30,59,1,1,30,718,0,6.200490564885333,0.27296075196236497,5.444341350255,4.9084,Average,38,37,735,4,5,0,0,5
2012,10,9,285,35.62,109.19,33,5,3,0,76*,0,0,0.0,0.0,0.0,,76,1,0,0,718,0,6.652843825506832,0.0,5.444341350255,5.2038,Average,38,37,735,4,5,0,0,5
2013,5,5,76,15.2,81.72,12,0,0,0,33,0,0,0.0,0.0,0.0,,33,0,0,0,718,0,3.3082416405498334,0.0,5.444341350255,3.0032,Below Average,38,37,735,4,5,0,0,5
2021,1,1,1,1.0,33.33,0,0,0,0,1,0,0,0.0,0.0,0.0,,1,0,0,0,719,0,0.004692911457903685,0.0,5.631655638915011,1.1811,Poor,66,59,1151,0,2,0,32,6
2022,8,8,186,37.2,216.27,12,16,0,0,46,6,0,0.0,0.0,0.0,,46,0,0,0,719,0,7.072815688629616,0.0,5.631655638915011,5.5871,Good,66,59,1151,0,2,0,32,6
2023,16,15,231,25.67,158.21,12,15,0,0,45*,10,0,0.0,0.0,0.0,,45,1,0,0,719,0,6.419852263840143,0.0,5.631655638915011,5.226,Average,66,59,1151,0,2,0,32,6
2024,13,11,241,30.13,158.55,14,15,0,0,45*,6,0,0.0,0.0,0.0,,45,1,0,0,719,0,6.705830680143343,0.0,5.631655638915011,5.189,Average,66,59,1151,0,2,0,32,6
2025,12,9,187,62.33,185.14,16,14,1,0,50*,7,0,0.0,0.0,0.0,,50,1,0,0,719,0,7.586248060872478,0.0,5.631655638915011,6.0362,Good,66,59,1151,0,2,0,32,6
2026,16,15,305,33.89,188.27,22,23,1,0,70*,3,0,0.0,0.0,0.0,,70,1,0,0,719,0,7.441188685541968,0.0,5.631655638915011,5.7628,Good,66,59,1151,0,2,0,32,6
2011,2,2,10,5.0,38.46,0,0,0,0,8,0,0,0.0,0.0,0.0,,8,0,0,0,720,0,0.2480599545072521,0.0,6.85171634801522,1.9049,Poor,2,2,10,0,0,0,0,1
2021,1,1,2,2.0,50.0,0,0,0,0,2,0,0,0.0,0.0,0.0,,2,0,0,0,721,0,0.02792882141790685,0.0,4.157125090024659,0.5838,Poor,6,6,45,0,0,0,3,3
2022,2,2,24,12.0,126.31,4,0,0,0,21,1,0,0.0,0.0,0.0,,21,0,0,0,721,0,2.163808063454811,0.0,4.157125090024659,1.8127,Poor,6,6,45,0,0,0,3,3
2026,3,3,19,6.33,105.55,2,1,0,0,19,2,0,0.0,0.0,0.0,,19,0,0,0,721,0,1.1558423340756534,0.0,4.157125090024659,1.3957,Poor,6,6,45,0,0,0,3,3
2014,3,1,4,4.0,100.0,1,0,0,0,4,0,0,0.0,0.0,0.0,,4,0,0,0,722,0,0.20932554836260303,0.0,4.855483998813004,0.9422,Poor,47,20,120,41,0,0,3,8
2015,7,3,13,13.0,144.44,1,0,0,0,7*,0,6,41.16,8.82,28.0,3/24,7,1,3,24,722,0,1.7428834785671101,2.7194101391202046,4.855483998813004,2.621,Below Average,47,20,120,41,0,0,3,8
2016,11,4,30,10.0,157.89,1,2,0,0,25,0,9,36.55,7.65,28.66,3/24,25,0,3,24,722,0,2.4637344446204343,4.012647943529726,4.855483998813004,3.6259,Below Average,47,20,120,41,0,0,3,8
2017,3,1,7,7.0,233.33,0,1,0,0,7,0,3,32.0,9.6,20.0,3/24,7,0,3,24,722,0,1.075194012019939,1.8992423399894403,4.855483998813004,2.3343,Poor,47,20,120,41,0,0,3,8
2018,8,4,52,26.0,113.04,5,1,0,0,36*,0,5,52.2,9.0,34.8,3/24,36,1,3,24,722,0,3.9350749262419162,2.0202825713530874,4.855483998813004,3.9333,Below Average,47,20,120,41,0,0,3,8
2019,3,1,9,0.0,100.0,0,0,0,0,9*,0,1,118.0,13.11,54.0,3/24,9,1,3,24,722,0,0.0,0.17460100273641832,4.855483998813004,0.9305,Poor,47,20,120,41,0,0,3,8
2021,3,1,3,3.0,60.0,0,0,0,0,3,0,3,31.66,7.91,24.0,3/24,3,0,3,24,722,0,0.07417425603883662,2.195155593291973,4.855483998813004,1.7558,Poor,47,20,120,41,0,0,3,8
2022,9,5,2,0.5,16.66,0,0,0,0,1*,3,14,19.64,7.85,15.0,20/3,1,1,20,3,722,0,0.0023477036545492547,6.4406890371725725,4.855483998813004,3.0599,Below Average,47,20,120,41,0,0,3,8
2009,12,12,237,23.7,124.73,18,8,0,0,41*,0,5,21.6,7.2,18.0,2/14,41,1,2,14,723,0,6.01309389059311,4.010151163171363,5.172468558974476,6.3878,Good,43,40,676,6,2,0,0,5
2010,14,14,307,34.11,119.45,23,12,2,0,78*,0,0,0.0,0.0,0.0,,78,1,0,0,723,0,6.821850001467331,0.0,5.172468558974476,5.2258,Average,43,40,676,6,2,0,0,5
2011,8,7,65,10.83,127.45,5,5,0,0,36,0,0,0.0,0.0,0.0,,36,0,0,0,723,0,3.24349572902699,0.0,5.172468558974476,2.827,Below Average,43,40,676,6,2,0,0,5
2012,2,2,15,7.5,78.94,1,1,0,0,10,0,0,0.0,0.0,0.0,,10,0,0,0,723,0,0.8963649012008935,0.0,5.172468558974476,1.6493,Poor,43,40,676,6,2,0,0,5
2013,7,5,52,10.4,89.65,8,0,0,0,23,0,1,15.0,7.5,12.0,2/14,23,0,2,14,723,0,2.490900929530059,1.7727752843631488,5.172468558974476,3.0366,Below Average,43,40,676,6,2,0,0,5
2020,2,2,18,9.0,90.0,1,1,0,0,10,0,0,0.0,0.0,0.0,,10,0,0,0,724,0,1.2684039153042959,0.0,6.85171634801522,2.3149,Poor,2,2,18,0,0,0,0,1
2018,5,4,23,7.66,82.14,3,0,0,0,18,0,6,19.66,11.6,10.16,3/29,18,0,3,29,725,0,1.2621602745328906,3.594364181434911,4.243584923853314,2.6098,Below Average,13,10,127,13,1,0,0,3
2020,5,4,83,83.0,133.87,5,3,1,0,54*,0,3,69.33,11.44,36.33,3/29,54,1,3,29,725,0,6.395972702907939,0.8942401008752745,4.243584923853314,4.8784,Average,13,10,127,13,1,0,0,3
2021,3,2,21,21.0,123.52,2,0,0,0,21,0,4,26.0,9.17,17.0,3/29,21,0,3,29,725,0,2.628417540412764,2.74551588873796,4.243584923853314,3.0775,Below Average,13,10,127,13,1,0,0,3
2024,4,3,48,16.0,88.88,7,1,0,0,20,1,0,0.0,0.0,0.0,,20,0,0,0,726,0,2.9017431992647955,0.0,7.03257241222424,3.4461,Below Average,4,3,48,0,0,0,1,1
2011,5,5,75,15.0,129.31,9,2,0,0,27,0,0,0.0,0.0,0.0,,27,0,0,0,727,0,3.869873594017625,0.0,7.0971227355598625,4.0146,Average,5,5,75,0,0,0,0,1
2016,3,3,54,27.0,135.0,3,2,0,0,37,0,0,0.0,0.0,0.0,,37,0,0,0,728,0,4.272418784891344,0.0,6.141010179902,3.8429,Below Average,53,52,1556,3,10,1,3,5
2017,7,7,151,30.2,139.81,9,6,1,0,75*,0,2,40.5,10.12,24.0,2/30,75,1,2,30,728,0,5.882085465004554,1.1077638033451611,6.141010179902,5.4602,Average,53,52,1556,3,10,1,3,5
2024,15,15,567,40.5,191.55,64,32,4,1,102,0,0,0.0,0.0,0.0,,102,0,0,0,728,0,8.587312522366966,0.0,6.141010179902,7.0616,Very Good,53,52,1556,3,10,1,3,5
2025,13,12,374,31.17,162.6,50,15,3,0,76,3,0,0.0,0.0,0.0,,76,0,0,0,728,0,7.404283067564469,0.0,6.141010179902,6.0332,Good,53,52,1556,3,10,1,3,5
2026,15,15,410,27.33,170.12,46,23,2,0,76,0,1,7.0,7.0,6.0,7/1,76,0,7,1,728,0,7.412197469179981,3.099975350122893,6.141010179902,7.8061,Very Good,53,52,1556,3,10,1,3,5
2017,6,1,5,0.0,62.5,0,0,0,0,5*,0,5,43.2,9.06,28.6,4/18,5,1,4,18,729,0,0.0,2.294264473584131,5.098092217957293,1.9448,Poor,117,31,93,135,0,0,11,10
2018,14,1,0,0.0,0.0,0,0,0,0,0*,0,18,25.88,8.84,17.55,4/18,0,1,4,18,729,0,0.0,6.083380721998926,5.098092217957293,2.8496,Below Average,117,31,93,135,0,0,11,10
2019,5,3,7,7.0,175.0,0,1,0,0,6,0,5,32.6,8.57,22.8,4/18,6,0,4,18,729,0,0.8733389592411744,2.859685545846631,5.098092217957293,2.5477,Below Average,117,31,93,135,0,0,11,10
2020,15,1,0,0.0,0.0,0,0,0,0,0*,0,25,18.28,7.97,13.76,4/18,0,1,4,18,729,0,0.0,8.081310230801472,5.098092217957293,3.5196,Below Average,117,31,93,135,0,0,11,10
2021,14,4,1,0.0,25.0,0,0,0,0,1*,0,13,31.23,7.9,23.69,4/18,1,1,4,18,729,0,0.0,5.116743438535417,5.098092217957293,2.6525,Below Average,117,31,93,135,0,0,11,10
2022,16,8,40,20.0,137.93,2,1,0,0,17*,2,16,30.75,7.93,23.25,18/2,17,1,18,2,729,0,3.508648681143338,5.639160279435796,5.098092217957293,5.0048,Average,117,31,93,135,0,0,11,10
2023,10,4,16,16.0,114.28,1,1,0,0,15,3,13,24.0,8.21,17.53,29/3,15,0,29,3,729,0,1.9286820605598733,5.652461012381027,5.098092217957293,3.9903,Below Average,117,31,93,135,0,0,11,10
2024,16,5,14,7.0,87.5,2,0,0,0,12,4,16,27.68,8.3,20.0,22/3,12,0,22,3,729,0,0.8733389592411744,5.783825282725407,5.098092217957293,3.2755,Below Average,117,31,93,135,0,0,11,10
2025,16,2,2,2.0,66.66,0,0,0,0,1*,1,22,23.5,8.96,15.72,26/4,1,1,26,4,729,0,0.037113199714171013,6.795322989807751,5.098092217957293,3.2453,Below Average,117,31,93,135,0,0,11,10
2026,5,2,8,8.0,200.0,0,1,0,0,7*,1,2,94.0,11.62,48.5,41/1,7,1,41,1,729,0,1.1623835776615392,0.46868113192691235,5.098092217957293,1.9405,Poor,117,31,93,135,0,0,11,10
2022,2,2,2,1.0,50.0,0,0,0,0,2,0,0,0.0,0.0,0.0,,2,0,0,0,730,0,0.014033542584565645,0.0,4.979298735930098,0.9472,Poor,46,43,980,4,5,0,24,5
2023,2,2,25,12.5,80.64,2,0,0,0,20,0,1,14.0,7.0,12.0,14/1,20,0,14,1,730,0,1.7748822777167907,1.9603995047929437,4.979298735930098,2.5396,Below Average,46,43,980,4,5,0,24,5
2024,14,13,378,54.0,190.9,24,26,3,0,71*,7,3,5.0,7.5,4.0,11/2,71,1,11,2,730,0,8.416814179381012,6.124613560370992,4.979298735930098,9.0756,Excellent,46,43,980,4,5,0,24,5
2025,14,13,300,50.0,150.75,25,11,0,0,41*,10,0,0.0,0.0,0.0,,41,1,0,0,730,0,7.6519056308580025,0.0,4.979298735930098,5.7587,Good,46,43,980,4,5,0,24,5
2026,14,13,275,34.38,127.31,18,9,2,0,60*,7,0,0.0,0.0,0.0,,60,1,0,0,730,0,6.7680390131879085,0.0,4.979298735930098,5.059,Average,46,43,980,4,5,0,24,5
2020,5,2,21,21.0,175.0,2,1,0,0,20*,0,3,64.0,11.29,34.0,2/37,20,1,2,37,731,0,3.053897030243154,0.9679749920232434,5.027777172370667,2.8799,Below Average,22,8,54,16,0,0,4,3
2025,10,4,7,7.0,87.5,0,0,0,0,3,2,9,37.77,10.62,21.33,44/3,3,0,44,3,731,0,0.5032161414223412,3.2800394062793945,5.027777172370667,2.3173,Poor,22,8,54,16,0,0,4,3
2026,7,2,26,13.0,185.71,0,3,0,0,25,2,4,68.75,11.95,34.5,24/1,25,0,24,1,731,0,2.799166258854553,1.1057129682855078,5.027777172370667,3.0262,Below Average,22,8,54,16,0,0,4,3
2017,5,3,8,2.66,72.72,0,1,0,0,6,0,5,30.6,8.57,21.4,2/31,6,0,2,31,732,0,0.20292572075845058,2.974179505983842,7.0971227355598625,2.8651,Below Average,5,3,8,5,0,0,0,1
2009,2,2,11,5.5,68.75,0,1,0,0,11,0,1,40.0,6.66,36.0,1/30,11,0,1,30,733,0,0.4905115108301725,0.8884289084870461,6.85171634801522,2.1578,Poor,2,2,11,1,0,0,0,1
2013,2,1,7,7.0,50.0,1,0,0,0,7,0,0,0.0,0.0,0.0,,7,0,0,0,734,0,0.3090598530095944,0.0,6.85171634801522,2.0349,Poor,2,1,7,0,0,0,0,1
2008,6,4,39,13.0,205.26,1,5,0,0,24,0,12,15.33,8.17,11.25,4/23,24,0,4,23,735,0,3.433095881664494,6.575754589814217,7.151699256297347,6.3939,Good,6,4,39,12,0,0,0,1
2010,7,1,3,0.0,75.0,0,0,0,0,3*,0,6,30.66,7.66,24.0,4/24,3,1,4,24,736,0,0.0,3.5352660190676466,5.4713087173141846,2.4536,Poor,148,52,208,144,0,0,7,14
2011,7,2,1,1.0,20.0,0,0,0,0,1*,0,2,84.5,9.38,54.0,4/24,1,1,4,24,736,0,0.0028179018230102904,0.6271903755049736,5.4713087173141846,1.3916,Poor,148,52,208,144,0,0,7,14
2012,17,3,2,1.0,28.57,0,0,0,0,1*,0,19,23.84,7.42,19.26,4/24,1,1,4,24,736,0,0.008035856931543886,6.865679422388124,5.4713087173141846,3.2746,Below Average,148,52,208,144,0,0,7,14
2013,16,8,38,38.0,100.0,3,1,0,0,12*,0,16,31.75,8.78,21.68,4/24,12,1,4,24,736,0,3.860099423345931,5.318421996966825,5.4713087173141846,5.4249,Average,148,52,208,144,0,0,7,14
2014,12,1,2,2.0,50.0,0,0,0,0,2,0,11,33.36,8.15,24.54,4/24,2,0,4,24,736,0,0.02792882141790685,4.511638787336733,5.4713087173141846,2.5323,Below Average,148,52,208,144,0,0,7,14
2015,12,4,29,29.0,207.14,5,1,0,0,24*,0,10,38.2,9.09,25.2,4/24,24,1,4,24,736,0,4.109029575195847,3.77920394853055,5.4713087173141846,4.7384,Average,148,52,208,144,0,0,7,14
2016,9,2,9,9.0,180.0,0,1,0,0,7*,0,10,23.4,9.0,15.6,4/24,7,1,4,24,736,0,1.2684039153042959,4.874969455815659,5.4713087173141846,3.3423,Below Average,148,52,208,144,0,0,7,14
2017,14,4,10,0.0,76.92,0,0,0,0,4*,0,17,24.11,8.45,17.11,4/24,4,1,4,24,736,0,0.0,6.2292883823944445,5.4713087173141846,3.1562,Below Average,148,52,208,144,0,0,7,14
2018,14,5,3,0.75,27.27,0,0,0,0,1*,0,20,20.9,7.86,15.95,4/24,1,1,4,24,736,0,0.00862717254326935,7.186847793270078,5.4713087173141846,3.2714,Below Average,148,52,208,144,0,0,7,14
2019,11,7,25,12.5,100.0,3,1,0,0,14,0,8,46.37,9.8,28.37,4/24,14,0,4,24,736,0,1.9985723718407975,2.8303534443422285,5.4713087173141846,3.0044,Below Average,148,52,208,144,0,0,7,14
2020,2,1,0,0.0,0.0,0,0,0,0,0*,0,0,0.0,0.0,0.0,,0,1,0,0,736,0,0.0,0.0,5.4713087173141846,1.1883,Poor,148,52,208,144,0,0,7,14
2022,12,7,55,13.75,137.5,4,4,0,0,21,3,16,21.18,7.06,18.0,23/4,21,0,23,4,736,0,3.432076136205664,6.855968608725557,5.4713087173141846,5.6084,Good,148,52,208,144,0,0,7,14
2023,8,5,19,9.5,105.55,1,0,0,0,6*,3,1,189.0,9.94,114.0,27/1,6,1,27,1,736,0,1.5041405217859833,0.14455925239980974,5.4713087173141846,2.0947,Poor,148,52,208,144,0,0,7,14
2024,7,2,12,12.0,80.0,0,1,0,0,10*,1,8,26.25,10.0,15.75,22/2,10,1,22,2,736,0,1.080896113770619,3.897188667417169,5.4713087173141846,2.8441,Below Average,148,52,208,144,0,0,7,14
2022,14,4,4,4.0,50.0,0,0,0,0,3*,3,22,20.18,9.03,13.4,25/5,3,1,25,5,737,0,0.10854272727951482,7.16522151942252,3.881585260793429,2.8392,Below Average,22,6,23,27,0,0,4,2
2023,8,2,19,19.0,237.5,1,2,0,0,19*,1,5,43.4,10.85,24.0,32/2,19,1,32,2,737,0,3.1860370976165333,2.016953996131612,3.881585260793429,2.9956,Below Average,22,6,23,27,0,0,4,2
2011,2,2,2,1.0,16.66,0,0,0,0,2,0,0,0.0,0.0,0.0,,2,0,0,0,738,0,0.0046915057829221285,0.0,4.24689901126528,0.7106,Poor,21,20,300,0,1,0,0,6
2012,2,2,36,18.0,105.88,2,3,0,0,18,0,0,0.0,0.0,0.0,,18,0,0,0,738,0,2.9080438367515002,0.0,4.24689901126528,2.3448,Poor,21,20,300,0,1,0,0,6
2013,9,9,158,17.55,100.0,17,4,0,0,41,0,0,0.0,0.0,0.0,,41,0,0,0,738,0,4.735855771528709,0.0,4.24689901126528,3.441,Below Average,21,20,300,0,1,0,0,6
2014,1,1,2,2.0,22.22,0,0,0,0,2,0,0,0.0,0.0,0.0,,2,0,0,0,738,0,0.012479895424469525,0.0,4.24689901126528,0.5902,Poor,21,20,300,0,1,0,0,6
2015,6,5,102,20.4,122.89,13,2,1,0,58,0,0,0.0,0.0,0.0,,58,0,0,0,738,0,4.625722912659615,0.0,4.24689901126528,3.1983,Below Average,21,20,300,0,1,0,0,6
2016,1,1,0,0.0,0.0,0,0,0,0,0*,0,0,0.0,0.0,0.0,,0,1,0,0,738,0,0.0,0.0,4.24689901126528,0.7547,Poor,21,20,300,0,1,0,0,6
2025,3,3,68,22.67,212.5,5,6,0,0,37,2,0,0.0,0.0,0.0,,37,0,0,0,739,0,4.9633676207375945,0.0,5.741484528788266,4.1409,Average,10,10,197,0,1,0,8,2
2026,7,7,129,18.43,201.56,6,14,1,0,65,6,0,0.0,0.0,0.0,,65,0,0,0,739,0,5.486569030626387,0.0,5.741484528788266,4.3995,Average,10,10,197,0,1,0,8,2
2016,6,6,127,21.16,127.0,14,3,0,0,30,0,0,0.0,0.0,0.0,,30,0,0,0,740,0,5.019505715144409,0.0,7.151699256297347,4.7318,Average,6,6,127,0,0,0,0,1
2025,2,1,1,0.0,100.0,0,0,0,0,1*,1,1,53.0,13.25,24.0,40/1,1,1,40,1,741,0,0.0,0.37109305856687524,6.85171634801522,1.9942,Poor,2,1,1,1,0,0,1,1
2008,6,6,155,31.0,117.42,22,1,1,0,52,0,0,0.0,0.0,0.0,,52,0,0,0,742,0,5.7125169692949616,0.0,4.760476394744993,4.2834,Average,20,20,282,0,1,0,0,4
2009,5,5,19,3.8,57.57,1,1,0,0,10,0,0,0.0,0.0,0.0,,10,0,0,0,742,0,0.4902304941726238,0.0,4.760476394744993,1.074,Poor,20,20,282,0,1,0,0,4
2010,6,6,64,12.8,106.66,7,1,0,0,22,0,0,0.0,0.0,0.0,,22,0,0,0,742,0,3.2099686230002384,0.0,4.760476394744993,2.7133,Below Average,20,20,282,0,1,0,0,4
2011,3,3,44,14.66,104.76,3,2,0,0,36,0,0,0.0,0.0,0.0,,36,0,0,0,742,0,2.8893359571055868,0.0,4.760476394744993,2.5603,Below Average,20,20,282,0,1,0,0,4
2022,5,4,5,2.5,38.46,0,0,0,0,2*,1,3,54.66,9.19,35.66,21/2,2,1,21,2,743,0,0.06622363435805932,1.3052599207480995,4.0546494594239455,0.9457,Poor,31,10,10,30,0,0,7,4
2023,5,2,3,0.0,150.0,0,0,0,0,2*,3,5,29.2,9.12,19.2,30/2,2,1,30,2,743,0,0.0,2.946149358422017,4.0546494594239455,1.6223,Poor,31,10,10,30,0,0,7,4
2024,10,2,1,0.0,100.0,0,0,0,0,1*,1,11,25.09,9.2,16.36,27/3,1,1,27,3,743,0,0.0,4.883256366962935,4.0546494594239455,2.2455,Poor,31,10,10,30,0,0,7,4
2026,11,2,1,0.0,33.33,0,0,0,0,1*,2,11,35.45,10.26,20.72,24/2,1,1,24,2,743,0,0.0,3.881103676339548,4.0546494594239455,2.0367,Poor,31,10,10,30,0,0,7,4
2026,16,16,776,48.5,237.3,63,72,5,1,103,2,0,0.0,0.0,0.0,,103,0,0,0,744,0,9.58454881966176,0.0,7.465845916413725,8.5671,Excellent,16,16,776,0,5,1,2,1
2025,7,7,252,36.0,206.55,18,24,1,1,101,0,0,0.0,0.0,0.0,,101,0,0,0,745,0,7.388129130014994,0.0,7.198975588953446,6.7028,Good,7,7,252,0,1,1,0,1
2012,8,2,1,0.5,33.33,0,0,0,0,1,0,8,33.87,8.74,23.25,3/16,1,0,3,16,746,0,0.0023484076611948977,3.648760226393182,4.21361174959998,1.9135,Poor,38,11,50,38,0,0,0,6
2014,10,3,35,0.0,102.94,2,1,0,0,17*,0,16,18.68,8.15,13.75,3/16,17,1,3,16,746,0,0.0,6.810197598838158,4.21361174959998,2.9024,Below Average,38,11,50,38,0,0,0,6
2015,6,1,6,6.0,200.0,0,1,0,0,6,0,3,59.0,10.21,34.66,3/16,6,0,3,16,746,0,0.7648721577452766,1.126517472438867,4.21361174959998,1.526,Poor,38,11,50,38,0,0,0,6
2017,6,2,4,4.0,40.0,0,0,0,0,4,0,7,23.28,8.15,17.14,3/16,4,0,3,16,746,0,0.08749219629628024,4.307439876395584,4.21361174959998,2.2135,Poor,38,11,50,38,0,0,0,6
2019,5,1,3,0.0,42.85,0,0,0,0,3*,0,4,29.0,9.66,18.0,3/16,3,1,3,16,746,0,0.0,2.4724775586915215,4.21361174959998,1.5573,Poor,38,11,50,38,0,0,0,6
2020,3,2,1,1.0,10.0,0,0,0,0,1,0,0,0.0,0.0,0.0,,1,0,0,0,746,0,0.0014096546833061187,0.0,4.21361174959998,0.5453,Poor,38,11,50,38,0,0,0,6
2020,13,3,10,5.0,66.66,0,0,0,0,7*,0,17,20.94,6.84,18.35,5/20,7,1,5,20,747,0,0.40569985372222106,7.121401985270687,5.0295975044719015,3.3385,Below Average,79,15,31,89,0,0,9,6
2021,17,3,2,2.0,50.0,0,0,0,0,2*,0,18,24.88,6.58,22.66,5/20,2,1,5,20,747,0,0.02792882141790685,6.925351926274548,5.0295975044719015,3.2589,Below Average,79,15,31,89,0,0,9,6
2022,11,4,12,0.0,66.66,2,0,0,0,10*,2,6,55.33,8.51,39.0,22/1,10,1,22,1,747,0,0.0,2.2903171508424043,5.0295975044719015,1.7821,Poor,79,15,31,89,0,0,9,6
2023,14,2,1,1.0,11.11,0,0,0,0,1,3,20,21.45,8.14,15.8,15/4,1,0,15,4,747,0,0.0015660395119293092,7.030144202441626,5.0295975044719015,3.2903,Below Average,79,15,31,89,0,0,9,6
2025,13,1,1,0.0,100.0,0,0,0,0,1*,2,17,22.52,7.66,17.64,22/3,1,1,22,3,747,0,0.0,6.646953351602695,5.0295975044719015,3.0135,Below Average,79,15,31,89,0,0,9,6
2026,11,2,5,2.5,83.33,1,0,0,0,5,2,11,32.72,8.78,22.36,14/3,5,0,14,3,747,0,0.13974846320750606,4.389197381539777,5.0295975044719015,2.519,Below Average,79,15,31,89,0,0,9,6
2021,10,10,370,41.11,128.47,37,14,4,0,67,0,3,23.0,8.11,17.0,2/29,67,0,2,29,749,0,7.446999125236351,2.6723288880886154,6.2859111720761565,7.7772,Very Good,69,62,1677,3,13,1,16,6
2022,12,12,182,16.55,107.69,17,7,1,0,50*,4,0,0.0,0.0,0.0,,50,1,0,0,749,0,4.9498991401642325,0.0,6.2859111720761565,4.2352,Average,69,62,1677,3,13,1,16,6
2023,14,14,404,28.86,145.84,32,21,2,1,104,3,0,0.0,0.0,0.0,,104,0,0,0,749,0,7.251933860337722,0.0,6.2859111720761565,5.9287,Good,69,62,1677,3,13,1,16,6
2024,15,13,370,46.25,158.79,35,19,4,0,70,4,0,0.0,0.0,0.0,,70,0,0,0,749,0,7.909972518864247,0.0,6.2859111720761565,6.7613,Good,69,62,1677,3,13,1,16,6
2025,11,7,142,20.29,139.21,15,4,1,0,60,4,0,0.0,0.0,0.0,,60,0,0,0,749,0,5.241212565336725,0.0,6.2859111720761565,4.4346,Average,69,62,1677,3,13,1,16,6
2026,7,6,209,52.25,186.6,21,13,1,0,73*,1,0,0.0,0.0,0.0,,73,1,0,0,749,0,7.50578672677951,0.0,6.2859111720761565,6.2629,Good,69,62,1677,3,13,1,16,6
2008,11,10,288,36.0,137.14,22,15,2,0,71*,0,2,68.5,9.78,42.0,2/23,71,1,2,23,750,0,7.001235209990081,0.7281873319075589,5.805181884807969,5.8998,Good,64,54,985,6,3,0,0,6
2009,16,13,124,11.27,108.77,6,3,0,0,32,0,4,30.5,8.13,22.5,2/23,32,0,2,23,750,0,3.927900714962566,2.677464995214301,5.805181884807969,4.4354,Average,64,54,985,6,3,0,0,6
2010,6,5,34,8.5,79.06,3,1,0,0,24,0,0,0.0,0.0,0.0,,24,0,0,0,750,0,1.6773631584562387,0.0,5.805181884807969,2.2285,Poor,64,54,985,6,3,0,0,6
2011,14,14,336,28.0,120.0,30,13,1,0,60,0,0,0.0,0.0,0.0,,60,0,0,0,750,0,6.678454739015852,0.0,5.805181884807969,5.3814,Average,64,54,985,6,3,0,0,6
2012,10,7,132,22.0,104.76,8,5,0,0,36,0,0,0.0,0.0,0.0,,36,0,0,0,750,0,4.862239337146054,0.0,5.805181884807969,4.1153,Average,64,54,985,6,3,0,0,6
2014,7,5,71,23.66,112.69,8,0,0,0,27,0,0,0.0,0.0,0.0,,27,0,0,0,750,0,4.220138460792628,0.0,5.805181884807969,3.5971,Below Average,64,54,985,6,3,0,0,6
2008,9,8,145,18.12,133.02,21,3,1,0,54,0,1,22.0,11.0,12.0,1/22,54,0,1,22,752,0,5.0520766436131135,0.9640974138969799,7.277978799768882,5.2491,Average,9,8,145,1,1,0,0,1
2017,4,4,101,50.5,134.66,12,1,1,0,63*,0,0,0.0,0.0,0.0,,63,1,0,0,754,0,5.985510492668572,0.0,5.957462564959821,4.8864,Average,77,65,1233,9,7,0,11,9
2018,13,11,212,53.0,143.24,11,11,1,0,54*,0,1,58.0,11.6,30.0,2/19,54,1,2,19,754,0,7.174855705397713,0.38626047887497916,5.957462564959821,5.8943,Good,77,65,1233,9,7,0,11,9
2019,15,14,244,20.33,126.42,11,12,0,0,40*,0,1,70.0,8.75,48.0,2/19,40,1,2,19,754,0,5.859134395140007,0.42154600739179016,5.957462564959821,4.9512,Average,77,65,1233,9,7,0,11,9
2020,7,5,97,24.25,101.04,10,1,1,0,52*,0,4,20.5,6.22,19.75,2/19,52,1,2,19,754,0,4.526573199469344,3.958077914421312,5.957462564959821,5.5274,Good,77,65,1233,9,7,0,11,9
2021,7,5,58,11.6,111.53,1,3,0,0,28,0,3,33.33,9.09,22.0,2/19,28,0,2,19,754,0,3.0188825721198014,1.9184057141912776,5.957462564959821,3.6309,Below Average,77,65,1233,9,7,0,11,9
2022,4,4,19,4.75,54.28,1,0,0,0,13,3,0,0.0,0.0,0.0,,13,0,0,0,754,0,0.5623012161329022,0.0,5.957462564959821,1.7368,Poor,77,65,1233,9,7,0,11,9
2023,14,10,301,37.63,160.1,27,15,3,0,63*,2,0,0.0,0.0,0.0,,63,1,0,0,754,0,7.342146936715613,0.0,5.957462564959821,5.9798,Good,77,65,1233,9,7,0,11,9
2024,7,7,83,16.6,115.27,7,2,0,0,17,4,0,0.0,0.0,0.0,,17,0,0,0,754,0,3.986017061723178,0.0,5.957462564959821,3.5286,Below Average,77,65,1233,9,7,0,11,9
2025,6,5,118,39.33,129.67,8,3,1,0,69*,2,0,0.0,0.0,0.0,,69,1,0,0,754,0,5.801943694185358,0.0,5.957462564959821,4.7966,Average,77,65,1233,9,7,0,11,9
2014,3,2,29,14.5,111.53,3,1,0,0,16,0,0,0.0,0.0,0.0,,16,0,0,0,755,0,2.4521658038499075,0.0,6.953569201408803,3.1907,Below Average,3,2,29,0,0,0,0,1
2024,3,1,7,0.0,140.0,0,0,0,0,7*,2,1,86.0,8.6,60.0,37/1,7,1,37,1,756,0,0.0,0.35349119198124673,6.953569201408803,1.8871,Poor,3,1,7,1,0,0,2,1
2008,13,2,4,2.0,133.33,1,0,0,0,4,0,11,38.18,8.75,26.18,3/29,4,0,3,29,757,0,0.1429400438473699,4.061036647747557,7.397105643841989,3.2404,Below Average,13,2,4,11,0,0,0,1
2010,3,1,6,6.0,120.0,1,0,0,0,6,0,1,62.0,8.65,43.0,2/14,6,0,2,14,758,0,0.5064206647116744,0.4765851701086779,3.2319452895792224,0.6745,Poor,4,2,7,2,0,0,0,2
2014,1,1,1,0.0,50.0,0,0,0,0,1*,0,1,29.0,9.66,18.0,2/14,1,1,2,14,758,0,0.0,0.8508638992902249,3.2319452895792224,0.5592,Poor,4,2,7,2,0,0,0,2
2008,2,1,2,2.0,100.0,0,0,0,0,2,0,0,0.0,0.0,0.0,,2,0,0,0,759,0,0.0553153012051216,0.0,6.85171634801522,1.9178,Poor,2,1,2,0,0,0,0,1
2008,8,4,25,8.33,113.63,2,1,0,0,23,0,5,36.4,7.91,27.6,4/40,23,0,4,40,760,0,1.7119330330282723,2.806121714012467,5.219746065323039,2.9607,Below Average,104,46,310,103,0,0,0,10
2009,11,8,47,9.4,106.81,4,1,0,0,12,0,9,30.11,8.38,21.55,4/40,12,0,4,40,760,0,2.4593431029354242,4.233631866399895,5.219746065323039,3.6697,Below Average,104,46,310,103,0,0,0,10
2010,14,5,27,6.75,84.37,1,0,0,0,10*,0,16,24.75,8.57,17.31,4/40,10,1,4,40,760,0,1.3133771521724387,5.979466449112696,5.219746065323039,3.7413,Below Average,104,46,310,103,0,0,0,10
2011,13,7,50,8.33,106.38,4,1,0,0,18,0,12,27.91,7.5,22.33,4/40,18,0,4,40,760,0,2.3864310648267657,5.315571249176724,5.219746065323039,4.235,Average,104,46,310,103,0,0,0,10
2012,15,7,68,13.6,109.67,3,2,0,0,25,0,19,25.26,8.59,17.63,4/40,25,0,4,40,760,0,3.400019711448794,6.34956487667265,5.219746065323039,5.2335,Average,104,46,310,103,0,0,0,10
2013,16,5,70,70.0,159.09,6,3,0,0,26*,0,23,21.43,8.19,15.69,4/40,26,1,4,40,760,0,6.161672147175214,7.376928924450816,5.219746065323039,8.1969,Very Good,104,46,310,103,0,0,0,10
2014,9,4,4,2.0,66.66,0,0,0,0,4,0,7,40.14,8.78,27.42,4/40,4,0,4,40,760,0,0.07327476479268998,3.049468580878893,5.219746065323039,2.0836,Poor,104,46,310,103,0,0,0,10
2015,13,3,0,0.0,0.0,0,0,0,0,0*,0,7,52.57,8.45,37.28,4/40,0,1,4,40,760,0,0.0,2.637365756571329,5.219746065323039,1.8649,Poor,104,46,310,103,0,0,0,10
2016,3,2,13,13.0,108.33,0,1,0,0,12,0,3,21.33,7.11,18.0,4/40,12,0,4,40,760,0,1.4675512045814363,3.0419374202278435,5.219746065323039,2.8818,Below Average,104,46,310,103,0,0,0,10
2018,2,1,6,0.0,200.0,1,0,0,0,6*,0,2,32.5,16.95,11.5,4/40,6,1,4,40,760,0,0.0,0.8633547776271384,5.219746065323039,1.2453,Poor,104,46,310,103,0,0,0,10
2025,14,8,142,20.29,179.74,15,8,0,0,39,3,11,32.36,9.12,21.27,18/2,39,0,18,2,761,0,5.59384110656572,4.329843485121414,4.723032647449115,5.8383,Good,19,10,157,13,0,0,3,2
2026,5,2,15,15.0,150.0,2,0,0,0,12,0,2,56.5,12.55,27.0,24/1,12,0,24,1,761,0,2.0815586237508095,0.6925828416231854,4.723032647449115,2.45,Poor,19,10,157,13,0,0,3,2
2008,13,12,165,15.0,105.09,18,4,0,0,38,0,2,30.5,7.95,23.0,2/25,38,0,2,25,762,0,4.648824992470441,1.6765993744013141,7.60498460022829,5.3251,Average,283,275,9336,4,68,9,42,19
2009,16,13,246,22.36,112.32,22,8,1,0,50,0,0,0.0,0.0,0.0,,50,0,0,0,762,0,5.838426737225824,0.0,7.60498460022829,5.5716,Good,283,275,9336,4,68,9,42,19
2010,16,13,307,27.9,144.81,26,12,1,0,58,0,0,0.0,0.0,0.0,,58,0,0,0,762,0,6.810042431366602,0.0,7.60498460022829,6.3832,Good,283,275,9336,4,68,9,42,19
2011,16,16,557,46.41,121.08,55,16,4,0,71,0,2,69.5,8.17,51.0,2/25,71,0,2,25,762,0,8.108693694082417,0.8411163328356832,7.60498460022829,8.0255,Very Good,283,275,9336,4,68,9,42,19
2012,16,15,364,28.0,111.65,33,9,2,0,73*,0,0,0.0,0.0,0.0,,73,1,0,0,762,0,6.689527017595935,0.0,7.60498460022829,6.2948,Good,283,275,9336,4,68,9,42,19
2013,16,16,634,45.28,138.73,64,22,6,0,99,0,0,0.0,0.0,0.0,,99,0,0,0,762,0,8.447504690622866,0.0,7.60498460022829,8.0557,Very Good,283,275,9336,4,68,9,42,19
2014,14,14,359,27.61,122.1,23,16,2,0,73,0,0,0.0,0.0,0.0,,73,0,0,0,762,0,6.775689783107625,0.0,7.60498460022829,6.4996,Good,283,275,9336,4,68,9,42,19
2015,16,16,505,45.9,130.82,35,23,3,0,82*,0,0,0.0,0.0,0.0,,82,1,0,0,762,0,8.064149923283473,0.0,7.60498460022829,7.6481,Very Good,283,275,9336,4,68,9,42,19
2016,16,16,973,81.08,152.03,83,38,7,4,113,0,0,0.0,0.0,0.0,,113,0,0,0,762,0,10.0,0.0,7.60498460022829,8.7572,Excellent,283,275,9336,4,68,9,42,19
2017,10,10,308,30.8,122.22,23,11,4,0,64,0,0,0.0,0.0,0.0,,64,0,0,0,762,0,6.715686831967691,0.0,7.60498460022829,6.3895,Good,283,275,9336,4,68,9,42,19
2018,14,14,530,48.18,139.1,52,18,4,0,92*,0,0,0.0,0.0,0.0,,92,1,0,0,762,0,8.286545615920232,0.0,7.60498460022829,7.7571,Very Good,283,275,9336,4,68,9,42,19
2019,14,14,464,33.14,141.46,46,13,2,1,100,0,0,0.0,0.0,0.0,,100,0,0,0,762,0,7.597449325123799,0.0,7.60498460022829,7.1728,Very Good,283,275,9336,4,68,9,42,19
2020,15,15,466,42.36,121.35,23,11,3,0,90*,0,0,0.0,0.0,0.0,,90,1,0,0,762,0,7.732851984332379,0.0,7.60498460022829,7.1569,Very Good,283,275,9336,4,68,9,42,19
2021,15,15,405,28.92,119.46,43,9,3,0,72*,0,0,0.0,0.0,0.0,,72,1,0,0,762,0,6.978716750663816,0.0,7.60498460022829,6.6884,Good,283,275,9336,4,68,9,42,19
2022,16,16,341,22.73,115.98,32,8,2,0,73,9,0,0.0,0.0,0.0,,73,0,0,0,762,0,6.36030923909209,0.0,7.60498460022829,6.1605,Good,283,275,9336,4,68,9,42,19
2023,14,14,639,53.25,139.82,65,16,6,2,101*,13,0,0.0,0.0,0.0,,101,1,0,0,762,0,8.697710993637985,0.0,7.60498460022829,8.1403,Very Good,283,275,9336,4,68,9,42,19
2024,15,15,741,61.75,154.69,62,38,5,1,113*,8,0,0.0,0.0,0.0,,113,1,0,0,762,0,9.257019614143383,0.0,7.60498460022829,8.382,Very Good,283,275,9336,4,68,9,42,19
2025,15,15,657,54.75,144.71,66,19,8,0,73*,3,0,0.0,0.0,0.0,,73,1,0,0,762,0,8.8242971908598,0.0,7.60498460022829,8.2423,Very Good,283,275,9336,4,68,9,42,19
2026,16,16,675,56.25,165.84,73,25,5,1,105*,9,0,0.0,0.0,0.0,,105,1,0,0,762,0,9.0922889885043,0.0,7.60498460022829,8.0991,Very Good,283,275,9336,4,68,9,42,19
2021,3,2,15,7.5,57.69,1,0,0,0,11,0,0,0.0,0.0,0.0,,11,0,0,0,763,0,0.7054287997947838,0.0,6.953569201408803,2.2267,Poor,3,2,15,0,0,0,0,1
2008,14,14,406,33.83,184.54,46,21,3,0,94*,0,3,44.33,12.09,22.0,2/18,94,1,2,18,764,0,7.812212772287367,1.2390918268714004,6.760631636057477,7.4465,Very Good,93,93,2530,6,15,2,0,7
2010,14,14,356,25.42,163.3,47,14,3,0,75,0,3,7.66,4.05,11.33,2/18,75,0,2,18,764,0,7.0552660397145885,6.5991303806079324,6.760631636057477,9.0169,Excellent,93,93,2530,6,15,2,0,7
2011,11,11,424,38.54,176.66,51,18,2,1,119,0,0,0.0,0.0,0.0,,119,0,0,0,764,0,7.99500977602602,0.0,6.760631636057477,7.018,Very Good,93,93,2530,6,15,2,0,7
2012,16,16,495,33.0,161.23,57,19,5,0,87*,0,0,0.0,0.0,0.0,,87,1,0,0,764,0,7.866063208863653,0.0,6.760631636057477,6.8847,Good,93,93,2530,6,15,2,0,7
2013,13,13,295,24.58,126.6,41,6,1,0,95*,0,0,0.0,0.0,0.0,,95,1,0,0,764,0,6.389541651409853,0.0,6.760631636057477,5.5729,Good,93,93,2530,6,15,2,0,7
2014,17,17,455,26.76,144.44,56,18,1,1,122,0,0,0.0,0.0,0.0,,122,0,0,0,764,0,7.299173271186849,0.0,6.760631636057477,6.3779,Good,93,93,2530,6,15,2,0,7
2015,8,8,99,12.37,117.85,12,3,0,0,47,0,0,0.0,0.0,0.0,,47,0,0,0,764,0,3.859392655316068,0.0,6.760631636057477,3.8567,Below Average,93,93,2530,6,15,2,0,7
2017,3,3,19,6.33,73.07,1,1,0,0,9,0,0,0.0,0.0,0.0,,9,0,0,0,765,0,0.8894292394310115,0.0,4.1952792986503065,1.1613,Poor,7,7,71,0,0,0,1,3
2023,3,3,37,12.33,119.35,2,2,0,0,30,1,0,0.0,0.0,0.0,,30,0,0,0,765,0,2.6278999494596893,0.0,4.1952792986503065,2.2622,Poor,7,7,71,0,0,0,1,3
2026,1,1,15,0.0,187.5,1,1,0,0,15*,0,0,0.0,0.0,0.0,,15,1,0,0,765,0,0.0,0.0,4.1952792986503065,0.6972,Poor,7,7,71,0,0,0,1,3
2023,3,1,69,69.0,146.8,9,2,1,0,69,0,0,0.0,0.0,0.0,,69,0,0,0,766,0,6.009753291038661,0.0,6.953569201408803,5.3854,Average,3,1,69,0,1,0,0,1
2023,7,2,13,13.0,144.44,0,1,0,0,13*,1,9,28.11,10.54,16.0,20/3,13,1,20,3,767,0,1.7428834785671101,3.8903309510723467,3.726742693158407,2.7371,Below Average,21,6,16,22,0,0,5,3
2024,4,2,1,1.0,33.33,0,0,0,0,1*,3,4,35.5,9.79,21.75,23/2,1,1,23,2,767,0,0.004692911457903685,2.1348949600383444,3.726742693158407,1.2511,Poor,21,6,16,22,0,0,5,3
2026,10,2,2,0.0,50.0,0,0,0,0,1*,1,9,36.66,10.64,20.66,34/3,1,1,34,3,767,0,0.0,3.334156228027532,3.726742693158407,1.4859,Poor,21,6,16,22,0,0,5,3
2021,2,2,1,1.0,50.0,0,0,0,0,1*,0,0,0.0,0.0,0.0,,1,1,0,0,768,0,0.007034226019245297,0.0,4.575845081233132,0.7656,Poor,37,19,81,46,0,0,3,4
2022,16,7,38,5.43,88.37,4,1,0,0,18,1,26,16.53,7.54,13.15,18/5,18,0,18,5,768,0,1.4638842903699432,8.59836592668977,4.575845081233132,4.3721,Average,37,19,81,46,0,0,3,4
2023,8,5,33,16.5,117.85,3,0,0,0,12*,0,9,28.66,8.89,19.33,24/2,12,1,24,2,768,0,2.826029582206106,4.212484121418355,4.575845081233132,3.7473,Below Average,37,19,81,46,0,0,3,4
2025,11,5,9,1.8,60.0,0,0,0,0,4,2,11,33.72,9.04,22.36,35/4,4,0,35,4,768,0,0.13082702476309568,4.258973887872518,4.575845081233132,2.2343,Poor,37,19,81,46,0,0,3,4
2017,11,5,9,9.0,75.0,0,0,0,0,5*,0,8,23.12,6.16,22.5,3/16,5,1,3,16,769,0,0.6694696465974284,5.267341119185275,5.427199085041576,3.1225,Below Average,81,59,888,39,3,0,12,9
2018,7,6,65,21.66,171.05,5,4,0,0,35,0,4,48.0,9.6,30.0,3/16,35,0,3,16,769,0,4.544397445773086,1.741860752083878,5.427199085041576,4.4522,Average,81,59,888,39,3,0,12,9
2019,3,2,1,0.5,33.33,0,0,0,0,1,0,4,18.5,8.22,13.5,3/16,1,0,3,16,769,0,0.0023484076611948977,3.593930280224292,5.427199085041576,2.2522,Poor,81,59,888,39,3,0,12,9
2020,15,9,111,18.5,116.84,10,2,0,0,30,0,8,37.25,5.96,37.5,3/16,30,0,3,16,769,0,4.539382103761288,4.255862314812388,5.427199085041576,5.2824,Average,81,59,888,39,3,0,12,9
2021,6,4,31,7.75,65.95,2,0,0,0,10,0,3,39.33,7.37,32.0,3/16,10,0,3,16,769,0,1.3391535006157296,1.9804242364017197,5.427199085041576,2.4468,Poor,81,59,888,39,3,0,12,9
2022,9,7,101,14.43,146.37,9,3,0,0,40,1,6,39.83,8.53,28.0,21/2,40,0,21,2,769,0,4.380630812729917,2.8359442658817677,5.427199085041576,4.7405,Average,81,59,888,39,3,0,12,9
2023,7,5,60,15.0,100.0,6,0,0,0,24*,2,3,48.66,8.26,35.33,28/3,24,1,28,3,769,0,3.247472514627963,1.5541438321854597,5.427199085041576,3.383,Below Average,81,59,888,39,3,0,12,9
2025,6,5,133,26.6,166.25,10,7,0,0,49,3,2,55.5,10.24,32.5,28/1,49,0,28,1,769,0,5.770163796546679,0.8404710853061619,5.427199085041576,4.813,Average,81,59,888,39,3,0,12,9
2026,17,16,377,37.7,150.19,40,12,3,0,55,6,1,84.0,9.16,55.0,27/1,55,0,27,1,769,0,7.57100635024546,0.340586108453394,5.427199085041576,5.9962,Good,81,59,888,39,3,0,12,9
2008,6,6,115,19.16,110.57,12,3,1,0,50,0,0,0.0,0.0,0.0,,50,0,0,0,770,0,4.560102579235437,0.0,4.102738709815234,3.1048,Below Average,8,8,130,0,1,0,0,2
2009,2,2,15,7.5,88.23,2,0,0,0,8,0,0,0.0,0.0,0.0,,8,0,0,0,770,0,0.9723497819434389,0.0,4.102738709815234,1.1418,Poor,8,8,130,0,1,0,0,2
2011,8,5,37,12.33,94.87,2,1,0,0,16,0,9,23.66,7.26,19.55,3/27,16,0,3,27,771,0,2.3595143347213785,5.103515969594454,4.740181067856334,4.0405,Average,33,14,65,35,0,0,4,5
2012,6,5,19,4.75,70.37,2,0,0,0,11,0,5,25.6,6.09,25.2,3/27,11,0,3,27,771,0,0.6934700326374874,4.004909482710782,4.740181067856334,2.673,Below Average,33,14,65,35,0,0,4,5
2013,4,1,5,5.0,71.42,0,0,0,0,5,0,6,22.83,9.23,14.83,3/27,5,0,3,27,771,0,0.23170070859471062,3.755755840845919,4.740181067856334,2.2044,Poor,33,14,65,35,0,0,4,5
2014,8,2,2,2.0,100.0,0,0,0,0,2,0,6,37.16,7.39,30.16,3/27,2,0,3,27,771,0,0.0553153012051216,3.2290171619241574,4.740181067856334,2.0674,Poor,33,14,65,35,0,0,4,5
2023,7,1,2,2.0,40.0,0,0,0,0,2,4,9,26.22,9.37,16.77,10/3,2,0,10,3,771,0,0.02238712708467907,4.291862397368841,4.740181067856334,2.2508,Poor,33,14,65,35,0,0,4,5
2025,1,1,9,9.0,81.81,1,0,0,0,9,1,0,0.0,0.0,0.0,,9,0,0,0,772,0,0.7170539791278763,0.0,6.708162813864161,1.9563,Poor,1,1,9,0,0,0,1,1
2008,4,2,26,26.0,96.29,2,0,0,0,25,0,1,36.0,12.0,18.0,1/24,25,0,1,24,773,0,2.8434671333810018,0.5803931895391335,4.782791336632448,2.777,Below Average,12,8,56,4,0,0,0,2
2009,8,6,30,6.0,62.5,0,0,0,0,12,0,3,20.33,6.77,18.0,1/24,12,0,1,24,773,0,1.0630891418375066,3.2244577337968794,4.782791336632448,2.6353,Below Average,12,8,56,4,0,0,0,2
2024,8,8,230,32.86,175.57,16,18,1,1,100*,3,2,50.0,11.11,27.0,23/1,100,1,23,1,774,0,6.90447202337883,0.857166407704046,6.336568076190102,6.2634,Good,28,26,602,10,2,1,11,3
2025,13,11,233,23.3,135.46,22,11,1,0,53,6,6,20.0,8.57,14.0,14/2,53,0,14,2,774,0,6.080530793712819,4.192874468741176,6.336568076190102,7.01,Very Good,28,26,602,10,2,1,11,3
2026,7,7,139,27.8,182.89,12,9,0,0,46,2,2,47.0,10.64,26.5,12/1,46,0,12,1,774,0,6.025203544911356,0.9377659891528773,6.336568076190102,5.5516,Good,28,26,602,10,2,1,11,3
2008,12,10,159,31.8,133.61,12,7,1,0,59*,0,0,0.0,0.0,0.0,,59,1,0,0,776,0,5.9625048997906385,0.0,6.649946119531208,5.2971,Average,170,145,2934,0,13,1,25,17
2009,8,7,72,24.0,175.6,3,4,0,0,25*,0,0,0.0,0.0,0.0,,25,1,0,0,776,0,4.85870595336501,0.0,6.649946119531208,4.4527,Average,170,145,2934,0,13,1,25,17
2010,13,7,67,22.33,126.41,9,1,0,0,22,0,0,0.0,0.0,0.0,,22,0,0,0,776,0,4.218863004226463,0.0,6.649946119531208,3.9983,Below Average,170,145,2934,0,13,1,25,17
2011,7,3,68,68.0,107.93,2,4,0,0,46*,0,0,0.0,0.0,0.0,,46,1,0,0,776,0,5.542708379696846,0.0,6.649946119531208,4.7988,Average,170,145,2934,0,13,1,25,17
2012,4,1,6,6.0,42.85,0,0,0,0,6,0,0,0.0,0.0,0.0,,6,0,0,0,776,0,0.20232937721702343,0.0,6.649946119531208,1.8144,Poor,170,145,2934,0,13,1,25,17
2013,3,3,70,23.33,125.0,6,4,0,0,39,0,0,0.0,0.0,0.0,,39,0,0,0,776,0,4.321388059897334,0.0,6.649946119531208,4.1879,Average,170,145,2934,0,13,1,25,17
2014,17,13,362,32.9,145.38,33,18,2,1,115*,0,0,0.0,0.0,0.0,,115,1,0,0,776,0,7.277294258368379,0.0,6.649946119531208,6.1773,Good,170,145,2934,0,13,1,25,17
2015,14,13,249,19.15,126.39,16,10,0,0,42,0,0,0.0,0.0,0.0,,42,0,0,0,776,0,5.803973353673283,0.0,6.649946119531208,5.1692,Average,170,145,2934,0,13,1,25,17
2016,12,12,270,24.54,127.35,29,1,2,0,56,0,0,0.0,0.0,0.0,,56,0,0,0,776,0,6.272018795948808,0.0,6.649946119531208,5.5568,Good,170,145,2934,0,13,1,25,17
2017,14,11,234,23.4,125.13,20,8,1,0,93*,0,0,0.0,0.0,0.0,,93,1,0,0,776,0,5.98212338364592,0.0,6.649946119531208,5.3198,Average,170,145,2934,0,13,1,25,17
2018,11,10,122,15.25,119.6,17,1,0,0,35,0,0,0.0,0.0,0.0,,35,0,0,0,776,0,4.437516837469649,0.0,6.649946119531208,4.2234,Average,170,145,2934,0,13,1,25,17
2019,5,5,86,17.2,162.26,13,1,0,0,28,0,0,0.0,0.0,0.0,,28,0,0,0,776,0,4.539856329157474,0.0,6.649946119531208,4.175,Average,170,145,2934,0,13,1,25,17
2020,4,4,214,71.33,139.86,24,5,2,0,87,0,0,0.0,0.0,0.0,,87,0,0,0,776,0,7.57118672586407,0.0,6.649946119531208,6.444,Good,170,145,2934,0,13,1,25,17
2021,9,9,131,14.55,93.57,7,5,0,0,44,0,0,0.0,0.0,0.0,,44,0,0,0,776,0,4.140409072364532,0.0,6.649946119531208,3.935,Below Average,170,145,2934,0,13,1,25,17
2022,11,11,317,31.7,122.39,40,7,3,0,68,11,0,0.0,0.0,0.0,,68,0,0,0,776,0,6.798198431828495,0.0,6.649946119531208,6.0029,Good,170,145,2934,0,13,1,25,17
2023,17,17,371,23.19,129.26,47,8,2,0,81,9,0,0.0,0.0,0.0,,81,0,0,0,776,0,6.657404960771273,0.0,6.649946119531208,5.767,Good,170,145,2934,0,13,1,25,17
2024,9,9,136,15.11,118.26,18,3,0,0,39,5,0,0.0,0.0,0.0,,39,0,0,0,776,0,4.556704414587816,0.0,6.649946119531208,4.1849,Average,170,145,2934,0,13,1,25,17
2025,4,1,11,11.0,73.33,1,0,0,0,11,5,2,48.0,9.6,30.0,26/1,11,0,26,1,777,0,0.8957806397136516,1.0048332256615158,4.16725964024174,1.4526,Poor,13,4,40,7,0,0,15,2
2026,9,3,29,29.0,223.07,2,2,0,0,18*,10,5,77.6,11.58,40.2,9/2,18,1,9,2,777,0,4.208045820242436,1.2331203271482236,4.16725964024174,3.5354,Below Average,13,4,40,7,0,0,15,2
2011,2,1,19,19.0,111.76,3,0,0,0,19,0,0,0.0,0.0,0.0,,19,0,0,0,778,0,2.279594022447396,0.0,6.85171634801522,3.0321,Below Average,2,1,19,0,0,0,0,1
2025,15,3,4,2.0,50.0,0,0,0,0,3,3,13,36.15,9.59,22.61,18/2,3,0,18,2,779,0,0.0553153012051216,4.343146672457583,7.4443819764980885,3.3074,Below Average,15,3,4,13,0,0,3,1
2023,4,3,16,5.33,69.56,1,0,0,0,13,2,0,0.0,0.0,0.0,,13,0,0,0,780,0,0.6568740310302981,0.0,7.03257241222424,2.2863,Poor,4,3,16,0,0,0,2,1
2020,3,3,40,13.33,90.9,2,2,0,0,34,0,0,0.0,0.0,0.0,,34,0,0,0,783,0,2.490543005184088,0.0,6.3333298044934185,2.9556,Below Average,83,82,2593,0,18,2,28,7
2021,10,10,249,24.9,148.21,32,10,1,0,50,0,0,0.0,0.0,0.0,,50,0,0,0,783,0,6.390950655873073,0.0,6.3333298044934185,5.4272,Average,83,82,2593,0,18,2,28,7
2022,10,10,258,25.8,132.98,28,10,2,0,68,2,0,0.0,0.0,0.0,,68,0,0,0,783,0,6.338756487052719,0.0,6.3333298044934185,5.3968,Average,83,82,2593,0,18,2,28,7
2023,14,14,625,48.08,163.61,82,26,5,1,124,8,0,0.0,0.0,0.0,,124,0,0,0,783,0,8.743939149043918,0.0,6.3333298044934185,7.3987,Very Good,83,82,2593,0,18,2,28,7
2024,16,15,435,31.07,155.91,54,16,1,1,104*,4,0,0.0,0.0,0.0,,104,1,0,0,783,0,7.552843674375051,0.0,6.3333298044934185,6.5547,Good,83,82,2593,0,18,2,28,7
2025,14,14,559,43.0,159.71,60,28,6,0,75,10,0,0.0,0.0,0.0,,75,0,0,0,783,0,8.395827693305245,0.0,6.3333298044934185,7.0751,Very Good,83,82,2593,0,18,2,28,7
2026,16,16,427,30.5,152.5,52,18,3,0,77*,4,0,0.0,0.0,0.0,,77,1,0,0,783,0,7.469767298893844,0.0,6.3333298044934185,6.219,Good,83,82,2593,0,18,2,28,7
2009,8,4,47,11.75,71.21,5,0,0,0,20,0,0,0.0,0.0,0.0,,20,0,0,0,784,0,2.2507369967448283,0.0,7.240676269710922,3.1095,Below Average,8,4,47,0,0,0,0,1
2008,11,5,15,7.5,55.55,0,0,0,0,6*,0,16,23.12,8.77,15.81,4/36,6,1,4,36,785,0,0.6846862628416854,6.090651510342361,7.342529123104505,4.1472,Average,11,5,15,16,0,0,0,1
2011,11,10,111,15.85,111.0,6,6,0,0,23,0,1,67.0,13.4,30.0,1/3,23,0,1,3,786,0,4.261863571666672,0.2943682052893171,5.9042864025479815,3.9667,Below Average,24,18,263,1,0,0,0,2
2012,13,8,152,30.4,114.28,13,3,0,0,43*,0,0,0.0,0.0,0.0,,43,1,0,0,786,0,5.620838318228218,0.0,5.9042864025479815,4.5296,Average,24,18,263,1,0,0,0,2
2014,5,5,104,20.8,114.28,17,1,0,0,45,0,0,0.0,0.0,0.0,,45,0,0,0,787,0,4.579873748358817,0.0,7.0971227355598625,4.4813,Average,5,5,104,0,0,0,0,1
2008,1,1,3,3.0,42.85,0,0,0,0,3,0,0,0.0,0.0,0.0,,3,0,0,0,788,0,0.05336793265919257,0.0,6.708162813864161,1.831,Poor,1,1,3,0,0,0,0,1
2023,3,2,1,0.5,50.0,0,0,0,0,1,0,3,23.33,8.75,16.0,19/2,1,0,19,2,789,0,0.003521498441860856,2.519992345615509,3.1859921707808407,1.0682,Poor,5,4,22,4,0,0,0,2
2024,2,2,21,10.5,150.0,1,2,0,0,14,0,1,52.0,13.0,24.0,24/1,14,0,24,1,789,0,2.0596291847569708,0.3845525355387259,3.1859921707808407,1.6619,Poor,5,4,22,4,0,0,0,2
2008,16,15,435,31.07,179.01,43,25,4,0,68,0,8,28.75,8.16,21.12,3/20,68,0,3,20,792,0,7.746842933337121,4.136237149492144,6.942868676872213,8.4776,Very Good,174,154,3204,42,13,1,0,12
2009,13,13,243,20.25,132.78,24,12,1,0,62*,0,7,34.71,6.94,30.0,3/20,62,1,3,20,792,0,5.916117252975322,3.797858674321464,6.942868676872213,7.0657,Very Good,174,154,3204,42,13,1,0,12
2010,14,14,333,27.75,165.67,22,24,1,1,100,0,5,49.2,7.23,40.8,3/20,100,0,3,20,792,0,7.104751188578502,2.446824000842497,6.942868676872213,7.5227,Very Good,174,154,3204,42,13,1,0,12
2011,15,11,283,28.3,140.79,24,13,0,0,47*,0,13,18.3,6.1,18.0,3/20,47,1,3,20,792,0,6.676736226723112,7.072579897046109,6.942868676872213,9.0243,Excellent,174,154,3204,42,13,1,0,12
2012,17,16,194,19.4,114.79,10,7,0,0,40*,0,3,60.66,8.27,44.0,3/20,40,1,3,20,792,0,5.343539037305092,1.3066457671985736,6.942868676872213,5.6412,Good,174,154,3204,42,13,1,0,12
2013,16,16,332,30.18,138.33,30,14,1,0,72,0,1,73.0,8.11,54.0,3/20,72,0,3,20,792,0,6.96549018687403,0.43504004334630564,6.942868676872213,6.3975,Good,174,154,3204,42,13,1,0,12
2014,15,12,268,29.77,162.42,15,20,1,0,72,0,0,0.0,0.0,0.0,,72,0,0,0,792,0,6.8713001637086855,0.0,6.942868676872213,6.0499,Good,174,154,3204,42,13,1,0,12
2015,13,12,312,44.57,135.06,29,12,1,0,52,0,2,48.5,9.7,30.0,3/20,52,0,3,20,792,0,7.391345598729313,0.9874740273650946,6.942868676872213,6.9542,Good,174,154,3204,42,13,1,0,12
2016,15,13,361,72.2,145.56,33,13,3,0,63*,0,1,33.0,5.5,36.0,3/20,63,1,3,20,792,0,8.379224891575763,1.2233391119066648,6.942868676872213,8.1495,Very Good,174,154,3204,42,13,1,0,12
2017,15,11,143,17.87,124.34,9,6,1,0,59,0,1,41.0,10.25,24.0,3/20,59,0,3,20,792,0,4.921638852319521,0.595004326700931,6.942868676872213,4.8946,Average,174,154,3204,42,13,1,0,12
2018,15,13,260,28.88,130.0,22,11,0,0,45*,0,1,14.0,7.0,12.0,3/20,45,1,3,20,792,0,6.4752664391917865,1.9603995047929437,6.942868676872213,6.7768,Good,174,154,3204,42,13,1,0,12
2019,10,8,40,13.33,88.88,1,1,0,0,16*,0,0,0.0,0.0,0.0,,16,1,0,0,792,0,2.464319836029269,0.0,6.942868676872213,3.0606,Below Average,174,154,3204,42,13,1,0,12
2008,15,14,299,23.0,162.5,24,19,1,0,57,0,3,27.66,9.22,18.0,4/29,57,0,4,29,793,0,6.664207730551041,2.16764952207828,7.204710749228578,7.1614,Very Good,132,126,2750,36,13,0,0,11
2009,14,14,340,28.33,115.64,25,16,2,0,58*,0,6,23.66,7.1,20.0,4/29,58,1,4,29,793,0,6.659641098606045,4.236592051132538,7.204710749228578,8.1216,Very Good,132,126,2750,36,13,0,0,11
2010,14,14,255,21.25,128.14,20,14,0,0,43,0,5,30.4,6.6,27.6,4/29,43,0,4,29,793,0,6.00065969831047,3.4856330846062544,7.204710749228578,7.1741,Very Good,132,126,2750,36,13,0,0,11
2011,14,13,343,34.3,131.41,24,18,2,0,66*,0,9,21.33,6.62,19.33,4/29,66,1,4,29,793,0,7.1185140251279915,5.569075934411021,7.204710749228578,8.7838,Excellent,132,126,2750,36,13,0,0,11
2013,13,13,238,19.83,125.26,14,15,0,0,34,0,6,25.33,6.9,22.0,4/29,34,0,4,29,793,0,5.777243850931915,4.15066531171133,7.204710749228578,7.3952,Very Good,132,126,2750,36,13,0,0,11
2014,14,14,376,34.18,135.25,22,28,3,0,83,0,5,37.4,8.25,27.2,4/29,83,0,4,29,793,0,7.282744717025515,2.685296395899381,7.204710749228578,7.9024,Very Good,132,126,2750,36,13,0,0,11
2015,14,13,248,19.07,118.09,23,10,2,0,57,0,1,72.0,8.0,54.0,4/29,57,0,4,29,793,0,5.698414463744604,0.4462271702972468,7.204710749228578,5.4841,Average,132,126,2750,36,13,0,0,11
2016,10,10,236,26.22,131.84,22,13,0,0,44,0,0,0.0,0.0,0.0,,44,0,0,0,793,0,6.225024736541219,0.0,7.204710749228578,5.7769,Good,132,126,2750,36,13,0,0,11
2017,12,11,252,28.0,142.37,30,8,2,0,70*,0,1,22.0,11.0,12.0,4/29,70,1,4,29,793,0,6.5153355849791055,0.9640974138969799,7.204710749228578,6.5727,Good,132,126,2750,36,13,0,0,11
2018,8,6,65,10.83,89.04,6,2,0,0,20,0,0,0.0,0.0,0.0,,20,0,0,0,793,0,2.797415605673457,0.0,7.204710749228578,3.18,Below Average,132,126,2750,36,13,0,0,11
2019,4,4,98,24.5,130.66,7,6,1,0,53,0,0,0.0,0.0,0.0,,53,0,0,0,793,0,4.904210781581359,0.0,7.204710749228578,4.7064,Average,132,126,2750,36,13,0,0,11
2014,14,2,1,0.0,100.0,0,0,0,0,1*,0,12,32.16,7.01,27.5,4/25,1,1,4,25,794,0,0.0,5.140514170741759,5.102669535772078,2.5301,Below Average,117,20,37,145,0,0,0,8
2015,15,2,1,0.0,100.0,0,0,0,0,1*,0,23,18.04,8.86,12.21,4/25,1,1,4,25,794,0,0.0,7.620032935745218,5.102669535772078,3.3147,Below Average,117,20,37,145,0,0,0,8
2017,13,6,13,4.33,50.0,0,0,0,0,4*,0,14,23.78,7.65,18.64,4/25,4,1,4,25,794,0,0.34975819822670096,6.028774870008469,5.102669535772078,3.0555,Below Average,117,20,37,145,0,0,0,8
2018,14,1,0,0.0,0.0,0,0,0,0,0*,0,12,30.25,7.26,25.0,4/25,0,1,4,25,794,0,0.0,5.202086251643509,5.102669535772078,2.63,Below Average,117,20,37,145,0,0,0,8
2019,14,3,6,3.0,37.5,0,0,0,0,4,0,18,21.44,7.82,16.44,4/25,4,0,4,25,794,0,0.09212392260436969,6.86449059391943,5.102669535772078,3.1482,Below Average,117,20,37,145,0,0,0,8
2020,15,2,1,1.0,33.33,0,0,0,0,1,0,21,19.28,7.08,16.33,4/25,1,0,4,25,794,0,0.004692911457903685,7.794568724235371,5.102669535772078,3.4329,Below Average,117,20,37,145,0,0,0,8
2021,15,2,10,0.0,37.03,0,0,0,0,8*,0,18,20.77,7.05,17.66,4/25,8,1,4,25,794,0,0.0,7.211682960467457,5.102669535772078,3.1959,Below Average,117,20,37,145,0,0,0,8
2022,17,2,5,5.0,62.5,0,0,0,0,5,0,27,19.51,7.75,15.11,40/5,5,0,40,5,794,0,0.20475881131298218,8.18634174736934,5.102669535772078,3.6128,Below Average,117,20,37,145,0,0,0,8
2008,11,8,34,8.5,79.06,4,0,0,0,17*,0,13,27.46,8.5,19.38,4/17,17,1,4,17,795,0,1.6773631584562387,5.247208513875179,5.55621145487121,3.8839,Below Average,91,32,117,90,0,0,0,8
2009,6,4,8,8.0,72.72,0,0,0,0,4*,0,6,23.66,6.76,21.0,4/17,4,1,4,17,795,0,0.5389458560721379,4.3440251856368315,5.55621145487121,2.9431,Below Average,91,32,117,90,0,0,0,8
2010,14,4,24,24.0,184.61,3,1,0,0,23*,0,15,25.06,7.77,19.33,4/17,23,1,4,17,795,0,3.4608695780160703,6.031242627114947,5.55621145487121,5.4405,Average,91,32,117,90,0,0,0,8
2011,15,2,21,10.5,87.5,2,0,0,0,21,0,14,32.5,7.71,25.28,4/17,21,0,4,17,795,0,1.5158388883980354,5.254645341108527,5.55621145487121,3.5917,Below Average,91,32,117,90,0,0,0,8
2012,16,5,12,6.0,70.58,1,0,0,0,11*,0,17,26.64,7.55,21.17,4/17,11,1,4,17,795,0,0.5795180478781357,6.261250094862004,5.55621145487121,3.4712,Below Average,91,32,117,90,0,0,0,8
2014,6,4,8,8.0,114.28,0,1,0,0,7*,0,5,29.2,6.53,26.8,4/17,7,1,4,17,795,0,0.7741825302299449,3.587689964467085,5.55621145487121,2.8303,Below Average,91,32,117,90,0,0,0,8
2016,12,2,6,3.0,46.15,1,0,0,0,4,0,10,33.7,7.71,26.2,4/17,4,0,4,17,795,0,0.11254611713235085,4.400556599538355,5.55621145487121,2.562,Below Average,91,32,117,90,0,0,0,8
2017,11,3,4,4.0,30.76,0,0,0,0,2,0,10,31.3,7.79,24.1,4/17,2,0,4,17,795,0,0.0677582046455816,4.542090048787574,5.55621145487121,2.6686,Below Average,91,32,117,90,0,0,0,8
