season,matches,innings,runs,batting_average,strike_rate,fours,sixes,fifties,hundreds,highest_score,catches,wickets,bowling_average,economy_rate,bowling_strike_rate,best_bowling,highest_score_num,highest_score_notout,best_bowling_wickets,best_bowling_runs,player_id,_outlier
2008,6,6,95,19.0,96.93,5,1,0,0,26*,0,0,0.0,0.0,0.0,,26,1,0,0,1,0
2010,7,7,111,15.85,93.27,7,0,0,0,45,0,0,0.0,0.0,0.0,,45,0,0,0,1,0
2011,16,13,312,34.66,128.39,21,14,2,0,65,0,0,0.0,0.0,0.0,,65,0,0,0,1,0
2012,16,13,319,39.87,161.11,26,15,3,0,64*,0,0,0.0,0.0,0.0,,64,1,0,0,1,0
2013,14,14,360,36.0,164.38,34,15,2,0,64,0,0,0.0,0.0,0.0,,64,0,0,0,1,0
2014,14,13,395,35.9,158.63,26,24,3,0,89*,0,0,0.0,0.0,0.0,,89,1,0,0,1,0
2015,16,14,513,46.63,175.08,60,22,2,1,133*,0,0,0.0,0.0,0.0,,133,1,0,0,1,0
2016,16,16,687,52.84,168.79,57,37,6,1,129*,0,0,0.0,0.0,0.0,,129,1,0,0,1,0
2017,9,9,216,27.0,132.51,12,16,1,0,89*,0,0,0.0,0.0,0.0,,89,1,0,0,1,0
2018,12,11,480,53.33,174.54,39,30,6,0,90*,0,0,0.0,0.0,0.0,,90,1,0,0,1,0
2019,13,13,442,44.2,154.0,31,26,5,0,82*,0,0,0.0,0.0,0.0,,82,1,0,0,1,0
2020,15,14,454,45.4,158.74,33,23,5,0,73*,0,0,0.0,0.0,0.0,,73,1,0,0,1,0
2021,15,14,313,31.3,148.34,23,16,2,0,76*,0,0,0.0,0.0,0.0,,76,1,0,0,1,0
2026,11,1,2,0.0,66.66,0,0,0,0,2*,1,15,25.93,10.01,15.53,17/2,2,1,17,2,2,0
2008,5,5,42,8.4,80.76,5,0,0,0,24,0,0,0.0,0.0,0.0,,24,0,0,0,3,0
2009,2,1,11,11.0,57.89,2,0,0,0,11,0,0,0.0,0.0,0.0,,11,0,0,0,3,0
2010,1,1,21,21.0,100.0,0,1,0,0,21,0,0,0.0,0.0,0.0,,21,0,0,0,4,0
2011,6,6,47,7.83,102.17,3,3,0,0,25,0,0,0.0,0.0,0.0,,25,0,0,0,4,0
2012,2,2,55,27.5,107.84,8,0,0,0,30,0,0,0.0,0.0,0.0,,30,0,0,0,4,0
2013,14,14,456,32.57,135.71,54,16,4,0,67,0,1,49.0,12.25,24.0,1/11,67,0,1,11,4,0
2014,13,13,309,28.09,117.49,31,9,2,0,88*,0,0,0.0,0.0,0.0,,88,1,0,0,4,0
2015,3,3,23,11.5,69.69,4,0,0,0,10*,0,0,0.0,0.0,0.0,,10,1,0,0,4,0
2016,13,12,393,39.3,131.43,45,11,5,0,74,0,0,0.0,0.0,0.0,,74,0,0,0,4,0
2017,13,13,299,24.91,166.11,25,19,2,0,72,0,0,0.0,0.0,0.0,,72,0,0,0,4,0
2018,10,9,134,16.75,134.0,6,8,0,0,46,0,0,0.0,0.0,0.0,,46,0,0,0,4,0
2020,12,12,268,22.33,111.2,28,8,1,0,52,0,0,0.0,0.0,0.0,,52,0,0,0,4,0
2022,5,5,86,17.2,140.98,10,3,1,0,58,1,0,0.0,0.0,0.0,,58,0,0,0,4,0
2011,0,0,0,0.0,0.0,0,0,0,0,0,0,3,22.0,8.25,16.0,2/40,0,0,2,40,5,1
2023,1,1,1,0.0,100.0,0,0,0,0,1*,0,0,0.0,0.0,0.0,,1,1,0,0,6,0
2020,12,8,111,22.2,170.76,8,6,0,0,33,0,1,96.0,13.71,42.0,1/41,33,0,1,41,7,0
2021,11,10,111,12.33,127.58,4,8,0,0,28,0,0,0.0,0.0,0.0,,28,0,0,0,7,0
2022,2,2,4,2.0,57.14,0,0,0,0,4,1,0,0.0,0.0,0.0,,4,0,0,0,7,0
2023,9,8,169,42.25,132.03,10,11,0,0,37*,4,0,0.0,0.0,0.0,,37,1,0,0,7,0
2024,16,12,182,18.2,168.51,15,11,0,0,37*,9,0,0.0,0.0,0.0,,37,1,0,0,7,0
2025,13,12,164,20.5,176.34,8,14,0,0,45,4,0,0.0,0.0,0.0,,45,0,0,0,7,0
2026,8,8,116,19.33,131.81,10,5,0,0,37*,2,0,0.0,0.0,0.0,,37,1,0,0,7,0
2008,1,1,0,0.0,0.0,0,0,0,0,0*,0,0,0.0,0.0,0.0,,0,1,0,0,8,0
2022,1,1,4,4.0,50.0,1,0,0,0,4,0,0,0.0,0.0,0.0,,4,0,0,0,9,0
2010,1,1,5,5.0,125.0,1,0,0,0,5,0,1,39.0,13.0,18.0,2/37,5,0,2,37,10,0
2011,12,6,27,9.0,135.0,3,1,0,0,11,0,5,64.2,9.44,40.8,2/37,11,0,2,37,10,0
2013,1,1,2,2.0,100.0,0,0,0,0,2,0,1,37.0,9.25,24.0,2/37,2,0,2,37,10,0
2026,0,0,0,0.0,0.0,0,0,0,0,0,0,3,40.66,12.62,19.33,30/2,0,0,30,2,11,1
2022,8,7,108,18.0,144.0,14,3,0,0,43,4,0,0.0,0.0,0.0,,43,0,0,0,12,0
2023,9,6,114,19.0,137.34,6,7,0,0,42,4,0,0.0,0.0,0.0,,42,0,0,0,12,0
2024,2,2,9,4.5,56.25,1,0,0,0,8,2,0,0.0,0.0,0.0,,8,0,0,0,12,0
2025,8,5,61,12.2,100.0,2,4,0,0,43,7,0,0.0,0.0,0.0,,43,0,0,0,12,0
2008,2,1,0,0.0,0.0,0,0,0,0,0*,0,0,0.0,0.0,0.0,,0,1,0,0,13,0
2013,1,1,19,19.0,90.47,1,0,0,0,19,0,0,0.0,0.0,0.0,,19,0,0,0,13,0
2010,13,11,183,20.33,110.24,16,4,1,0,53*,0,0,0.0,0.0,0.0,,53,1,0,0,14,0
2011,3,2,10,5.0,55.55,2,0,0,0,10,0,0,0.0,0.0,0.0,,10,0,0,0,14,0
2012,5,3,24,12.0,92.3,1,1,0,0,19,0,1,38.0,6.33,36.0,1/13,19,0,1,13,14,0
2008,14,10,206,25.75,149.27,16,9,0,0,45*,0,1,68.0,9.71,42.0,3/13,45,1,3,13,15,0
2009,13,11,193,21.44,126.97,14,7,0,0,35,0,4,21.0,7.0,18.0,3/13,35,0,3,13,15,0
2010,3,3,58,29.0,113.72,4,2,0,0,27,0,0,0.0,0.0,0.0,,27,0,0,0,15,0
2011,10,9,61,8.71,91.04,9,0,0,0,17*,0,2,47.5,9.34,30.5,3/13,17,1,3,13,15,0
2012,4,4,45,15.0,91.83,2,1,0,0,24,0,0,0.0,0.0,0.0,,24,0,0,0,15,0
2013,11,9,66,11.0,90.41,5,0,0,0,25*,0,2,29.5,7.37,24.0,3/13,25,1,3,13,15,0
2014,5,4,43,14.33,91.48,5,1,0,0,23,0,0,0.0,0.0,0.0,,23,0,0,0,15,0
2009,9,7,78,19.5,127.86,5,3,0,0,36*,0,0,0.0,0.0,0.0,,36,1,0,0,16,0
2010,6,5,56,28.0,116.66,3,3,0,0,32*,0,0,0.0,0.0,0.0,,32,1,0,0,16,0
2011,7,4,60,20.0,103.44,5,1,0,0,25,0,0,0.0,0.0,0.0,,25,0,0,0,16,0
2018,3,3,63,63.0,190.9,3,5,0,0,46*,0,0,0.0,0.0,0.0,,46,1,0,0,17,0
2019,3,3,9,4.5,100.0,1,0,0,0,5*,0,1,21.0,10.5,12.0,2/4,5,1,2,4,17,0
2020,8,7,71,14.2,126.78,6,3,0,0,31,0,2,45.5,9.1,30.0,2/4,31,0,2,4,17,0
2021,8,7,98,16.33,130.66,7,4,0,0,33,0,4,16.0,6.4,15.0,2/4,33,0,2,4,17,0
2022,14,14,426,30.43,133.12,47,13,2,0,75,1,0,0.0,0.0,0.0,,75,0,0,0,17,0
2023,11,11,226,20.55,143.94,28,6,2,0,67,4,2,62.0,10.33,36.0,26/1,67,0,26,1,17,0
2024,16,16,484,32.27,204.21,36,42,3,0,75*,7,2,25.5,7.28,21.0,24/2,75,1,24,2,17,0
2025,14,13,439,33.77,193.39,46,28,2,1,141,8,0,0.0,0.0,0.0,,141,0,0,0,17,0
2026,15,15,563,40.21,204.72,50,43,4,1,135*,10,0,0.0,0.0,0.0,,135,1,0,0,17,0
2023,4,4,33,8.25,106.45,1,2,0,0,20,4,0,0.0,0.0,0.0,,20,0,0,0,18,0
2024,14,12,327,32.7,159.51,36,13,2,0,65,2,0,0.0,0.0,0.0,,65,0,0,0,18,0
2025,13,13,301,25.08,146.82,28,12,1,0,51,3,0,0.0,0.0,0.0,,51,0,0,0,18,0
2026,4,4,108,27.0,122.72,15,1,1,0,51,0,0,0.0,0.0,0.0,,51,0,0,0,18,0
2013,0,0,0,0.0,0.0,0,0,0,0,0,0,3,15.0,6.42,14.0,2/27,0,0,2,27,19,1
2014,4,1,4,0.0,400.0,1,0,0,0,4*,0,3,37.66,7.88,28.66,2/27,4,1,2,27,19,1
2015,3,3,10,10.0,200.0,2,0,0,0,5*,0,1,128.0,10.66,72.0,2/27,5,1,2,27,19,0
2008,14,14,436,33.53,137.1,51,19,3,1,109*,0,0,0.0,0.0,0.0,,109,1,0,0,20,0
2009,16,16,495,30.93,152.3,54,29,3,0,85,0,0,0.0,0.0,0.0,,85,0,0,0,20,0
2010,16,16,289,18.06,156.21,31,16,1,0,54,0,0,0.0,0.0,0.0,,54,0,0,0,20,0
2011,14,14,383,27.35,129.83,41,18,2,1,106,0,0,0.0,0.0,0.0,,106,0,0,0,20,0
2012,7,7,172,34.4,120.27,21,4,1,0,64*,0,0,0.0,0.0,0.0,,64,1,0,0,20,0
2013,13,13,294,24.5,128.38,41,6,1,0,85*,0,0,0.0,0.0,0.0,,85,1,0,0,20,0
2016,0,0,0,0.0,0.0,0,0,0,0,0,0,1,43.0,10.75,24.0,2/21,0,0,2,21,21,1
2017,4,3,7,3.5,58.33,0,0,0,0,5,0,3,44.66,9.57,28.0,2/21,5,0,2,21,21,0
2021,4,3,16,8.0,94.11,0,1,0,0,15,0,3,43.66,9.35,28.0,2/21,15,0,2,21,21,0
2026,1,1,2,0.0,100.0,0,0,0,0,2*,0,0,0.0,0.0,0.0,,2,1,0,0,21,0
2010,9,7,181,45.25,126.57,15,3,0,0,45*,0,0,0.0,0.0,0.0,,45,1,0,0,22,0
2016,5,1,0,0.0,0.0,0,0,0,0,0*,0,12,9.58,6.76,8.5,6/19,0,1,6,19,23,0
2017,6,1,5,5.0,71.42,1,0,0,0,5,0,7,23.28,8.21,17.0,6/19,5,0,6,19,23,0
2020,0,0,0,0.0,0.0,0,0,0,0,0,0,2,46.0,8.36,33.0,6/19,0,0,6,19,23,1
2023,6,3,10,3.33,62.5,0,0,0,0,7,0,8,23.5,8.54,16.5,22/3,7,0,22,3,23,0
2025,0,0,0,0.0,0.0,0,0,0,0,0,0,2,47.0,11.75,24.0,46/1,0,0,46,1,23,1
2023,2,2,22,11.0,137.5,2,1,0,0,18,0,2,28.0,8.0,21.0,23/2,18,0,23,2,24,0
2010,3,2,34,17.0,154.54,3,1,0,0,30,0,5,22.4,10.18,13.2,2/36,30,0,2,36,25,0
2010,7,4,50,12.5,138.88,5,3,0,0,23,0,0,0.0,0.0,0.0,,23,0,0,0,26,0
2013,5,5,123,24.6,146.42,14,5,1,0,59,0,0,0.0,0.0,0.0,,59,0,0,0,26,0
2014,15,12,126,15.75,128.57,16,3,0,0,24,0,0,0.0,0.0,0.0,,24,0,0,0,26,0
2015,2,2,14,7.0,82.35,1,0,0,0,7,0,0,0.0,0.0,0.0,,7,0,0,0,26,0
2016,3,2,8,4.0,53.33,1,0,0,0,8,0,0,0.0,0.0,0.0,,8,0,0,0,26,0
2017,3,3,18,6.0,78.26,3,0,0,0,18,0,0,0.0,0.0,0.0,,18,0,0,0,26,0
2010,3,3,42,21.0,100.0,5,1,0,0,33,0,0,0.0,0.0,0.0,,33,0,0,0,27,0
2011,6,6,120,20.0,137.93,21,2,1,0,51,0,0,0.0,0.0,0.0,,51,0,0,0,28,0
2021,6,6,146,29.2,122.68,12,4,0,0,42,0,0,0.0,0.0,0.0,,42,0,0,0,29,0
2022,14,12,381,47.63,139.05,25,19,3,0,68*,6,1,64.0,10.66,36.0,8/1,68,1,8,1,29,0
2023,13,13,248,22.55,125.88,18,8,1,0,50,10,1,70.0,8.57,49.0,24/1,50,0,24,1,29,0
2024,11,11,220,24.44,124.29,18,4,1,0,50,5,0,0.0,0.0,0.0,,50,0,0,0,29,0
2025,13,13,445,34.23,148.82,38,22,5,0,66,7,4,25.5,9.27,16.5,30/2,66,0,30,2,29,0
2026,12,11,231,25.67,138.32,20,11,0,0,45,8,0,0.0,0.0,0.0,,45,0,0,0,29,0
2008,0,0,0,0.0,0.0,0,0,0,0,0,0,1,24.0,6.0,24.0,2/19,0,0,2,19,30,1
2009,4,1,0,0.0,0.0,0,0,0,0,0*,0,3,39.0,7.31,32.0,2/19,0,1,2,19,30,0
2010,2,1,1,0.0,100.0,0,0,0,0,1*,0,2,33.0,8.25,24.0,2/19,1,1,2,19,30,0
2013,3,1,2,2.0,50.0,0,0,0,0,2,0,2,39.0,6.5,36.0,2/19,2,0,2,19,30,0
2008,2,2,4,2.0,23.52,1,0,0,0,4,0,0,0.0,0.0,0.0,,4,0,0,0,31,0
2009,8,7,144,24.0,117.07,12,3,2,0,62*,0,0,0.0,0.0,0.0,,62,1,0,0,31,0
2011,10,7,120,20.0,122.44,12,2,1,0,52,0,0,0.0,0.0,0.0,,52,0,0,0,31,0
2012,16,16,560,40.0,129.33,73,10,3,1,103*,0,0,0.0,0.0,0.0,,103,1,0,0,31,0
2013,18,18,488,34.85,106.55,42,11,4,0,68*,0,0,0.0,0.0,0.0,,68,1,0,0,31,0
2014,13,12,339,28.25,116.49,38,3,3,0,72,0,0,0.0,0.0,0.0,,72,0,0,0,31,0
2015,14,13,540,49.09,130.75,53,13,4,0,91*,0,0,0.0,0.0,0.0,,91,1,0,0,31,0
2016,14,14,480,43.63,126.64,54,9,6,0,74,0,0,0.0,0.0,0.0,,74,0,0,0,31,0
2017,16,16,382,25.46,118.26,35,9,2,0,60,0,0,0.0,0.0,0.0,,60,0,0,0,31,0
2018,15,14,370,28.46,118.21,39,5,1,0,65*,0,0,0.0,0.0,0.0,,65,1,0,0,31,0
2019,14,13,393,32.75,137.89,45,9,1,1,105*,0,0,0.0,0.0,0.0,,105,1,0,0,31,0
2020,9,8,113,14.12,105.6,12,2,1,0,60,0,0,0.0,0.0,0.0,,60,0,0,0,31,0
2021,2,1,8,8.0,100.0,1,0,0,0,8,0,0,0.0,0.0,0.0,,8,0,0,0,31,0
2022,7,7,133,19.0,103.9,14,4,0,0,44,3,0,0.0,0.0,0.0,,44,0,0,0,31,0
2023,14,11,326,32.6,172.48,24,16,2,0,71*,8,0,0.0,0.0,0.0,,71,1,0,0,31,0
2024,13,12,242,20.17,123.46,23,7,0,0,45,1,0,0.0,0.0,0.0,,45,0,0,0,31,0
2025,13,12,390,35.45,147.72,36,20,3,0,61,5,0,0.0,0.0,0.0,,61,0,0,0,31,0
2026,14,14,335,25.77,135.08,25,18,2,0,67,8,0,0.0,0.0,0.0,,67,0,0,0,31,0
2008,9,6,54,10.8,117.39,5,2,0,0,20,0,8,25.87,7.96,19.5,3/25,20,0,3,25,32,0
2009,11,7,66,33.0,115.78,3,3,0,0,39,0,6,47.33,9.16,31.0,3/25,39,0,3,25,32,0
2010,7,4,40,40.0,137.93,4,0,0,0,17,0,4,50.75,9.22,33.0,3/25,17,0,3,25,32,0
2011,7,2,7,7.0,116.66,1,0,0,0,7*,0,8,28.87,8.55,20.25,3/25,7,1,3,25,32,0
2012,0,0,0,0.0,0.0,0,0,0,0,0,0,3,44.66,9.34,28.66,3/25,0,0,3,25,32,1
2013,4,2,12,12.0,75.0,0,0,0,0,9*,0,0,0.0,0.0,0.0,,9,1,0,0,32,0
2012,0,0,0,0.0,0.0,0,0,0,0,0,0,5,17.2,6.14,16.8,4/13,0,0,4,13,33,1
2013,8,1,4,0.0,66.66,0,0,0,0,4*,0,6,26.0,6.24,25.0,4/13,4,1,4,13,33,0
2022,0,0,0,0.0,0.0,0,0,0,0,0,0,5,41.0,10.88,22.6,45/3,0,0,45,3,34,1
2023,2,1,17,17.0,212.5,2,1,0,0,17,1,1,59.0,11.8,30.0,29/1,17,0,29,1,34,0
2024,1,1,2,0.0,100.0,0,0,0,0,2*,0,1,55.0,15.71,21.0,55/1,2,1,55,1,34,0
2025,6,2,6,6.0,300.0,0,1,0,0,6*,0,3,76.33,12.05,38.0,55/2,6,1,55,2,34,0
2023,0,0,0,0.0,0.0,0,0,0,0,0,0,14,15.64,8.58,10.92,5/5,0,0,5,5,35,1
2024,5,1,4,0.0,80.0,0,0,0,0,4*,1,5,41.0,11.28,21.8,20/3,4,1,20,3,35,0
2025,4,1,4,0.0,44.44,0,0,0,0,4*,0,4,41.5,11.06,22.5,29/3,4,1,29,3,35,0
2023,0,0,0,0.0,0.0,0,0,0,0,0,0,5,37.6,9.89,22.8,40/2,0,0,40,2,36,1
2025,0,0,0,0.0,0.0,0,0,0,0,0,0,4,24.75,8.86,16.75,30/2,0,0,30,2,36,1
2026,0,0,0,0.0,0.0,0,0,0,0,0,0,4,20.0,11.42,10.5,26/3,0,0,26,3,36,1
2023,1,1,16,0.0,160.0,1,1,0,0,16*,0,1,40.0,10.0,24.0,40/1,16,1,40,1,37,0
2026,7,3,5,0.0,166.66,0,0,0,0,3*,2,8,24.75,8.02,18.5,17/4,3,1,17,4,37,0
2018,1,1,4,0.0,80.0,0,0,0,0,4*,0,0,0.0,0.0,0.0,,4,1,0,0,38,0
2026,3,2,29,14.5,116.0,1,1,0,0,18,1,0,0.0,0.0,0.0,,18,0,0,0,39,0
2012,5,3,73,24.33,123.72,6,2,0,0,42,0,1,32.0,10.66,18.0,1/32,42,0,1,32,40,0
2013,7,7,91,13.0,90.09,9,0,0,0,27,0,0,0.0,0.0,0.0,,27,0,0,0,40,0
2016,4,3,20,6.66,74.07,1,0,0,0,12,0,0,0.0,0.0,0.0,,12,0,0,0,41,0
2017,1,1,0,0.0,0.0,0,0,0,0,0*,0,0,0.0,0.0,0.0,,0,1,0,0,41,0
2018,1,1,9,9.0,69.23,1,0,0,0,9,0,0,0.0,0.0,0.0,,9,0,0,0,41,0
2019,8,5,61,12.2,107.01,5,2,0,0,24,0,0,0.0,0.0,0.0,,24,0,0,0,41,0
2008,13,10,241,34.42,147.85,18,14,1,0,71,0,17,23.47,8.31,16.94,4/32,71,0,4,32,42,0
2009,12,10,97,24.25,138.57,8,4,0,0,21*,0,13,24.92,8.1,18.46,4/32,21,1,4,32,42,0
2010,14,11,198,24.75,151.14,10,13,1,0,62,0,11,36.81,8.49,26.0,4/32,62,0,4,32,42,0
2011,15,13,138,23.0,135.29,8,8,0,0,30*,0,15,25.46,8.48,18.0,4/32,30,1,4,32,42,0
2012,16,12,107,15.28,157.35,5,6,0,0,28,0,13,29.61,7.77,22.84,4/32,28,0,4,32,42,0
2013,8,3,46,15.33,124.32,2,3,0,0,23,0,7,22.71,6.62,20.57,4/32,23,0,4,32,42,0
2014,7,5,45,15.0,109.75,1,3,0,0,16,0,4,31.5,7.87,24.0,4/32,16,0,4,32,42,0
2015,4,3,86,86.0,132.3,9,2,1,0,73*,0,3,36.33,9.08,24.0,4/32,73,1,4,32,42,0
2016,2,1,16,16.0,177.77,0,2,0,0,16,0,2,33.0,13.2,15.0,4/32,16,0,4,32,42,0
2020,3,3,32,16.0,110.34,0,1,0,0,14*,0,0,0.0,0.0,0.0,,14,1,0,0,43,0
2018,6,6,148,24.66,125.42,13,6,0,0,45,0,0,0.0,0.0,0.0,,45,0,0,0,44,0
2011,0,0,0,0.0,0.0,0,0,0,0,0,0,11,27.0,7.71,21.0,3/22,0,0,3,22,45,1
2012,4,2,19,9.5,126.66,1,1,0,0,12,0,3,36.33,7.78,28.0,3/22,12,0,3,22,45,0
2010,0,0,0,0.0,0.0,0,0,0,0,0,0,3,30.33,7.58,24.0,3/15,0,0,3,15,46,1
2011,5,1,2,0.0,40.0,0,0,0,0,2*,0,3,39.0,5.85,40.0,3/15,2,1,3,15,46,0
2012,1,1,3,0.0,60.0,0,0,0,0,3*,0,0,0.0,0.0,0.0,,3,1,0,0,46,0
2013,3,1,5,5.0,125.0,1,0,0,0,5,0,3,31.33,9.4,20.0,3/15,5,0,3,15,46,0
2019,3,2,15,0.0,115.38,2,0,0,0,15*,0,6,14.5,10.03,8.66,6/12,15,1,6,12,47,0
2022,9,3,5,5.0,71.42,0,0,0,0,4*,1,7,37.71,8.8,25.71,34/2,4,1,34,2,47,0
2023,7,2,7,0.0,58.33,1,0,0,0,7*,2,7,32.14,9.37,20.57,27/2,7,1,27,2,47,0
2024,0,0,0,0.0,0.0,0,0,0,0,0,0,1,115.0,11.89,58.0,43/1,0,0,43,1,47,1
2022,1,1,5,5.0,166.66,1,0,0,0,5,0,0,0.0,0.0,0.0,,5,0,0,0,48,0
2023,11,9,110,13.75,108.91,7,6,1,0,51,9,0,0.0,0.0,0.0,,51,0,0,0,48,0
2010,14,14,356,27.38,144.71,34,13,2,0,55*,0,0,0.0,0.0,0.0,,55,1,0,0,49,0
2011,16,16,395,28.21,112.85,44,9,4,0,63*,0,0,0.0,0.0,0.0,,63,1,0,0,49,0
2012,17,15,333,37.0,132.14,21,14,2,0,81*,0,0,0.0,0.0,0.0,,81,1,0,0,49,0
2013,19,17,265,18.92,114.71,22,4,0,0,37,0,0,0.0,0.0,0.0,,37,0,0,0,49,0
2014,15,14,361,25.78,125.78,31,8,2,0,68,0,0,0.0,0.0,0.0,,68,0,0,0,49,0
2015,15,14,281,31.22,145.59,18,16,1,0,53*,0,0,0.0,0.0,0.0,,53,1,0,0,49,0
2016,13,12,334,30.36,120.14,28,12,2,0,65,0,0,0.0,0.0,0.0,,65,0,0,0,49,0
2017,5,5,91,18.2,116.66,7,3,1,0,63,0,0,0.0,0.0,0.0,,63,0,0,0,49,0
2018,16,16,602,43.0,149.75,53,34,3,1,100*,0,0,0.0,0.0,0.0,,100,1,0,0,49,0
2019,17,17,282,23.5,93.06,20,7,1,0,57,0,0,0.0,0.0,0.0,,57,0,0,0,49,0
2020,12,11,359,39.88,127.3,30,12,1,0,71,0,0,0.0,0.0,0.0,,71,0,0,0,49,0
2021,16,13,257,28.55,151.17,16,17,2,0,72*,0,0,0.0,0.0,0.0,,72,1,0,0,49,0
2022,13,11,274,24.91,122.32,25,15,1,0,78,4,0,0.0,0.0,0.0,,78,0,0,0,49,0
2023,16,12,158,15.8,139.82,10,9,0,0,27*,2,0,0.0,0.0,0.0,,27,1,0,0,49,0
2008,6,3,37,12.33,88.09,3,0,0,0,31,0,11,12.9,7.15,10.81,5/17,31,0,5,17,50,0
2009,11,5,26,8.66,130.0,2,2,0,0,13*,0,14,21.0,6.97,18.07,5/17,13,1,5,17,50,0
2010,14,7,39,9.75,76.47,1,0,0,0,12,0,17,21.35,6.84,18.7,5/17,12,0,5,17,50,0
2011,14,9,68,17.0,138.77,9,1,0,0,25*,0,19,18.84,6.71,16.84,5/17,25,1,5,17,50,0
2012,14,5,16,5.33,80.0,1,0,0,0,8*,0,13,29.0,8.02,21.69,5/17,8,1,5,17,50,0
2013,17,8,89,14.83,92.7,9,0,0,0,30,0,21,18.76,6.35,17.71,5/17,30,0,5,17,50,0
2014,10,2,4,4.0,57.14,0,0,0,0,4*,0,7,48.57,9.06,32.14,5/17,4,1,5,17,50,0
2015,12,4,8,4.0,66.66,0,0,0,0,4,0,9,34.44,7.71,26.77,5/17,4,0,5,17,50,0
2016,14,2,4,2.0,28.57,0,0,0,0,3,0,13,26.46,7.47,21.23,5/17,3,0,5,17,50,0
2017,14,6,49,49.0,94.23,2,2,0,0,13*,0,10,34.3,8.83,23.3,5/17,13,1,5,17,50,0
2018,10,1,1,0.0,50.0,0,0,0,0,1*,0,12,22.0,7.13,18.5,5/17,1,1,5,17,50,0
2019,11,4,21,10.5,87.5,2,0,0,0,8,0,11,24.54,6.75,21.81,5/17,8,0,5,17,50,0
2020,0,0,0,0.0,0.0,0,0,0,0,0,0,3,24.0,7.2,20.0,5/17,0,0,5,17,50,1
2021,0,0,0,0.0,0.0,0,0,0,0,0,0,6,18.16,7.78,14.0,5/17,0,0,5,17,50,1
2023,7,1,19,19.0,63.33,2,0,0,0,19,1,7,21.28,7.84,16.28,21/2,19,0,21,2,50,0
2024,0,0,0,0.0,0.0,0,0,0,0,0,0,1,20.0,10.0,12.0,20/1,0,0,20,1,50,1
2011,4,4,49,12.25,85.96,9,0,0,0,20,0,0,0.0,0.0,0.0,,20,0,0,0,51,0
2009,5,2,1,1.0,33.33,0,0,0,0,1*,0,9,10.55,5.42,11.66,4/19,1,1,4,19,52,0
2011,9,2,1,0.5,25.0,0,0,0,0,1,0,9,23.88,7.54,19.0,4/19,1,0,4,19,52,0
2012,0,0,0,0.0,0.0,0,0,0,0,0,0,10,31.0,9.44,19.7,4/19,0,0,4,19,52,1
2010,2,2,4,4.0,57.14,0,0,0,0,4*,0,2,33.0,11.0,18.0,2/41,4,1,2,41,53,0
2011,0,0,0,0.0,0.0,0,0,0,0,0,0,3,16.66,10.0,10.0,3/27,0,0,3,27,54,1
2012,0,0,0,0.0,0.0,0,0,0,0,0,0,3,36.33,9.21,23.66,3/27,0,0,3,27,54,1
2013,0,0,0,0.0,0.0,0,0,0,0,0,0,2,21.0,5.25,24.0,3/27,0,0,3,27,54,1
2008,0,0,0,0.0,0.0,0,0,0,0,0,0,1,31.0,10.33,18.0,1/31,0,0,1,31,55,1
2012,4,2,47,23.5,180.76,3,3,0,0,31,0,1,161.0,10.06,96.0,5/15,31,0,5,15,56,0
2013,3,2,11,5.5,78.57,0,0,0,0,7,0,0,0.0,0.0,0.0,,7,0,0,0,56,0
2014,2,2,2,1.0,25.0,0,0,0,0,1,0,1,52.0,10.4,30.0,5/15,1,0,5,15,56,0
2015,13,11,326,36.22,192.89,35,19,3,0,66,0,14,23.14,7.96,17.42,5/15,66,0,5,15,56,0
2016,12,8,188,26.85,164.91,10,15,0,0,39*,0,15,19.4,7.97,14.6,5/15,39,1,5,15,56,0
2018,16,14,316,28.72,184.79,17,31,1,0,88*,0,13,27.3,9.38,17.46,5/15,88,1,5,15,56,0
2019,14,13,510,56.66,204.81,31,52,4,0,80*,0,11,26.09,9.51,16.45,5/15,80,1,5,15,56,0
2020,10,9,117,13.0,144.44,9,9,0,0,25,0,6,29.16,9.72,18.0,5/15,25,0,5,15,56,0
2021,10,9,183,26.14,152.5,14,14,1,0,54,0,11,17.09,9.89,10.36,5/15,54,0,5,15,56,0
2022,14,12,335,37.22,174.47,18,32,1,0,70*,1,17,16.35,9.86,9.94,5/4,70,1,5,4,56,0
2023,14,14,227,20.64,145.51,13,18,0,0,42,6,7,24.57,11.34,13.0,22/3,42,0,22,3,56,0
2024,15,9,222,31.71,185.0,20,16,1,0,64*,3,19,15.52,10.05,9.26,19/3,64,1,19,3,56,0
2025,13,10,167,18.56,163.72,16,14,1,0,57*,4,8,27.12,11.94,13.62,21/2,57,1,21,2,56,0
2009,3,3,62,31.0,116.98,5,2,0,0,24,0,2,52.5,9.54,33.0,1/11,24,0,1,11,57,0
2010,4,3,65,0.0,125.0,3,2,0,0,33*,0,5,27.6,9.85,16.8,2/25,33,1,2,25,58,0
2011,1,1,8,8.0,114.28,0,0,0,0,8,0,0,0.0,0.0,0.0,,8,0,0,0,58,0
2012,4,3,47,23.5,134.28,6,2,0,0,30,0,5,12.2,6.1,12.0,2/25,30,0,2,25,58,0
2013,0,0,0,0.0,0.0,0,0,0,0,0,0,1,17.0,8.5,12.0,2/25,0,0,2,25,58,1
2008,4,3,161,80.5,153.33,15,9,0,1,117*,0,0,0.0,0.0,0.0,,117,1,0,0,59,0
2009,8,8,249,35.57,150.0,15,11,1,0,60*,0,7,22.85,6.66,20.57,3/21,60,1,3,21,59,0
2010,16,16,429,30.64,125.8,35,18,4,0,54,0,12,31.0,7.01,26.5,3/21,54,0,3,21,59,0
2011,11,9,135,33.75,97.82,9,3,0,0,44*,0,1,41.0,10.25,24.0,3/21,44,1,3,21,59,0
2017,6,3,53,26.5,176.66,4,3,0,0,25,0,12,11.75,6.71,10.5,5/17,25,0,5,17,60,0
2018,14,8,32,5.33,84.21,2,1,0,0,14,0,24,18.66,8.0,14.0,5/17,14,0,5,17,60,0
2019,6,1,0,0.0,0.0,0,0,0,0,0*,0,3,77.66,10.59,44.0,5/17,0,1,5,17,60,0
2020,1,1,6,6.0,100.0,0,1,0,0,6,0,1,50.0,12.5,24.0,5/17,6,0,5,17,60,0
2022,0,0,0,0.0,0.0,0,0,0,0,0,0,2,53.5,9.72,33.0,40/2,0,0,40,2,60,1
2009,1,1,16,16.0,123.07,2,0,0,0,16,0,0,0.0,0.0,0.0,,16,0,0,0,61,0
2010,14,11,233,33.28,126.63,18,8,1,0,65*,0,8,39.25,8.37,28.12,4/19,65,1,4,19,61,0
2012,9,8,127,18.14,117.59,5,4,0,0,35,0,7,27.42,7.38,22.28,4/19,35,0,4,19,61,0
2013,11,10,172,24.57,123.74,5,10,0,0,40,0,5,48.0,7.74,37.2,4/19,40,0,4,19,61,0
2015,11,10,144,20.57,138.46,12,6,0,0,28,0,7,35.14,8.2,25.71,4/19,28,0,4,19,61,0
2017,3,2,32,16.0,118.51,2,1,0,0,31,0,0,0.0,0.0,0.0,,31,0,0,0,61,0
2024,10,7,163,23.29,155.23,16,8,1,0,54,4,0,0.0,0.0,0.0,,54,0,0,0,62,0
2025,12,11,300,33.33,139.53,30,8,1,0,50,2,0,0.0,0.0,0.0,,50,0,0,0,62,0
2026,13,12,422,42.2,146.52,40,19,5,0,82*,5,0,0.0,0.0,0.0,,82,1,0,0,62,0
2017,5,3,25,25.0,125.0,1,1,0,0,15*,0,5,28.8,8.55,20.2,2/17,15,1,2,17,63,0
2025,14,12,236,26.22,166.19,12,20,1,0,74,6,0,0.0,0.0,0.0,,74,0,0,0,64,0
2026,10,8,79,13.17,146.29,6,5,0,0,43,5,0,0.0,0.0,0.0,,43,0,0,0,64,0
2008,10,5,13,6.5,76.47,1,0,0,0,8,0,7,43.42,7.93,32.85,5/5,8,0,5,5,65,0
2009,16,7,16,16.0,84.21,2,0,0,0,7*,0,21,16.52,5.86,16.9,5/5,7,1,5,5,65,0
2010,16,5,6,0.0,54.54,0,0,0,0,2*,0,17,23.94,6.42,22.35,5/5,2,1,5,5,65,0
2010,5,4,63,15.75,95.45,6,1,0,0,40,0,0,0.0,0.0,0.0,,40,0,0,0,66,0
2011,2,1,1,1.0,33.33,0,0,0,0,1,0,0,0.0,0.0,0.0,,1,0,0,0,67,0
2012,8,2,11,11.0,137.5,2,0,0,0,7*,0,7,33.71,8.63,23.42,2/23,7,1,2,23,67,0
2013,0,0,0,0.0,0.0,0,0,0,0,0,0,1,63.0,7.0,54.0,2/23,0,0,2,23,67,1
2017,1,1,12,0.0,100.0,1,0,0,0,12*,0,0,0.0,0.0,0.0,,12,1,0,0,68,0
2013,0,0,0,0.0,0.0,0,0,0,0,0,0,1,35.0,8.75,24.0,5/14,0,0,5,14,69,1
2016,0,0,0,0.0,0.0,0,0,0,0,0,0,3,32.66,8.9,22.0,5/14,0,0,5,14,69,1
2017,5,1,4,4.0,57.14,1,0,0,0,4,0,4,26.75,7.64,21.0,5/14,4,0,5,14,69,0
2018,8,3,11,3.66,61.11,1,0,0,0,8,0,11,20.27,8.52,14.27,5/14,8,0,5,14,69,0
2019,0,0,0,0.0,0.0,0,0,0,0,0,0,3,50.66,9.5,32.0,5/14,0,0,5,14,69,1
2020,6,2,9,9.0,90.0,0,1,0,0,7*,0,2,99.5,11.7,51.0,5/14,7,1,5,14,69,0
2012,9,4,18,6.0,138.46,0,2,0,0,15,0,4,41.25,6.82,36.25,2/20,15,0,2,20,70,0
2014,3,2,34,17.0,113.33,4,1,0,0,30,0,4,10.75,5.37,12.0,2/20,30,0,2,20,70,0
2015,4,2,7,7.0,116.66,1,0,0,0,7*,0,3,38.0,8.14,28.0,2/20,7,1,2,20,70,0
2016,3,1,3,0.0,100.0,0,0,0,0,3*,0,1,84.0,7.63,66.0,2/20,3,1,2,20,70,0
2017,1,1,25,25.0,166.66,2,1,0,0,25,0,0,0.0,0.0,0.0,,25,0,0,0,70,0
2017,7,3,7,3.5,77.77,0,1,0,0,7*,0,2,72.0,7.92,54.5,1/16,7,1,1,16,71,0
2021,1,1,16,16.0,114.28,2,1,0,0,16,0,0,0.0,0.0,0.0,,16,0,0,0,72,0
2022,2,2,13,6.5,100.0,1,0,0,0,8,0,0,0.0,0.0,0.0,,8,0,0,0,72,0
2023,4,4,105,26.25,128.04,15,2,0,0,36,1,0,0.0,0.0,0.0,,36,0,0,0,72,0
2024,2,2,5,2.5,83.33,1,0,0,0,5,0,0,0.0,0.0,0.0,,5,0,0,0,72,0
2020,16,5,7,7.0,116.66,0,0,0,0,3*,0,22,23.27,8.39,16.63,3/33,3,1,3,33,73,0
2021,0,0,0,0.0,0.0,0,0,0,0,0,0,12,15.58,6.16,15.16,3/33,0,0,3,33,73,1
2022,6,1,1,0.0,16.66,0,0,0,0,1*,2,9,24.11,9.71,14.88,42/3,1,1,42,3,73,0
2023,10,7,37,12.33,127.58,6,0,0,0,23*,1,10,36.4,9.1,24.0,20/2,23,1,20,2,73,0
2024,6,2,4,2.0,50.0,0,0,0,0,4,1,7,42.0,13.36,18.85,59/3,4,0,59,3,73,0
2025,0,0,0,0.0,0.0,0,0,0,0,0,0,1,83.0,11.85,42.0,23/1,0,0,23,1,73,1
2024,3,1,2,0.0,100.0,0,0,0,0,2*,3,2,57.0,11.4,30.0,24/1,2,1,24,1,74,0
2025,8,5,14,7.0,116.66,2,0,0,0,5*,1,8,21.5,8.0,16.12,13/3,5,1,13,3,74,0
2026,14,4,58,29.0,152.63,3,4,0,0,19*,2,21,25.23,10.52,14.38,22/3,19,1,22,3,74,0
2021,2,1,0,0.0,0.0,0,0,0,0,0*,0,0,0.0,0.0,0.0,,0,1,0,0,75,0
2022,8,8,129,16.13,109.32,10,7,1,0,66,6,0,0.0,0.0,0.0,,66,0,0,0,75,0
2023,9,7,91,30.33,128.16,6,4,0,0,29*,3,0,0.0,0.0,0.0,,29,1,0,0,75,0
2024,5,5,98,24.5,127.27,10,3,0,0,48,5,0,0.0,0.0,0.0,,48,0,0,0,75,0
2019,0,0,0,0.0,0.0,0,0,0,0,0,0,1,11.0,5.5,12.0,1/11,0,0,1,11,76,1
2022,0,0,0,0.0,0.0,0,0,0,0,0,0,1,55.0,7.85,42.0,28/1,0,0,28,1,76,1
2023,4,4,23,11.5,121.05,3,0,0,0,13*,3,3,21.66,8.12,16.0,19/2,13,1,19,2,76,0
2024,4,1,3,0.0,100.0,0,0,0,0,3*,0,0,0.0,0.0,0.0,,3,1,0,0,76,0
2025,0,0,0,0.0,0.0,0,0,0,0,0,0,1,27.0,6.75,24.0,27/1,0,0,27,1,76,1
2026,14,7,52,13.0,133.33,3,2,0,0,29*,8,9,29.0,9.6,18.11,31/2,29,1,31,2,76,0
2009,0,0,0,0.0,0.0,0,0,0,0,0,0,2,23.5,9.4,15.0,3/23,0,0,3,23,77,1
2015,14,6,18,6.0,58.06,0,1,0,0,10,0,15,31.0,9.0,20.66,3/23,10,0,3,23,77,0
2017,1,1,15,15.0,125.0,2,0,0,0,15,0,0,0.0,0.0,0.0,,15,0,0,0,77,0
2018,3,1,3,0.0,75.0,0,0,0,0,3*,0,1,42.0,10.5,24.0,3/23,3,1,3,23,77,0
2012,4,4,87,21.75,114.47,7,2,0,0,31,0,0,0.0,0.0,0.0,,31,0,0,0,78,0
2009,2,2,7,3.5,87.5,1,0,0,0,7,0,0,0.0,0.0,0.0,,7,0,0,0,79,0
2023,4,1,13,13.0,144.44,0,1,0,0,13,0,3,30.66,9.35,19.66,9/1,13,0,9,1,80,0
2026,1,1,5,0.0,100.0,0,0,0,0,5*,1,1,36.0,9.0,24.0,36/1,5,1,36,1,80,0
2008,8,6,49,9.8,125.64,5,2,0,0,16,0,0,0.0,0.0,0.0,,16,0,0,0,81,0
2023,6,3,18,9.0,120.0,0,1,0,0,15*,1,5,38.0,13.41,17.0,39/3,15,1,39,3,82,0
2024,4,4,83,41.5,153.7,6,5,1,0,58*,1,1,114.0,11.21,61.0,45/1,58,1,45,1,82,0
2019,0,0,0,0.0,0.0,0,0,0,0,0,0,3,36.33,10.9,20.0,5/32,0,0,5,32,83,1
2020,8,1,0,0.0,0.0,0,0,0,0,0*,0,9,24.22,8.77,16.55,5/32,0,1,5,32,83,0
2021,12,2,2,0.0,66.66,0,0,0,0,1*,0,18,19.0,8.27,13.77,5/32,1,1,5,32,83,0
2022,14,6,21,7.0,72.41,3,0,0,0,10*,4,10,38.5,7.7,30.0,37/3,10,1,37,3,83,0
2023,14,2,2,0.0,100.0,0,0,0,0,2*,1,17,29.0,9.69,17.94,29/4,2,1,29,4,83,0
2024,14,1,4,4.0,133.33,1,0,0,0,4,1,19,26.57,10.03,15.89,29/4,4,0,29,4,83,0
2025,17,2,2,2.0,33.33,0,0,0,0,1*,4,21,24.66,8.88,16.66,16/3,1,1,16,3,83,0
2026,14,1,1,0.0,100.0,0,0,0,0,1*,4,14,38.64,10.2,22.71,22/3,1,1,22,3,83,0
2024,2,2,9,4.5,112.5,2,0,0,0,9,0,0,0.0,0.0,0.0,,9,0,0,0,84,0
2026,2,2,17,8.5,68.0,1,0,0,0,17,0,0,0.0,0.0,0.0,,17,0,0,0,85,0
2010,1,1,3,0.0,60.0,0,0,0,0,3*,0,0,0.0,0.0,0.0,,3,1,0,0,86,0
2011,3,2,7,3.5,87.5,1,0,0,0,6,0,0,0.0,0.0,0.0,,6,0,0,0,86,0
2013,12,5,41,13.66,107.89,3,1,0,0,19*,0,0,0.0,0.0,0.0,,19,1,0,0,86,0
2011,6,5,33,8.25,206.25,5,2,0,0,14,0,0,0.0,0.0,0.0,,14,0,0,0,87,0
2012,2,2,6,6.0,85.71,0,0,0,0,4,0,0,0.0,0.0,0.0,,4,0,0,0,87,0
2008,14,4,3,3.0,23.07,0,0,0,0,2*,0,12,29.0,7.76,22.41,4/10,2,1,4,10,88,0
2010,4,2,23,23.0,115.0,2,1,0,0,22*,0,6,16.0,6.85,14.0,4/10,22,1,4,10,88,0
2012,13,2,11,0.0,91.66,1,0,0,0,9*,0,11,36.54,8.37,26.18,4/10,9,1,4,10,88,0
2013,0,0,0,0.0,0.0,0,0,0,0,0,0,11,28.72,8.77,19.63,4/10,0,0,4,10,88,1
2014,0,0,0,0.0,0.0,0,0,0,0,0,0,8,17.75,9.46,11.25,4/10,0,0,4,10,88,1
2015,16,4,1,1.0,14.28,0,0,0,0,1*,0,22,20.4,7.24,16.9,4/10,1,1,4,10,88,0
2016,8,2,1,0.0,100.0,0,0,0,0,1*,0,9,22.11,7.65,17.33,4/10,1,1,4,10,88,0
2017,0,0,0,0.0,0.0,0,0,0,0,0,0,8,24.62,9.3,15.87,4/10,0,0,4,10,88,1
2012,9,6,35,8.75,120.68,3,1,0,0,10*,0,10,20.5,8.48,14.5,3/25,10,1,3,25,89,0
2013,12,10,125,20.83,140.44,8,5,0,0,36*,0,3,23.33,10.5,13.33,3/25,36,1,3,25,89,0
2015,6,5,73,24.33,158.69,3,5,0,0,22*,0,3,16.66,8.33,12.0,3/25,22,1,3,25,89,0
2016,4,3,47,23.5,162.06,2,4,0,0,32,0,1,39.0,10.17,23.0,3/25,32,0,3,25,89,0
2008,1,1,9,9.0,90.0,1,0,0,0,9,0,1,40.0,10.0,24.0,1/40,9,0,1,40,90,0
2008,13,3,2,2.0,50.0,0,0,0,0,1*,0,8,32.25,6.78,28.5,4/18,1,1,4,18,91,0
2009,9,2,2,1.0,66.66,0,0,0,0,2,0,4,48.25,8.04,36.0,4/18,2,0,4,18,91,0
2010,0,0,0,0.0,0.0,0,0,0,0,0,0,9,16.88,6.56,15.44,4/18,0,0,4,18,91,1
2011,0,0,0,0.0,0.0,0,0,0,0,0,0,5,30.4,8.94,20.4,4/18,0,0,4,18,91,1
2012,7,1,2,2.0,40.0,0,0,0,0,2,0,9,18.77,7.04,16.0,4/18,2,0,4,18,91,0
2013,13,5,9,4.5,81.81,1,0,0,0,6*,0,16,29.06,9.48,18.37,4/18,6,1,4,18,91,0
2014,9,3,4,4.0,33.33,0,0,0,0,2*,0,5,54.0,8.7,37.2,4/18,2,1,4,18,91,0
2016,0,0,0,0.0,0.0,0,0,0,0,0,0,11,21.0,7.57,16.63,4/18,0,0,4,18,91,1
2017,3,1,7,7.0,100.0,1,0,0,0,7,0,1,119.0,11.9,60.0,4/18,7,0,4,18,91,0
2011,13,10,180,20.0,118.42,10,10,0,0,34,0,2,60.5,8.06,45.0,2/20,34,0,2,20,92,0
2012,15,12,220,20.0,108.91,14,8,0,0,40,0,1,23.0,6.9,20.0,2/20,40,0,2,20,92,0
2026,6,2,1,0.0,25.0,0,0,0,0,1*,1,6,38.0,10.85,21.0,32/2,1,1,32,2,93,0
2019,4,4,3,1.0,30.0,0,0,0,0,3*,0,0,0.0,0.0,0.0,,3,1,0,0,94,0
2024,2,2,21,10.5,116.66,0,2,0,0,16,0,0,0.0,0.0,0.0,,16,0,0,0,94,0
2024,11,9,189,27.0,167.25,10,15,1,0,61,2,0,0.0,0.0,0.0,,61,0,0,0,95,0
2025,13,9,204,29.14,160.62,14,13,1,0,66*,2,0,0.0,0.0,0.0,,66,1,0,0,95,0
2026,8,8,171,34.2,181.91,15,12,0,0,39,2,0,0.0,0.0,0.0,,39,0,0,0,95,0
2025,0,0,0,0.0,0.0,0,0,0,0,0,0,11,21.09,11.31,11.18,24/4,0,0,24,4,96,1
2026,3,1,1,0.0,16.66,0,0,0,0,1*,0,6,17.0,10.2,10.0,24/4,1,1,24,4,96,0
2023,0,0,0,0.0,0.0,0,0,0,0,0,0,3,46.0,9.85,28.0,42/2,0,0,42,2,97,1
2023,7,7,186,26.57,144.18,20,6,2,0,66,5,0,0.0,0.0,0.0,,66,0,0,0,98,0
2024,2,2,61,30.5,156.41,7,2,0,0,46,0,0,0.0,0.0,0.0,,46,0,0,0,98,0
2025,1,1,13,13.0,144.44,3,0,0,0,13,0,0,0.0,0.0,0.0,,13,0,0,0,98,0
2026,5,2,14,14.0,350.0,2,1,0,0,10*,1,0,0.0,0.0,0.0,,10,1,0,0,99,0
2017,0,0,0,0.0,0.0,0,0,0,0,0,0,1,23.0,5.75,24.0,3/13,0,0,3,13,100,1
2018,0,0,0,0.0,0.0,0,0,0,0,0,0,4,51.0,10.73,28.5,3/13,0,0,3,13,100,1
2019,1,1,4,0.0,133.33,1,0,0,0,4*,0,0,0.0,0.0,0.0,,4,1,0,0,100,0
2021,16,1,5,0.0,166.66,1,0,0,0,5*,0,24,18.75,7.37,15.25,3/13,5,1,3,13,100,0
2022,13,4,22,22.0,169.23,0,3,0,0,12,2,18,23.11,8.72,15.88,24/4,12,0,24,4,100,0
2023,0,0,0,0.0,0.0,0,0,0,0,0,0,8,35.37,9.75,21.75,25/3,0,0,25,3,100,1
2024,16,3,10,0.0,200.0,1,0,0,0,7*,1,19,27.68,9.59,17.31,27/3,7,1,27,3,100,0
2025,13,4,21,21.0,175.0,3,1,0,0,19*,2,13,37.46,10.28,21.84,37/3,19,1,37,3,100,0
2026,7,4,6,6.0,100.0,1,0,0,0,4*,2,6,45.5,11.06,24.66,23/2,4,1,23,2,100,0
2014,17,8,62,10.33,103.33,6,1,0,0,42*,0,17,23.82,6.13,23.29,4/21,42,1,4,21,101,0
2015,14,12,206,22.88,118.39,13,8,0,0,40*,0,13,30.15,8.4,21.53,4/21,40,1,4,21,101,0
2016,14,10,111,15.85,144.15,4,8,0,0,36*,0,13,29.84,8.11,22.07,4/21,36,1,4,21,101,0
2017,14,13,227,28.37,140.12,11,11,0,0,44,0,15,24.13,7.54,19.2,4/21,44,0,4,21,101,0
2018,9,8,80,13.33,115.94,3,4,0,0,19,0,3,72.66,8.38,52.0,4/21,19,0,4,21,101,0
2019,14,12,110,18.33,125.0,10,3,0,0,26,0,10,36.4,7.13,30.6,4/21,26,0,4,21,101,0
2020,15,9,117,14.62,137.64,6,8,0,0,42,0,9,36.33,6.41,34.0,4/21,42,0,4,21,101,0
2021,12,6,40,8.0,86.95,2,1,0,0,12,0,15,20.4,6.65,18.4,4/21,12,0,4,21,101,0
2022,13,10,182,45.5,151.66,12,10,0,0,42*,8,6,53.5,7.46,43.0,10/2,42,1,10,2,101,0
2023,14,13,283,28.3,139.4,21,15,1,0,54,7,11,30.72,7.19,25.63,13/2,54,0,13,2,101,0
2024,14,12,235,29.38,131.28,19,10,2,0,66,11,11,30.63,7.65,24.0,25/2,66,0,25,2,101,0
2025,12,11,263,26.3,157.48,23,15,0,0,43,4,5,57.6,8.47,40.8,19/2,43,0,19,2,101,0
2026,14,11,173,19.22,131.06,16,6,1,0,56,7,11,32.72,8.18,24.0,18/2,56,0,18,2,101,0
2022,13,11,161,20.13,123.84,11,7,1,0,54,8,2,5.5,5.5,6.0,5/1,54,0,5,1,102,0
2023,15,12,238,23.8,138.37,13,12,1,0,59*,2,0,0.0,0.0,0.0,,59,1,0,0,102,0
2024,14,12,235,29.38,137.42,22,5,2,0,55*,3,0,0.0,0.0,0.0,,55,1,0,0,102,0
2025,14,11,329,32.9,148.19,27,14,2,0,74,4,2,6.5,7.8,5.0,4/2,74,0,4,2,102,0
2026,10,10,215,21.5,152.48,23,9,1,0,54,1,0,0.0,0.0,0.0,,54,0,0,0,102,0
2025,7,7,240,34.29,188.97,31,11,1,0,94,4,0,0.0,0.0,0.0,,94,0,0,0,103,0
2026,6,6,201,33.5,177.87,20,12,2,0,73,0,0,0.0,0.0,0.0,,73,0,0,0,103,0
2009,6,6,67,16.75,82.71,5,0,0,0,22,0,0,0.0,0.0,0.0,,22,0,0,0,104,0
2010,1,1,2,2.0,50.0,0,0,0,0,2,0,0,0.0,0.0,0.0,,2,0,0,0,104,0
2012,11,10,186,23.25,130.98,16,8,0,0,36,0,14,23.5,7.71,18.28,3/20,36,0,3,20,105,0
2013,11,10,196,19.6,127.27,22,5,2,0,80,0,15,22.0,7.52,17.53,3/20,80,0,3,20,105,0
2015,1,1,6,6.0,85.71,1,0,0,0,6,0,0,0.0,0.0,0.0,,6,0,0,0,105,0
2024,7,4,42,10.5,127.27,2,2,0,0,17,0,4,46.5,8.85,31.5,27/2,17,0,27,2,106,0
2025,9,5,57,14.25,139.02,6,3,0,0,21*,0,8,34.87,10.33,20.25,33/2,21,1,33,2,106,0
2026,3,2,52,26.0,192.59,3,5,0,0,38,0,3,34.33,9.36,22.0,36/2,38,0,36,2,106,0
2022,3,3,21,7.0,70.0,2,0,0,0,15,1,0,0.0,0.0,0.0,,15,0,0,0,107,0
2024,1,1,2,2.0,40.0,0,0,0,0,2,1,0,0.0,0.0,0.0,,2,0,0,0,108,0
2008,7,7,46,15.33,148.38,4,3,0,0,27*,0,2,67.0,7.73,52.0,2/17,27,1,2,17,109,0
2009,6,3,17,8.5,113.33,1,1,0,0,9,0,4,20.0,7.27,16.5,2/17,9,0,2,17,109,0
2011,1,1,13,13.0,144.44,0,1,0,0,13,0,0,0.0,0.0,0.0,,13,0,0,0,109,0
2016,14,4,4,0.0,100.0,0,0,0,0,2*,0,14,29.5,8.34,21.21,3/28,2,1,3,28,110,0
2018,6,4,3,3.0,42.85,0,0,0,0,2,0,4,57.25,10.4,33.0,3/28,2,0,3,28,110,0
2019,2,1,3,0.0,100.0,0,0,0,0,3*,0,0,0.0,0.0,0.0,,3,1,0,0,110,0
2017,12,5,28,0.0,100.0,1,1,0,0,13*,0,11,38.54,9.49,24.36,3/29,13,1,3,29,111,0
2018,4,2,3,3.0,50.0,0,0,0,0,3,0,5,22.8,11.21,12.2,3/29,3,0,3,29,111,0
2019,3,1,1,0.0,100.0,0,0,0,0,1*,0,0,0.0,0.0,0.0,,1,1,0,0,111,0
2020,0,0,0,0.0,0.0,0,0,0,0,0,0,1,46.0,11.5,24.0,3/29,0,0,3,29,111,1
2022,0,0,0,0.0,0.0,0,0,0,0,0,0,5,30.4,9.5,19.2,35/3,0,0,35,3,111,1
2014,1,1,8,8.0,133.33,0,1,0,0,8,0,1,31.0,7.75,24.0,2/20,8,0,2,20,112,0
2016,4,4,65,32.5,191.17,4,6,0,0,39*,0,5,16.0,7.16,13.4,2/20,39,1,2,20,112,0
2017,4,3,51,25.5,196.15,5,3,0,0,20,0,1,123.0,9.71,76.0,2/20,20,0,2,20,112,0
2018,9,6,96,24.0,165.51,5,8,0,0,37,0,2,84.0,9.88,51.0,2/20,37,0,2,20,112,0
2019,3,3,18,9.0,105.88,1,1,0,0,13*,0,1,27.0,13.5,12.0,2/20,13,1,2,20,112,0
2014,3,3,40,13.33,114.28,7,0,0,0,20,0,0,0.0,0.0,0.0,,20,0,0,0,113,0
2026,0,0,0,0.0,0.0,0,0,0,0,0,0,1,51.0,12.75,24.0,51/1,0,0,51,1,114,1
2012,0,0,0,0.0,0.0,0,0,0,0,0,0,14,16.64,6.85,14.57,3/27,0,0,3,27,115,1
2014,0,0,0,0.0,0.0,0,0,0,0,0,0,8,30.75,8.78,21.0,3/27,0,0,3,27,115,1
2013,2,2,4,4.0,44.44,0,0,0,0,4*,0,1,71.0,10.14,42.0,2/15,4,1,2,15,116,0
2018,7,2,1,1.0,25.0,0,0,0,0,1*,0,9,23.44,10.04,14.0,2/15,1,1,2,15,116,0
2013,8,8,193,32.16,137.85,21,5,1,0,64*,0,0,0.0,0.0,0.0,,64,1,0,0,117,0
2017,12,11,316,31.6,142.98,22,15,1,1,103*,0,12,26.33,7.18,22.0,3/15,103,1,3,15,118,0
2018,13,13,196,16.33,121.73,13,6,0,0,45,0,8,37.87,8.18,27.75,3/15,45,0,3,15,118,0
2019,9,9,123,20.5,124.24,8,4,0,0,46,0,6,31.5,11.22,16.83,3/15,46,0,3,15,118,0
2020,8,8,285,40.71,142.5,36,7,1,1,107*,0,2,77.0,10.26,45.0,3/15,107,1,3,15,118,0
2021,1,1,0,0.0,0.0,0,0,0,0,0*,0,0,0.0,0.0,0.0,,0,1,0,0,118,0
2023,2,2,15,7.5,107.14,2,0,0,0,8,2,0,0.0,0.0,0.0,,8,0,0,0,118,0
2014,3,1,0,0.0,0.0,0,0,0,0,0*,0,4,31.5,10.5,18.0,3/36,0,1,3,36,119,0
2015,4,2,1,0.0,50.0,0,0,0,0,1*,0,5,21.8,8.38,15.6,3/36,1,1,3,36,119,0
2022,9,9,206,22.89,159.68,16,13,0,0,43,4,0,0.0,0.0,0.0,,43,0,0,0,120,0
2023,4,4,71,23.67,114.51,6,2,1,0,50,0,0,0.0,0.0,0.0,,50,0,0,0,120,0
2008,3,3,20,6.66,71.42,3,0,0,0,10,0,0,0.0,0.0,0.0,,10,0,0,0,121,0
2011,14,13,207,25.87,121.76,21,4,1,0,61*,0,0,0.0,0.0,0.0,,61,1,0,0,121,0
2012,5,4,37,12.33,105.71,3,2,0,0,25*,0,0,0.0,0.0,0.0,,25,1,0,0,121,0
2013,1,1,16,16.0,88.88,1,1,0,0,16,0,0,0.0,0.0,0.0,,16,0,0,0,121,0
2011,0,0,0,0.0,0.0,0,0,0,0,0,0,9,25.44,8.22,18.55,4/22,0,0,4,22,122,1
2012,5,1,6,0.0,300.0,0,1,0,0,6*,0,2,68.0,8.24,49.5,4/22,6,1,4,22,122,0
2013,0,0,0,0.0,0.0,0,0,0,0,0,0,1,32.0,6.4,30.0,4/22,0,0,4,22,122,1
2011,0,0,0,0.0,0.0,0,0,0,0,0,0,3,22.33,6.09,22.0,5/19,0,0,5,19,123,1
2012,11,9,40,13.33,100.0,4,0,0,0,11*,0,8,35.12,7.2,29.25,5/19,11,1,5,19,123,0
2013,16,9,52,7.42,73.23,3,1,0,0,24*,0,13,28.53,6.5,26.3,5/19,24,1,5,19,123,0
2014,14,2,1,1.0,25.0,0,0,0,0,1,0,20,17.7,6.65,15.95,5/19,1,0,5,19,123,0
2015,14,3,17,17.0,170.0,2,1,0,0,11*,0,18,22.61,7.87,17.22,5/19,11,1,5,19,123,0
2016,17,8,43,7.16,159.25,6,1,0,0,21,0,23,21.3,7.42,17.21,5/19,21,0,5,19,123,0
2017,14,2,4,4.0,100.0,0,0,0,0,4*,0,26,14.19,7.05,12.07,5/19,4,1,5,19,123,0
2018,12,4,13,6.5,81.25,1,0,0,0,7,0,9,39.33,7.66,30.77,5/19,7,0,5,19,123,0
2019,15,5,12,4.0,63.15,1,0,0,0,7*,0,13,35.46,7.81,27.23,5/19,7,1,5,19,123,0
2020,4,1,0,0.0,0.0,0,0,0,0,0*,0,3,33.0,6.98,28.33,5/19,0,1,5,19,123,0
2021,11,7,34,34.0,113.33,3,0,0,0,14*,0,6,55.83,7.97,42.0,5/19,14,1,5,19,123,0
2022,14,6,24,8.0,92.3,3,0,0,0,8,2,12,31.91,7.34,26.08,22/3,8,0,22,3,123,0
2023,14,6,42,14.0,89.36,4,0,0,0,27,2,16,26.56,8.33,19.12,30/5,27,0,30,5,123,0
2024,16,5,23,7.67,79.31,3,0,0,0,13,1,11,48.45,9.35,31.09,41/3,13,0,41,3,123,0
2025,14,6,14,4.67,56.0,1,0,0,0,8,5,17,28.41,9.28,18.35,33/3,8,0,33,3,123,0
2026,16,4,34,0.0,130.76,3,1,0,0,15*,1,28,17.89,7.95,13.5,23/4,15,1,23,4,123,0
2017,0,0,0,0.0,0.0,0,0,0,0,0,0,2,35.0,8.75,24.0,2/21,0,0,2,21,124,1
2018,4,1,5,0.0,250.0,1,0,0,0,5*,0,5,26.0,8.12,19.2,2/21,5,1,2,21,124,0
2013,8,7,123,24.6,110.81,13,2,1,0,55,0,0,0.0,0.0,0.0,,55,0,0,0,125,0
2010,5,2,9,0.0,128.57,1,0,0,0,8*,0,3,31.33,9.4,20.0,2/13,8,1,2,13,126,0
2011,4,3,23,23.0,127.77,1,0,0,0,16*,0,4,19.5,6.5,18.0,2/13,16,1,2,13,126,0
2012,5,4,72,24.0,153.19,6,3,0,0,35*,0,0,0.0,0.0,0.0,,35,1,0,0,126,0
2013,0,0,0,0.0,0.0,0,0,0,0,0,0,1,21.0,5.25,24.0,2/13,0,0,2,13,126,1
2015,4,1,1,1.0,50.0,0,0,0,0,1,0,3,16.66,7.14,14.0,2/13,1,0,2,13,126,0
2016,7,4,51,25.5,204.0,1,5,0,0,27*,0,3,40.33,8.64,28.0,2/13,27,1,2,13,126,0
2017,7,3,31,31.0,129.16,2,1,0,0,21*,0,3,43.0,7.89,32.66,2/13,21,1,2,13,126,0
2026,0,0,0,0.0,0.0,0,0,0,0,0,0,4,18.75,10.71,10.5,41/4,0,0,41,4,127,1
2010,5,4,35,35.0,94.59,3,0,0,0,16,0,0,0.0,0.0,0.0,,16,0,0,0,128,0
2011,1,1,18,18.0,163.63,2,1,0,0,18,0,0,0.0,0.0,0.0,,18,0,0,0,129,0
2008,3,3,12,4.0,70.58,2,0,0,0,10,0,0,0.0,0.0,0.0,,10,0,0,0,130,0
2009,12,12,365,40.55,117.74,34,9,3,0,73,0,7,23.0,8.05,17.14,4/13,73,0,4,13,130,0
2010,4,4,99,24.75,110.0,11,1,1,0,50,0,2,20.5,8.2,15.0,4/13,50,0,4,13,130,0
2011,14,14,285,35.62,120.76,26,9,1,0,51*,0,7,11.0,7.0,9.42,4/13,51,1,4,13,130,0
2012,12,12,245,30.62,140.0,18,9,0,0,48*,0,1,21.0,10.5,12.0,4/13,48,1,4,13,130,0
2013,17,14,293,41.85,134.4,27,9,1,0,54*,0,0,0.0,0.0,0.0,,54,1,0,0,130,0
2014,4,4,101,33.66,140.27,4,6,0,0,40,0,0,0.0,0.0,0.0,,40,0,0,0,130,0
2012,9,3,15,7.5,93.75,1,0,0,0,13,0,10,25.3,7.02,21.6,4/29,13,0,4,29,131,0
2015,6,2,7,7.0,116.66,0,0,0,0,5,0,9,16.0,6.85,14.0,4/29,5,0,4,29,131,0
2016,0,0,0,0.0,0.0,0,0,0,0,0,0,4,35.5,8.87,24.0,4/29,0,0,4,29,131,1
2008,4,4,188,62.66,204.34,13,15,0,1,158*,0,0,0.0,0.0,0.0,,158,1,0,0,132,0
2009,13,13,285,23.75,119.24,27,12,2,0,84*,0,0,0.0,0.0,0.0,,84,1,0,0,132,0
2010,5,5,114,28.5,103.63,14,2,1,0,57*,0,0,0.0,0.0,0.0,,57,1,0,0,132,0
2011,13,13,357,27.46,129.81,35,16,1,0,81,0,0,0.0,0.0,0.0,,81,0,0,0,132,0
2012,12,12,289,24.08,102.12,37,3,1,0,56,0,0,0.0,0.0,0.0,,56,0,0,0,132,0
2013,1,1,6,6.0,85.71,1,0,0,0,6,0,0,0.0,0.0,0.0,,6,0,0,0,132,0
2014,14,14,405,31.15,121.62,32,19,3,0,71*,0,0,0.0,0.0,0.0,,71,1,0,0,132,0
2015,14,14,436,33.53,155.71,51,23,2,1,100*,0,0,0.0,0.0,0.0,,100,1,0,0,132,0
2016,16,16,354,22.12,135.11,38,16,1,0,60,0,0,0.0,0.0,0.0,,60,0,0,0,132,0
2017,11,11,319,29.0,147.0,29,18,2,0,72,0,0,0.0,0.0,0.0,,72,0,0,0,132,0
2018,6,6,127,21.16,144.31,16,6,0,0,43,0,0,0.0,0.0,0.0,,43,0,0,0,132,0
2008,0,0,0,0.0,0.0,0,0,0,0,0,0,1,91.0,11.37,48.0,1/50,0,0,1,50,133,1
2008,4,3,17,17.0,130.76,2,1,0,0,16*,0,4,28.0,7.0,24.0,3/15,16,1,3,15,134,0
2009,5,4,28,14.0,82.35,2,1,0,0,14*,0,5,22.2,5.55,24.0,3/15,14,1,3,15,134,0
2010,4,3,11,11.0,122.22,1,0,0,0,7*,0,0,0.0,0.0,0.0,,7,1,0,0,134,0
2011,12,4,5,1.66,55.55,0,0,0,0,2*,0,5,67.6,7.45,54.4,3/15,2,1,3,15,134,0
2012,10,3,42,21.0,210.0,2,4,0,0,25,0,7,42.71,7.86,32.57,3/15,25,0,3,15,134,0
2013,3,2,21,21.0,175.0,1,2,0,0,16*,0,4,21.5,7.16,18.0,3/15,16,1,3,15,134,0
2026,13,2,2,0.0,50.0,0,0,0,0,1*,1,14,32.14,9.89,19.5,18/2,1,1,18,2,135,0
2011,5,4,48,24.0,88.88,6,0,0,0,16,0,0,0.0,0.0,0.0,,16,0,0,0,136,0
2012,4,4,50,12.5,79.36,3,0,0,0,23,0,0,0.0,0.0,0.0,,23,0,0,0,136,0
2023,16,16,452,50.22,160.28,40,22,2,1,100*,5,6,60.16,9.5,38.0,41/2,100,1,41,2,137,0
2024,13,12,255,31.88,143.25,22,10,0,0,46,5,10,30.3,8.61,21.1,12/2,46,0,12,2,137,0
2026,14,14,322,32.2,145.7,22,17,2,0,79,8,7,33.42,10.63,18.85,23/2,79,0,23,2,137,0
2008,8,8,114,16.28,111.76,8,4,0,0,31*,0,0,0.0,0.0,0.0,,31,1,0,0,138,0
2010,7,5,48,24.0,145.45,3,3,0,0,21*,0,0,0.0,0.0,0.0,,21,1,0,0,138,0
2011,6,6,104,26.0,95.41,6,2,0,0,31*,0,0,0.0,0.0,0.0,,31,1,0,0,138,0
2012,13,13,479,43.54,149.68,41,20,5,0,78,0,0,0.0,0.0,0.0,,78,0,0,0,138,0
2013,13,13,209,17.41,109.42,18,7,1,0,52,0,1,16.0,8.0,12.0,1/14,52,0,1,14,138,0
2016,8,6,83,13.83,218.42,6,8,0,0,34,0,7,26.42,7.98,19.85,3/43,34,0,3,43,139,0
2017,2,2,12,6.0,80.0,2,0,0,0,11,0,1,67.0,11.16,36.0,3/43,11,0,3,43,139,0
2018,4,4,75,25.0,156.25,1,8,0,0,43*,0,5,18.8,9.24,12.2,3/43,43,1,3,43,139,0
2019,2,2,11,5.5,110.0,1,0,0,0,6,0,0,0.0,0.0,0.0,,6,0,0,0,139,0
2008,5,3,16,5.33,69.56,0,0,0,0,8,0,0,0.0,0.0,0.0,,8,0,0,0,140,0
2008,5,4,21,7.0,116.66,0,1,0,0,12*,0,5,29.0,8.52,20.4,3/21,12,1,3,21,141,0
2009,2,2,30,30.0,142.85,1,1,0,0,20,0,4,17.75,8.87,12.0,3/21,20,0,3,21,141,0
2010,6,5,30,7.5,88.23,1,1,0,0,16,0,9,15.44,6.31,14.66,3/21,16,0,3,21,141,0
2010,1,1,15,15.0,78.94,3,0,0,0,15,0,0,0.0,0.0,0.0,,15,0,0,0,142,0
2009,0,0,0,0.0,0.0,0,0,0,0,0,0,3,5.0,3.75,8.0,3/15,0,0,3,15,143,1
2010,0,0,0,0.0,0.0,0,0,0,0,0,0,5,17.6,8.0,13.2,3/15,0,0,3,15,143,1
2011,3,1,8,8.0,100.0,0,1,0,0,8,0,5,16.8,7.63,13.2,3/15,8,0,3,15,143,0
2021,14,6,16,3.2,64.0,2,0,0,0,7,0,14,30.42,8.19,22.28,3/31,7,0,3,31,144,0
2022,0,0,0,0.0,0.0,0,0,0,0,0,0,3,28.0,7.63,22.0,23/2,0,0,23,2,144,1
2023,2,2,4,4.0,66.66,1,0,0,0,4,0,3,29.66,11.12,16.0,53/2,4,0,53,2,144,0
2009,3,1,0,0.0,0.0,0,0,0,0,0*,0,2,28.5,7.12,24.0,1/4,0,1,1,4,145,0
2010,10,6,122,30.5,106.08,14,3,0,0,45*,0,0,0.0,0.0,0.0,,45,1,0,0,146,0
2011,7,3,34,11.33,109.67,4,0,0,0,25,0,0,0.0,0.0,0.0,,25,0,0,0,146,0
2012,3,3,17,5.66,77.27,1,1,0,0,11,0,0,0.0,0.0,0.0,,11,0,0,0,146,0
2013,4,4,92,23.0,92.92,14,0,1,0,51,0,0,0.0,0.0,0.0,,51,0,0,0,146,0
2014,6,6,125,25.0,100.8,17,0,0,0,40*,0,0,0.0,0.0,0.0,,40,1,0,0,146,0
2013,3,3,44,22.0,129.41,4,1,0,0,30,0,0,0.0,0.0,0.0,,30,0,0,0,147,0
2014,9,9,121,17.28,109.0,13,5,0,0,33,0,0,0.0,0.0,0.0,,33,0,0,0,147,0
2015,1,1,4,4.0,80.0,0,0,0,0,4,0,0,0.0,0.0,0.0,,4,0,0,0,147,0
2009,7,7,171,28.5,119.58,15,10,0,0,44*,0,1,144.0,7.64,113.0,3/21,44,1,3,21,148,0
2010,9,9,292,32.44,158.69,30,16,2,0,88,0,4,38.0,9.5,24.0,3/21,88,0,3,21,148,0
2011,12,12,608,67.55,183.13,57,44,3,2,107,0,8,30.5,6.77,27.0,3/21,107,0,3,21,148,0
2012,15,14,733,61.08,160.74,46,59,7,1,128*,0,0,0.0,0.0,0.0,,128,1,0,0,148,0
2013,16,16,708,59.0,156.29,57,51,4,1,175*,0,3,13.33,10.0,8.0,3/21,175,1,3,21,148,0
2014,9,9,196,21.77,106.52,18,12,0,0,46,0,0,0.0,0.0,0.0,,46,0,0,0,148,0
2015,14,14,491,40.91,147.44,39,38,2,1,117,0,0,0.0,0.0,0.0,,117,0,0,0,148,0
2016,10,10,227,22.7,151.33,17,21,2,0,76,0,2,31.5,6.3,30.0,3/21,76,0,3,21,148,0
2017,9,9,200,22.22,122.69,15,14,1,0,77,0,0,0.0,0.0,0.0,,77,0,0,0,148,0
2018,11,11,368,40.88,146.03,30,27,3,1,104*,0,0,0.0,0.0,0.0,,104,1,0,0,148,0
2019,13,13,490,40.83,153.6,45,34,4,0,99*,0,0,0.0,0.0,0.0,,99,1,0,0,148,0
2020,7,7,288,41.14,137.14,15,23,3,0,99,0,0,0.0,0.0,0.0,,99,0,0,0,148,0
2021,10,10,193,21.44,125.32,21,8,0,0,46,0,0,0.0,0.0,0.0,,46,0,0,0,148,0
2016,9,1,3,3.0,75.0,0,0,0,0,3,0,11,23.45,9.21,15.27,4/11,3,0,4,11,149,0
2017,1,1,0,0.0,0.0,0,0,0,0,0*,0,0,0.0,0.0,0.0,,0,1,0,0,149,0
2020,9,5,29,9.66,93.54,2,0,0,0,13,0,9,33.77,9.65,21.0,4/11,13,0,4,11,149,0
2021,4,2,32,16.0,152.38,1,3,0,0,30,0,4,24.0,8.0,18.0,4/11,30,0,4,11,149,0
2022,4,2,11,11.0,137.5,0,0,0,0,6*,4,2,67.5,10.51,38.5,23/2,6,1,23,2,149,0
2023,6,2,6,3.0,50.0,0,0,0,0,4,1,3,79.0,10.77,44.0,7/1,4,0,7,1,149,0
2012,1,1,6,6.0,66.66,1,0,0,0,6,0,0,0.0,0.0,0.0,,6,0,0,0,150,0
2014,2,2,58,29.0,118.36,5,3,0,0,45,0,0,0.0,0.0,0.0,,45,0,0,0,150,0
2016,2,2,25,25.0,113.63,0,1,0,0,15,0,0,0.0,0.0,0.0,,15,0,0,0,150,0
2017,7,7,295,49.16,180.98,25,19,3,0,93*,0,0,0.0,0.0,0.0,,93,1,0,0,150,0
2018,16,16,491,32.73,130.23,56,18,3,0,74,0,0,0.0,0.0,0.0,,74,0,0,0,150,0
2019,13,13,405,31.15,139.65,41,22,4,0,82,0,0,0.0,0.0,0.0,,82,0,0,0,150,0
2021,1,1,49,49.0,140.0,4,3,0,0,49,0,0,0.0,0.0,0.0,,49,0,0,0,150,0
2013,16,6,14,7.0,87.5,0,0,0,0,7*,0,15,26.73,8.02,20.0,4/23,7,1,4,23,151,0
2015,11,7,76,38.0,165.21,3,5,0,0,34*,0,13,23.92,7.4,19.38,4/23,34,1,4,23,151,0
2016,12,7,195,65.0,178.89,15,12,1,0,82*,0,13,23.69,7.0,20.3,4/23,82,1,4,23,151,0
2017,9,9,154,30.8,163.82,15,6,1,0,52*,0,12,20.0,7.74,15.5,4/23,52,1,4,23,151,0
2018,4,4,46,46.0,176.92,3,2,0,0,27*,0,3,47.66,10.21,28.0,4/23,27,1,4,23,151,0
2019,9,6,32,5.33,86.48,1,2,0,0,17,0,13,23.53,9.27,15.23,4/23,17,0,4,23,151,0
2020,9,5,34,8.5,161.9,2,3,0,0,25*,0,11,19.09,6.63,17.27,4/23,25,1,4,23,151,0
2021,11,7,67,13.4,136.73,2,5,0,0,36*,0,15,25.06,9.17,16.4,4/23,36,1,4,23,151,0
2017,13,7,46,11.5,97.87,4,1,0,0,18,0,17,22.7,8.77,15.52,3/36,18,0,3,36,152,0
2018,5,4,17,8.5,89.47,1,1,0,0,11,0,8,23.75,10.36,13.75,3/36,11,0,3,36,152,0
2021,3,1,15,0.0,136.36,2,0,0,0,15*,0,5,16.4,7.45,13.2,3/36,15,1,3,36,152,0
2012,2,1,8,8.0,53.33,0,0,0,0,8,0,1,60.0,8.57,42.0,1/36,8,0,1,36,153,0
2011,3,3,21,10.5,80.76,2,0,0,0,13*,0,0,0.0,0.0,0.0,,13,1,0,0,154,0
2019,12,12,184,18.4,119.48,20,5,0,0,47,0,0,0.0,0.0,0.0,,47,0,0,0,154,0
2016,4,3,30,10.0,100.0,3,0,0,0,16,0,0,0.0,0.0,0.0,,16,0,0,0,155,0
2018,5,5,63,12.6,153.65,7,4,0,0,33,0,0,0.0,0.0,0.0,,33,0,0,0,155,0
2019,4,4,84,21.0,120.0,9,4,0,0,40,0,0,0.0,0.0,0.0,,40,0,0,0,155,0
2017,12,9,126,15.75,136.95,10,6,0,0,36,0,4,33.75,8.43,24.0,3/4,36,0,3,4,156,0
2018,9,8,131,26.2,155.95,4,10,0,0,40,0,2,64.5,8.6,45.0,3/4,40,0,3,4,156,0
2019,4,4,46,15.33,93.87,4,2,0,0,37,0,0,0.0,0.0,0.0,,37,0,0,0,156,0
2026,14,13,491,44.64,163.12,43,32,2,1,107*,4,0,0.0,0.0,0.0,,107,1,0,0,157,0
2025,2,2,47,23.5,146.87,3,3,0,0,27,2,1,55.0,7.85,42.0,26/1,27,0,26,1,158,0
2026,6,4,50,50.0,161.29,5,2,0,0,32*,4,12,16.25,9.66,10.08,26/4,32,1,26,4,158,0
2014,12,11,265,29.44,146.4,21,15,1,0,95*,0,4,46.0,10.22,27.0,2/18,95,1,2,18,159,0
2015,4,4,114,38.0,117.52,11,6,2,0,55*,0,1,33.0,8.25,24.0,2/18,55,1,2,18,159,0
2017,11,11,142,20.28,115.44,8,9,0,0,41*,0,3,62.0,9.87,37.66,2/18,41,1,2,18,159,0
2018,3,3,17,5.66,77.27,0,1,0,0,15,0,3,38.33,13.26,17.33,2/18,15,0,2,18,159,0
2018,7,7,115,16.42,116.16,11,5,0,0,44,0,1,19.0,6.33,18.0,1/10,44,0,1,10,160,0
2008,10,2,2,2.0,40.0,0,0,0,0,1*,0,10,25.2,6.63,22.8,3/11,1,1,3,11,161,0
2009,3,2,0,0.0,0.0,0,0,0,0,0*,0,2,31.0,6.88,27.0,3/11,0,1,3,11,161,0
2010,15,4,13,3.25,76.47,2,0,0,0,8,0,15,27.06,6.88,23.6,3/11,8,0,3,11,161,0
2011,12,5,36,9.0,102.85,3,0,0,0,13,0,14,21.35,6.57,19.5,3/11,13,0,3,11,161,0
2012,12,6,19,3.8,90.47,0,1,0,0,7,0,18,15.83,6.1,15.55,3/11,7,0,3,11,161,0
2013,17,8,53,26.5,147.22,5,2,0,0,18*,0,19,20.21,5.66,21.42,3/11,18,1,3,11,161,0
2014,14,4,22,7.33,84.61,1,0,0,0,12,0,11,39.18,7.69,30.54,3/11,12,0,3,11,161,0
2015,6,3,20,20.0,153.84,3,0,0,0,19*,0,3,56.66,8.94,38.0,3/11,19,1,3,11,161,0
2016,1,1,1,1.0,50.0,0,0,0,0,1,0,0,0.0,0.0,0.0,,1,0,0,0,161,0
2019,0,0,0,0.0,0.0,0,0,0,0,0,0,4,17.25,8.62,12.0,3/11,0,0,3,11,161,1
2020,3,1,1,0.0,50.0,0,0,0,0,1*,0,1,133.0,11.4,70.0,3/11,1,1,3,11,161,0
2010,1,1,19,19.0,79.16,1,0,0,0,19,0,0,0.0,0.0,0.0,,19,0,0,0,162,0
2011,14,13,190,17.27,119.49,9,7,0,0,30,0,11,31.81,7.66,24.9,2/10,30,0,2,10,163,0
2012,7,7,145,29.0,122.88,8,6,0,0,39,0,8,29.12,8.62,20.25,2/10,39,0,2,10,163,0
2013,2,2,6,3.0,40.0,0,0,0,0,4,0,0,0.0,0.0,0.0,,4,0,0,0,163,0
2017,13,9,79,15.8,161.22,5,5,0,0,17*,0,11,27.09,7.45,21.81,2/10,17,1,2,10,163,0
2018,4,3,26,13.0,78.78,0,1,0,0,13,0,4,25.25,8.53,17.75,2/10,13,0,2,10,163,0
2021,9,7,14,2.33,58.33,1,0,0,0,9,0,4,38.75,9.3,25.0,2/10,9,0,2,10,163,0
2012,4,4,111,27.75,109.9,11,5,0,0,47,0,0,0.0,0.0,0.0,,47,0,0,0,164,0
2020,3,1,0,0.0,0.0,0,0,0,0,0*,0,0,0.0,0.0,0.0,,0,1,0,0,165,0
2021,2,2,6,6.0,100.0,0,0,0,0,3*,0,1,39.0,6.5,36.0,1/24,3,1,1,24,165,0
2022,11,10,38,5.43,105.55,1,3,0,0,15,7,13,28.46,8.8,19.38,30/4,15,0,30,4,165,0
2008,0,0,0,0.0,0.0,0,0,0,0,0,0,2,27.0,6.75,24.0,3/15,0,0,3,15,166,1
2010,3,3,33,33.0,122.22,4,0,0,0,19*,0,2,48.5,8.31,35.0,3/15,19,1,3,15,166,0
2011,13,4,23,23.0,82.14,1,1,0,0,18*,0,12,25.91,6.01,25.83,3/15,18,1,3,15,166,0
2012,9,6,31,7.75,119.23,3,1,0,0,20,0,5,47.2,6.74,42.0,3/15,20,0,3,15,166,0
2026,2,2,2,1.0,40.0,0,0,0,0,2,0,0,0.0,0.0,0.0,,2,0,0,0,167,0
2017,1,1,6,0.0,120.0,1,0,0,0,6*,0,0,0.0,0.0,0.0,,6,1,0,0,168,0
2008,2,2,18,9.0,100.0,3,0,0,0,17,0,0,0.0,0.0,0.0,,17,0,0,0,169,0
2013,10,9,174,29.0,131.81,11,10,1,0,60,0,8,21.0,7.52,16.75,4/22,60,0,4,22,170,0
2014,10,9,108,15.42,118.68,4,8,0,0,29,0,3,52.33,11.21,28.0,4/22,29,0,4,22,170,0
2015,2,2,13,6.5,72.22,0,0,0,0,7,0,0,0.0,0.0,0.0,,7,0,0,0,170,0
2022,0,0,0,0.0,0.0,0,0,0,0,0,0,2,29.5,11.41,15.5,37/2,0,0,37,2,171,1
2023,0,0,0,0.0,0.0,0,0,0,0,0,0,1,44.0,11.0,24.0,44/1,0,0,44,1,171,1
2024,3,1,12,12.0,109.09,0,1,0,0,12,2,3,15.0,9.31,9.66,21/2,12,0,21,2,171,0
2022,2,2,33,16.5,75.0,1,0,0,0,17,2,0,0.0,0.0,0.0,,17,0,0,0,172,0
2024,13,13,318,28.91,142.6,27,10,2,0,63,9,1,70.0,11.66,36.0,18/1,63,0,18,1,172,0
2023,3,3,26,13.0,100.0,2,1,0,0,17,2,0,0.0,0.0,0.0,,17,0,0,0,173,0
2026,7,5,63,12.6,136.95,3,4,0,0,29,2,1,60.0,10.0,36.0,29/1,29,0,29,1,173,0
2008,13,13,319,29.0,123.16,19,17,2,0,71,0,2,65.0,10.0,39.0,2/2,71,0,2,2,174,0
2009,4,4,98,24.5,166.1,7,6,0,0,43,0,0,0.0,0.0,0.0,,43,0,0,0,174,0
2010,6,6,94,23.5,109.3,5,5,0,0,31,0,0,0.0,0.0,0.0,,31,0,0,0,174,0
2011,8,8,64,10.66,101.58,3,3,0,0,21*,0,1,38.0,12.66,18.0,2/2,21,1,2,2,174,0
2012,16,15,396,33.0,129.83,28,17,2,0,68*,0,3,21.0,7.0,18.0,2/2,68,1,2,2,174,0
2013,12,11,235,23.5,112.44,20,6,0,0,41,0,0,0.0,0.0,0.0,,41,0,0,0,174,0
2014,5,4,116,58.0,123.4,8,6,1,0,50*,0,2,19.0,13.41,8.5,2/2,50,1,2,2,174,0
2012,6,6,98,32.66,130.66,6,4,0,0,34*,0,0,0.0,0.0,0.0,,34,1,0,0,175,0
2013,12,12,418,59.71,164.56,28,24,3,1,101*,0,0,0.0,0.0,0.0,,101,1,0,0,175,0
2014,16,16,446,44.6,149.16,34,21,3,0,66,0,0,0.0,0.0,0.0,,66,0,0,0,175,0
2015,13,13,357,32.45,134.21,21,21,2,0,89*,0,0,0.0,0.0,0.0,,89,1,0,0,175,0
2016,14,13,161,16.1,122.9,11,4,0,0,31,0,0,0.0,0.0,0.0,,31,0,0,0,175,0
2017,5,4,83,27.66,103.75,4,4,0,0,30*,0,0,0.0,0.0,0.0,,30,1,0,0,175,0
2018,3,3,74,37.0,115.62,3,2,0,0,26,0,0,0.0,0.0,0.0,,26,0,0,0,175,0
2019,10,10,213,26.62,129.87,19,7,1,0,59*,0,0,0.0,0.0,0.0,,59,1,0,0,175,0
2021,9,8,124,24.8,109.73,11,3,1,0,62,0,0,0.0,0.0,0.0,,62,0,0,0,175,0
2022,16,16,481,68.71,142.72,32,23,2,0,94*,6,0,0.0,0.0,0.0,,94,1,0,0,175,0
2023,16,13,259,32.38,145.5,18,13,0,0,46,11,0,0.0,0.0,0.0,,46,0,0,0,175,0
2024,9,9,210,35.0,151.07,20,8,1,0,55,5,0,0.0,0.0,0.0,,55,0,0,0,175,0
2025,11,11,153,30.6,127.5,13,4,0,0,27*,5,0,0.0,0.0,0.0,,27,1,0,0,175,0
2026,11,10,211,35.17,154.01,15,14,1,0,51,7,0,0.0,0.0,0.0,,51,0,0,0,175,0
2026,2,1,6,0.0,120.0,0,0,0,0,6*,0,2,35.0,14.0,15.0,35/2,6,1,35,2,176,0
2010,11,11,282,28.2,147.64,27,14,1,1,107*,0,0,0.0,0.0,0.0,,107,1,0,0,177,0
2011,13,13,324,24.92,117.39,34,11,3,0,77,0,0,0.0,0.0,0.0,,77,0,0,0,177,0
2012,8,8,256,36.57,164.1,28,14,1,1,109*,0,0,0.0,0.0,0.0,,109,1,0,0,177,0
2013,16,16,410,31.53,126.93,41,14,4,0,77,0,0,0.0,0.0,0.0,,77,0,0,0,177,0
2014,14,14,528,48.0,140.8,39,24,6,0,90,0,0,0.0,0.0,0.0,,90,0,0,0,177,0
2015,14,14,562,43.23,156.54,65,21,7,0,91,0,0,0.0,0.0,0.0,,91,0,0,0,177,0
2016,17,17,848,60.57,151.42,88,31,9,0,93*,0,0,0.0,0.0,0.0,,93,1,0,0,177,0
2017,14,14,641,58.27,141.81,63,26,4,1,126,0,0,0.0,0.0,0.0,,126,0,0,0,177,0
2019,12,12,692,69.2,143.86,57,21,8,1,100*,0,0,0.0,0.0,0.0,,100,1,0,0,177,0
2020,16,16,548,39.14,134.64,52,14,4,0,85*,0,0,0.0,0.0,0.0,,85,1,0,0,177,0
2021,8,8,195,24.37,107.73,15,6,2,0,57,0,0,0.0,0.0,0.0,,57,0,0,0,177,0
2022,12,12,432,48.0,150.52,52,15,5,0,92*,6,0,0.0,0.0,0.0,,92,1,0,0,177,0
2023,14,14,516,36.86,131.63,69,10,6,0,86,7,0,0.0,0.0,0.0,,86,0,0,0,177,0
2024,8,8,168,21.0,134.4,17,10,1,0,52,5,0,0.0,0.0,0.0,,52,0,0,0,177,0
2015,14,7,122,30.5,141.86,12,4,0,0,47*,0,16,22.06,8.33,15.87,4/33,47,1,4,33,178,0
2016,1,1,5,0.0,125.0,0,0,0,0,5*,0,0,0.0,0.0,0.0,,5,1,0,0,178,0
2023,3,3,21,21.0,190.9,0,3,0,0,12*,3,0,0.0,0.0,0.0,,12,1,0,0,178,0
2018,0,0,0,0.0,0.0,0,0,0,0,0,0,2,47.5,9.5,30.0,1/24,0,0,1,24,179,1
2022,4,2,18,9.0,60.0,3,0,0,0,18,1,1,72.0,6.54,66.0,29/1,18,0,29,1,179,0
2023,4,3,35,0.0,109.37,4,0,0,0,20*,1,3,35.0,7.0,30.0,16/2,20,1,16,2,179,0
2011,6,6,92,15.33,104.54,10,4,0,0,32,0,0,0.0,0.0,0.0,,32,0,0,0,180,0
2021,1,1,26,26.0,100.0,1,1,0,0,26,0,0,0.0,0.0,0.0,,26,0,0,0,181,0
2008,6,6,103,17.16,109.57,9,5,0,0,31,0,0,0.0,0.0,0.0,,31,0,0,0,182,0
2012,15,10,126,42.0,135.48,9,6,0,0,35*,0,0,0.0,0.0,0.0,,35,1,0,0,182,0
2013,10,6,75,15.0,101.35,5,5,0,0,23,0,0,0.0,0.0,0.0,,23,0,0,0,182,0
2017,3,1,14,14.0,233.33,0,2,0,0,14,0,1,74.0,10.57,42.0,4/13,14,0,4,13,183,0
2018,12,4,50,16.66,172.41,1,4,0,0,39,0,10,27.8,7.28,22.9,4/13,39,0,4,13,183,0
2019,17,2,7,3.5,77.77,1,0,0,0,7,0,22,21.9,7.47,17.59,4/13,7,0,4,13,183,0
2020,14,3,7,7.0,58.33,0,0,0,0,5*,0,12,33.0,7.61,26.0,4/13,5,1,4,13,183,0
2021,15,2,1,0.0,100.0,0,0,0,0,1*,0,14,32.21,8.35,23.14,4/13,1,1,4,13,183,0
2023,10,1,1,0.0,50.0,0,0,0,0,1*,1,13,22.84,8.73,15.69,22/3,1,1,22,3,183,0
2024,0,0,0,0.0,0.0,0,0,0,0,0,0,5,40.4,8.59,28.2,28/2,0,0,28,2,183,1
2025,14,4,37,37.0,148.0,3,2,0,0,28*,2,11,34.18,9.17,22.36,12/2,28,1,12,2,183,0
2026,8,4,25,12.5,131.57,3,1,0,0,10,1,8,33.12,10.39,19.12,33/2,10,0,33,2,183,0
2015,14,9,151,16.77,158.94,6,11,1,0,54,0,1,129.0,8.5,91.0,2/16,54,0,2,16,184,0
2016,17,15,144,10.28,119.0,9,5,0,0,34,0,3,32.33,7.46,26.0,2/16,34,0,2,16,184,0
2017,10,6,78,26.0,150.0,5,4,0,0,19*,0,2,21.0,10.5,12.0,2/16,19,1,2,16,184,0
2018,9,8,87,21.75,107.4,2,3,0,0,32*,0,0,0.0,0.0,0.0,,32,1,0,0,184,0
2019,11,7,64,10.66,101.58,5,1,0,0,20,0,1,21.0,10.5,12.0,2/16,20,0,2,16,184,0
2020,7,5,101,101.0,142.25,5,5,1,0,62*,0,0,0.0,0.0,0.0,,62,1,0,0,184,0
2021,12,11,160,16.0,130.08,9,9,1,0,64,0,2,68.0,8.5,48.0,2/16,64,0,2,16,184,0
2022,15,14,451,32.21,136.66,36,18,4,0,59,8,1,43.0,10.75,24.0,31/1,59,0,31,1,184,0
2023,12,12,84,7.64,93.33,3,2,0,0,17,10,0,0.0,0.0,0.0,,17,0,0,0,184,0
2024,11,9,145,18.13,138.09,16,3,1,0,50,4,0,0.0,0.0,0.0,,50,0,0,0,184,0
2025,7,5,31,6.2,75.6,2,1,0,0,22,3,0,0.0,0.0,0.0,,22,0,0,0,184,0
2020,15,15,473,31.53,124.8,51,8,5,0,74,0,0,0.0,0.0,0.0,,74,0,0,0,185,0
2021,14,14,411,31.61,125.3,44,14,1,1,101*,0,0,0.0,0.0,0.0,,101,1,0,0,185,0
2022,17,17,376,22.12,122.87,40,14,1,0,54,5,0,0.0,0.0,0.0,,54,0,0,0,185,0
2023,11,11,261,26.1,130.5,31,6,2,0,52,4,0,0.0,0.0,0.0,,52,0,0,0,185,0
2024,7,7,38,5.43,71.69,3,0,0,0,13,4,0,0.0,0.0,0.0,,13,0,0,0,185,0
2025,10,10,247,27.44,150.6,21,14,2,0,61,1,0,0.0,0.0,0.0,,61,0,0,0,185,0
2026,16,15,464,33.14,168.72,49,24,3,0,61,13,0,0.0,0.0,0.0,,61,0,0,0,185,0
2022,7,7,252,42.0,145.66,22,12,3,0,87,2,0,0.0,0.0,0.0,,87,0,0,0,186,0
2023,16,15,672,51.69,139.7,77,18,6,0,92*,6,0,0.0,0.0,0.0,,92,1,0,0,186,0
2025,6,6,156,26.0,131.09,17,4,2,0,69,2,0,0.0,0.0,0.0,,69,0,0,0,186,0
2008,2,2,13,6.5,100.0,1,0,0,0,9,0,0,0.0,0.0,0.0,,9,0,0,0,187,0
2022,7,7,161,23.0,142.47,14,11,0,0,49,3,1,8.0,16.0,3.0,8/1,49,0,8,1,188,0
2024,3,3,69,23.0,116.94,3,5,0,0,46,1,0,0.0,0.0,0.0,,46,0,0,0,188,0
2025,6,6,225,37.5,180.0,13,17,2,0,57,6,0,0.0,0.0,0.0,,57,0,0,0,188,0
2026,11,8,151,18.88,127.96,8,10,0,0,44,12,0,0.0,0.0,0.0,,44,0,0,0,188,0
2008,10,1,2,0.0,12.5,0,0,0,0,2*,0,11,21.45,8.0,16.09,4/14,2,1,4,14,189,0
2009,8,4,9,4.5,52.94,0,0,0,0,7*,0,5,41.2,7.92,31.2,4/14,7,1,4,14,189,0
2010,0,0,0,0.0,0.0,0,0,0,0,0,0,1,40.0,10.0,24.0,4/14,0,0,4,14,189,1
2011,6,2,2,2.0,50.0,0,0,0,0,2,0,5,29.8,7.45,24.0,4/14,2,0,4,14,189,0
2012,2,1,10,0.0,200.0,2,0,0,0,10*,0,6,10.66,8.0,8.0,4/14,10,1,4,14,189,0
2013,0,0,0,0.0,0.0,0,0,0,0,0,0,8,18.87,8.08,14.0,4/14,0,0,4,14,189,1
2014,8,2,35,0.0,140.0,1,2,0,0,28*,0,6,36.83,8.18,27.0,4/14,28,1,4,14,189,0
2015,11,2,4,2.0,36.36,0,0,0,0,3,0,13,21.3,7.91,16.15,4/14,3,0,4,14,189,0
2016,14,5,23,11.5,153.33,2,0,0,0,6*,0,18,20.22,7.42,16.33,4/14,6,1,4,14,189,0
2017,6,1,1,1.0,50.0,0,0,0,0,1,0,3,57.66,9.18,37.66,4/14,1,0,4,14,189,0
2018,8,2,6,6.0,85.71,0,0,0,0,3*,0,4,47.0,9.47,29.75,4/14,3,1,4,14,189,0
2019,10,1,5,0.0,166.66,1,0,0,0,5*,0,6,55.83,9.57,35.0,4/14,5,1,4,14,189,0
2020,1,1,3,0.0,150.0,0,0,0,0,3*,0,0,0.0,0.0,0.0,,3,1,0,0,189,0
2023,13,11,152,21.71,172.72,11,9,0,0,34*,1,0,0.0,0.0,0.0,,34,1,0,0,190,0
2024,15,11,195,24.38,138.29,18,7,2,0,56*,11,0,0.0,0.0,0.0,,56,1,0,0,190,0
2025,14,13,333,37.0,156.33,22,22,2,0,70,7,0,0.0,0.0,0.0,,70,0,0,0,190,0
2026,16,16,515,36.79,154.65,47,24,6,0,81*,18,0,0.0,0.0,0.0,,81,1,0,0,190,0
2018,1,1,8,8.0,88.88,0,1,0,0,8,0,0,0.0,0.0,0.0,,8,0,0,0,191,0
2019,1,1,5,5.0,62.5,0,0,0,0,5,0,0,0.0,0.0,0.0,,5,0,0,0,191,0
2025,13,2,1,1.0,33.33,0,0,0,0,1,3,14,30.64,8.25,22.28,30/2,1,0,30,2,192,0
2026,10,2,2,0.0,40.0,0,0,0,0,2*,4,5,79.4,10.17,46.8,45/2,2,1,45,2,192,0
2008,5,1,2,0.0,200.0,0,0,0,0,2*,0,10,16.0,8.0,12.0,4/18,2,1,4,18,193,0
2010,5,1,2,0.0,100.0,0,0,0,0,2*,0,7,19.71,7.26,16.28,4/18,2,1,4,18,193,0
2009,2,1,10,10.0,76.92,0,0,0,0,10,0,4,14.0,8.0,10.5,3/32,10,0,3,32,194,0
2026,0,0,0,0.0,0.0,0,0,0,0,0,0,1,36.0,9.0,24.0,36/1,0,0,36,1,195,1
2008,1,1,9,9.0,112.5,0,1,0,0,9,0,2,14.5,7.25,12.0,5/25,9,0,5,25,196,0
2009,5,4,39,9.75,100.0,4,0,0,0,27,0,6,22.0,6.82,19.33,5/25,27,0,5,25,196,0
2010,2,2,12,12.0,120.0,0,0,0,0,9*,0,4,16.25,8.12,12.0,5/25,9,1,5,25,196,0
2012,4,3,14,4.66,87.5,1,0,0,0,9,0,7,15.0,6.56,13.71,5/25,9,0,5,25,196,0
2013,1,1,5,0.0,100.0,0,0,0,0,5*,0,0,0.0,0.0,0.0,,5,1,0,0,196,0
2008,13,8,145,24.16,135.51,13,4,1,0,56*,0,0,0.0,0.0,0.0,,56,1,0,0,197,0
2010,14,14,278,21.38,117.29,26,6,1,0,69,0,0,0.0,0.0,0.0,,69,0,0,0,197,0
2011,14,13,282,25.63,128.18,32,7,1,0,69,0,0,0.0,0.0,0.0,,69,0,0,0,197,0
2012,17,14,238,18.3,111.73,30,2,0,0,44,0,0,0.0,0.0,0.0,,44,0,0,0,197,0
2013,19,19,510,28.33,124.08,54,14,2,0,86,0,0,0.0,0.0,0.0,,86,0,0,0,197,0
2014,14,14,325,23.21,125.96,28,11,3,0,69,0,0,0.0,0.0,0.0,,69,0,0,0,197,0
2015,16,11,141,12.81,120.51,15,4,0,0,28,0,0,0.0,0.0,0.0,,28,0,0,0,197,0
2016,16,15,335,25.76,125.93,38,3,3,0,53,0,0,0.0,0.0,0.0,,53,0,0,0,197,0
2017,14,13,361,36.1,139.38,30,11,2,0,65,0,0,0.0,0.0,0.0,,65,0,0,0,197,0
2018,16,16,498,49.8,147.77,49,16,2,0,52,0,0,0.0,0.0,0.0,,52,0,0,0,197,0
2019,14,13,253,31.62,146.24,22,14,2,0,97*,0,0,0.0,0.0,0.0,,97,1,0,0,197,0
2020,14,14,169,14.08,126.11,20,4,1,0,58,0,0,0.0,0.0,0.0,,58,0,0,0,197,0
2021,17,15,223,22.3,131.17,22,7,0,0,40,0,0,0.0,0.0,0.0,,40,0,0,0,197,0
2022,16,16,330,55.0,183.33,27,22,1,0,66*,10,0,0.0,0.0,0.0,,66,1,0,0,197,0
2023,13,13,140,11.67,134.61,13,5,0,0,30,8,0,0.0,0.0,0.0,,30,0,0,0,197,0
2024,15,13,326,36.22,187.35,27,22,2,0,83,4,0,0.0,0.0,0.0,,83,0,0,0,197,0
2008,6,3,33,16.5,137.5,5,0,0,0,26*,0,1,78.0,9.95,47.0,1/21,26,1,1,21,198,0
2010,9,2,4,4.0,30.76,0,0,0,0,3,0,7,32.0,6.52,29.42,3/27,3,0,3,27,199,0
2011,0,0,0,0.0,0.0,0,0,0,0,0,0,2,15.5,7.75,12.0,3/27,0,0,3,27,199,1
2013,0,0,0,0.0,0.0,0,0,0,0,0,0,4,39.5,7.96,29.75,3/27,0,0,3,27,199,1
2011,7,4,16,16.0,72.72,1,0,0,0,10*,0,0,0.0,0.0,0.0,,10,1,0,0,200,0
2012,5,3,25,25.0,192.3,5,0,0,0,10*,0,0,0.0,0.0,0.0,,10,1,0,0,200,0
2013,12,9,125,15.62,130.2,17,2,0,0,34,0,0,0.0,0.0,0.0,,34,0,0,0,200,0
2014,1,1,4,0.0,66.66,0,0,0,0,4*,0,0,0.0,0.0,0.0,,4,1,0,0,200,0
2008,3,1,3,3.0,37.5,0,0,0,0,3,0,2,43.5,10.87,24.0,1/30,3,0,1,30,201,0
2008,6,4,39,19.5,73.58,2,2,0,0,30,0,3,13.33,5.71,14.0,2/7,30,0,2,7,202,0
2015,6,2,1,1.0,33.33,0,0,0,0,1,0,4,25.25,7.21,21.0,2/18,1,0,2,18,203,0
2024,2,2,8,4.0,72.72,0,0,0,0,7,2,0,0.0,0.0,0.0,,7,0,0,0,204,0
2025,1,1,1,1.0,33.33,0,0,0,0,1,0,0,0.0,0.0,0.0,,1,0,0,0,204,0
2026,15,13,317,35.22,179.09,25,23,2,0,69,13,1,41.0,13.66,18.0,14/1,69,0,14,1,204,0
2010,8,2,18,0.0,105.88,1,1,0,0,16*,0,12,17.25,6.67,15.5,4/13,16,1,4,13,205,0
2011,0,0,0,0.0,0.0,0,0,0,0,0,0,17,19.35,7.0,16.58,4/13,0,0,4,13,205,1
2012,6,1,3,3.0,60.0,0,0,0,0,3,0,8,19.62,8.72,13.5,4/13,3,0,4,13,205,0
2012,1,1,12,0.0,133.33,1,0,0,0,12*,0,3,10.66,8.0,8.0,3/32,12,1,3,32,206,0
2023,0,0,0,0.0,0.0,0,0,0,0,0,0,1,53.0,13.25,24.0,53/1,0,0,53,1,207,1
2022,12,8,43,10.75,153.57,3,3,0,0,17,2,9,42.66,8.72,29.33,17/2,17,0,17,2,208,0
2025,6,3,10,0.0,71.42,0,0,0,0,8*,1,4,42.75,11.4,22.5,24/1,8,1,24,1,208,0
2022,6,5,44,11.0,157.14,3,3,0,0,22,2,6,35.0,10.0,21.0,30/2,22,0,30,2,209,0
2008,7,6,109,18.16,132.92,10,5,0,0,40,0,1,19.0,9.5,12.0,1/19,40,0,1,19,210,0
2009,9,6,65,21.66,92.85,7,0,0,0,27,0,0,0.0,0.0,0.0,,27,0,0,0,210,0
2011,12,9,183,26.14,127.08,17,4,1,0,60,0,0,0.0,0.0,0.0,,60,0,0,0,210,0
2012,2,2,4,2.0,100.0,1,0,0,0,4,0,0,0.0,0.0,0.0,,4,0,0,0,210,0
2013,2,2,14,14.0,82.35,0,0,0,0,10,0,0,0.0,0.0,0.0,,10,0,0,0,210,0
2008,9,7,178,29.66,132.83,19,5,1,0,64*,0,11,21.09,8.14,15.54,4/22,64,1,4,22,211,0
2009,11,10,218,27.25,107.38,15,8,2,0,70*,0,11,23.54,7.8,18.09,4/22,70,1,4,22,211,0
2010,10,8,61,8.71,115.09,3,4,0,0,23,0,4,57.0,8.71,39.25,4/22,23,0,4,22,211,0
2011,6,2,11,11.0,183.33,1,1,0,0,6*,0,6,26.16,7.85,20.0,4/22,6,1,4,22,211,0
2012,19,16,371,46.37,140.53,20,20,0,0,48,0,15,30.73,7.99,23.06,4/22,48,0,4,22,211,0
2013,18,12,121,15.12,114.15,11,3,0,0,23*,0,32,15.53,7.95,11.71,4/22,23,1,4,22,211,0
2014,1,1,8,0.0,266.66,0,1,0,0,8*,0,0,0.0,0.0,0.0,,8,1,0,0,211,0
2015,17,14,195,21.66,131.75,22,5,1,0,62*,0,26,16.38,8.14,12.07,4/22,62,1,4,22,211,0
2016,15,13,99,12.37,120.73,11,1,0,0,22*,0,17,29.05,8.82,19.76,4/22,22,1,4,22,211,0
2018,16,10,141,35.25,154.94,8,10,1,0,68,0,14,38.07,9.96,22.92,4/22,68,0,4,22,211,0
2019,12,9,80,16.0,121.21,6,3,0,0,27,0,11,30.0,8.01,22.45,4/22,27,0,4,22,211,0
2020,6,2,7,3.5,116.66,0,0,0,0,7,0,6,30.0,8.57,21.0,4/22,7,0,4,22,211,0
2021,11,3,47,47.0,261.11,3,4,0,0,23,0,14,18.78,7.81,14.42,4/22,23,0,4,22,211,0
2022,10,6,23,11.5,95.83,1,1,0,0,12,3,16,18.68,8.7,12.87,20/3,12,0,20,3,211,0
2008,4,3,45,15.0,112.5,5,1,0,0,20,0,5,16.6,7.54,13.2,4/8,20,0,4,8,212,0
2009,8,8,215,26.87,162.87,12,15,0,0,49,0,1,124.0,8.85,84.0,4/8,49,0,4,8,212,0
2010,3,3,22,11.0,88.0,1,1,0,0,13*,0,1,36.0,9.39,23.0,4/8,13,1,4,8,212,0
2012,7,6,157,39.25,160.2,18,7,1,0,87*,0,2,47.5,7.3,39.0,4/8,87,1,4,8,212,0
2013,13,13,418,32.15,122.58,40,19,4,0,68,0,2,29.5,11.8,15.0,4/8,68,0,4,8,212,0
2014,16,16,566,35.37,136.05,50,34,5,0,79,0,4,23.75,9.5,15.0,4/8,79,0,4,8,212,0
2015,16,16,399,24.93,119.1,52,16,2,0,62,0,1,17.0,8.5,12.0,4/8,62,0,4,8,212,0
2016,12,12,324,29.45,146.6,35,16,3,0,73,0,8,19.12,8.5,13.5,4/8,73,0,4,8,212,0
2017,12,12,239,21.72,153.2,32,8,2,0,74,0,2,74.0,11.38,39.0,4/8,74,0,4,8,212,0
2016,4,2,24,12.0,171.42,2,2,0,0,19,0,0,0.0,0.0,0.0,,19,0,0,0,213,0
2010,6,4,35,11.66,116.66,2,1,0,0,17,0,0,0.0,0.0,0.0,,17,0,0,0,214,0
2011,12,9,137,15.22,117.09,17,3,1,0,66,0,0,0.0,0.0,0.0,,66,0,0,0,214,0
2013,14,13,307,27.9,127.91,28,13,1,0,51,0,0,0.0,0.0,0.0,,51,0,0,0,214,0
2015,9,9,187,23.37,123.84,11,11,1,0,63,0,0,0.0,0.0,0.0,,63,0,0,0,214,0
2016,7,6,123,24.6,117.14,8,4,1,0,51,0,0,0.0,0.0,0.0,,51,0,0,0,214,0
2017,4,4,65,16.25,104.83,6,2,0,0,26,0,0,0.0,0.0,0.0,,26,0,0,0,214,0
2020,14,14,418,41.8,138.41,32,24,1,0,68*,0,0,0.0,0.0,0.0,,68,1,0,0,214,0
2021,17,16,133,11.08,95.68,8,6,0,0,47*,0,0,0.0,0.0,0.0,,47,1,0,0,214,0
2025,0,0,0,0.0,0.0,0,0,0,0,0,0,13,18.3,8.92,12.3,31/3,0,0,31,3,215,1
2026,15,3,7,7.0,41.17,0,0,0,0,5,4,20,25.35,9.33,16.3,32/4,5,0,32,4,215,0
2018,13,13,382,29.38,138.4,32,24,2,0,65,0,0,0.0,0.0,0.0,,65,0,0,0,216,0
2019,3,3,48,16.0,92.3,4,2,0,0,32,0,0,0.0,0.0,0.0,,32,0,0,0,216,0
2021,5,5,151,30.2,162.36,18,7,1,0,58,0,0,0.0,0.0,0.0,,58,0,0,0,216,0
2022,6,5,73,24.33,130.35,8,3,1,0,55*,3,0,0.0,0.0,0.0,,55,1,0,0,216,0
2021,4,3,6,6.0,50.0,0,0,0,0,6,0,1,90.0,8.18,66.0,1/22,6,0,1,22,217,0
2022,1,1,8,8.0,114.28,1,0,0,0,8,0,1,46.0,11.5,24.0,46/1,8,0,46,1,217,0
2022,16,16,468,31.2,127.52,49,13,3,0,96,4,0,0.0,0.0,0.0,,96,0,0,0,218,0
2023,14,14,730,56.15,153.68,60,36,8,0,84,3,0,0.0,0.0,0.0,,84,0,0,0,218,0
2024,15,15,438,29.2,161.62,47,21,4,0,64,8,0,0.0,0.0,0.0,,64,0,0,0,218,0
2025,9,9,202,22.44,123.92,18,8,2,0,62,4,0,0.0,0.0,0.0,,62,0,0,0,218,0
2012,13,12,398,33.16,130.92,29,17,3,0,73,0,0,0.0,0.0,0.0,,73,0,0,0,219,0
2014,15,12,303,27.54,128.93,26,7,2,0,54*,0,0,0.0,0.0,0.0,,54,1,0,0,219,0
2015,17,15,380,29.23,125.0,37,5,1,0,55,0,0,0.0,0.0,0.0,,55,0,0,0,219,0
2016,6,6,206,34.33,127.16,17,9,2,0,69,0,0,0.0,0.0,0.0,,69,0,0,0,219,0
2017,2,1,8,8.0,114.28,1,0,0,0,8,0,0,0.0,0.0,0.0,,8,0,0,0,219,0
2018,6,6,162,32.4,125.58,17,6,1,0,67*,0,0,0.0,0.0,0.0,,67,1,0,0,219,0
2019,12,12,396,36.0,123.36,36,15,3,0,96,0,0,0.0,0.0,0.0,,96,0,0,0,219,0
2020,13,13,449,40.81,140.75,42,14,4,0,87*,0,0,0.0,0.0,0.0,,87,1,0,0,219,0
2021,16,16,633,45.21,138.2,60,23,6,0,95*,0,0,0.0,0.0,0.0,,95,1,0,0,219,0
2010,10,9,164,20.5,106.49,19,1,0,0,45,0,0,0.0,0.0,0.0,,45,0,0,0,220,0
2011,2,2,19,9.5,100.0,3,0,0,0,16,0,0,0.0,0.0,0.0,,16,0,0,0,220,0
2016,3,3,14,7.0,107.69,2,0,0,0,9*,0,0,0.0,0.0,0.0,,9,1,0,0,221,0
2022,3,1,2,0.0,25.0,0,0,0,0,2*,0,2,55.0,9.16,36.0,32/2,2,1,32,2,222,0
2023,4,1,1,0.0,20.0,0,0,0,0,1*,1,4,29.25,8.77,20.0,41/2,1,1,41,2,222,0
2025,5,1,2,0.0,100.0,0,0,0,0,2*,0,0,0.0,0.0,0.0,,2,1,0,0,222,0
2026,11,11,349,34.9,214.11,33,28,1,1,100*,1,0,0.0,0.0,0.0,,100,1,0,0,223,0
2008,0,0,0,0.0,0.0,0,0,0,0,0,0,3,47.0,10.07,28.0,1/33,0,0,1,33,224,1
2008,14,14,534,41.07,140.89,68,8,5,0,86,0,0,0.0,0.0,0.0,,86,0,0,0,225,0
2010,11,10,277,30.77,127.64,32,2,2,0,72,0,0,0.0,0.0,0.0,,72,0,0,0,225,0
2011,15,15,378,34.36,119.24,44,3,2,0,75*,0,0,0.0,0.0,0.0,,75,1,0,0,225,0
2012,17,17,590,39.33,143.55,64,17,6,0,93,0,0,0.0,0.0,0.0,,93,0,0,0,225,0
2013,16,16,406,25.37,118.36,51,5,4,0,60,0,0,0.0,0.0,0.0,,60,0,0,0,225,0
2014,16,16,335,22.33,114.33,36,4,3,0,69,0,0,0.0,0.0,0.0,,69,0,0,0,225,0
2015,13,13,327,25.15,117.62,41,4,3,0,60,0,0,0.0,0.0,0.0,,60,0,0,0,225,0
2016,15,15,501,38.53,121.89,54,6,5,0,90*,0,0,0.0,0.0,0.0,,90,1,0,0,225,0
2017,16,16,498,41.5,128.02,61,7,4,0,76*,0,0,0.0,0.0,0.0,,76,1,0,0,225,0
2018,6,5,85,17.0,96.59,8,1,1,0,55,0,0,0.0,0.0,0.0,,55,0,0,0,225,0
2009,3,2,45,22.5,115.38,7,0,0,0,30,0,0,0.0,0.0,0.0,,30,0,0,0,226,0
2010,1,1,18,18.0,66.66,2,0,0,0,18,0,0,0.0,0.0,0.0,,18,0,0,0,226,0
2014,17,16,257,28.55,135.26,19,10,0,0,40*,0,0,0.0,0.0,0.0,,40,1,0,0,226,0
2015,13,13,259,23.54,136.31,22,7,2,0,61*,0,0,0.0,0.0,0.0,,61,1,0,0,226,0
2016,6,5,84,21.0,85.71,9,2,0,0,34,0,0,0.0,0.0,0.0,,34,0,0,0,226,0
2021,5,3,2,2.0,50.0,0,0,0,0,2*,0,3,45.0,9.0,30.0,1/27,2,1,1,27,227,0
2026,3,3,31,10.33,147.61,6,0,0,0,16,0,1,55.0,8.91,37.0,18/1,16,0,18,1,228,0
2024,10,5,14,3.5,63.63,0,1,0,0,8,1,13,26.23,10.17,15.46,34/4,8,0,34,4,229,0
2025,4,2,17,8.5,154.54,2,1,0,0,12,2,2,65.5,10.91,36.0,10/1,12,0,10,1,229,0
2012,2,2,6,6.0,54.54,0,0,0,0,3*,0,1,22.0,7.33,18.0,2/15,3,1,2,15,230,0
2013,3,3,36,18.0,133.33,1,4,0,0,23,0,0,0.0,0.0,0.0,,23,0,0,0,230,0
2014,16,16,552,34.5,187.75,48,36,4,0,95,0,1,132.0,12.0,66.0,2/15,95,0,2,15,230,0
2015,11,11,145,13.18,129.46,13,8,0,0,43,0,2,48.5,9.7,30.0,2/15,43,0,2,15,230,0
2016,11,11,179,19.88,144.35,14,8,2,0,68,0,0,0.0,0.0,0.0,,68,0,0,0,230,0
2017,14,13,310,31.0,173.18,19,26,0,0,47,0,7,17.85,6.57,16.28,2/15,47,0,2,15,230,0
2018,12,12,169,14.08,140.83,14,9,0,0,47,0,5,26.4,8.25,19.2,2/15,47,0,2,15,230,0
2020,13,11,108,15.42,101.88,9,0,0,0,32,0,3,56.33,8.04,42.0,2/15,32,0,2,15,230,0
2021,15,14,513,42.75,144.1,48,21,6,0,78,0,3,45.0,8.43,32.0,2/15,78,0,2,15,230,0
2022,13,13,301,27.36,169.1,31,15,1,0,55,5,6,27.5,6.87,24.0,22/2,55,0,22,2,230,0
2023,14,14,400,33.33,183.48,29,31,5,0,77,4,3,31.33,9.09,20.66,3/1,77,0,3,1,230,0
2024,10,9,52,5.78,120.93,6,2,0,0,28,3,6,21.5,8.06,16.0,23/2,28,0,23,2,230,0
2025,7,6,48,8.0,97.95,5,1,0,0,30,5,4,27.5,8.46,19.5,5/1,30,0,5,1,230,0
2008,14,3,4,4.0,80.0,1,0,0,0,4*,0,12,29.75,6.61,27.0,4/29,4,1,4,29,231,0
2021,3,3,26,13.0,78.78,1,2,0,0,14*,0,1,20.0,10.0,12.0,1/17,14,1,1,17,232,0
2023,5,5,39,7.8,177.27,2,4,0,0,25,2,1,20.0,6.66,18.0,10/1,25,0,10,1,232,0
2026,6,5,67,16.75,124.07,4,2,0,0,25,8,0,0.0,0.0,0.0,,25,0,0,0,232,0
2008,11,11,441,49.0,121.82,54,8,3,0,91,0,0,0.0,0.0,0.0,,91,0,0,0,233,0
2009,12,12,212,19.27,98.14,27,1,1,0,77,0,0,0.0,0.0,0.0,,77,0,0,0,233,0
2010,2,2,44,22.0,112.82,7,0,0,0,26,0,0,0.0,0.0,0.0,,26,0,0,0,233,0
2011,4,4,42,10.5,82.35,6,0,0,0,24,0,0,0.0,0.0,0.0,,24,0,0,0,233,0
2009,1,1,15,15.0,93.75,1,0,0,0,15,0,1,27.0,6.75,24.0,1/27,15,0,1,27,234,0
2024,2,1,19,19.0,126.66,1,1,0,0,19,1,0,0.0,0.0,0.0,,19,0,0,0,235,0
2015,0,0,0,0.0,0.0,0,0,0,0,0,0,1,82.0,10.25,48.0,1/33,0,0,1,33,236,1
2026,0,0,0,0.0,0.0,0,0,0,0,0,0,4,58.25,9.25,37.75,7/1,0,0,7,1,237,1
2012,5,4,86,28.66,165.38,12,2,0,0,29*,0,0,0.0,0.0,0.0,,29,1,0,0,238,0
2013,11,9,108,13.5,113.68,10,3,0,0,31,0,0,0.0,0.0,0.0,,31,0,0,0,238,0
2015,5,5,35,7.0,89.74,3,1,0,0,15,0,3,22.0,7.33,18.0,2/15,15,0,2,15,238,0
2016,7,6,113,22.6,131.39,11,3,1,0,51,0,2,15.5,7.75,12.0,2/15,51,0,2,15,238,0
2019,3,3,98,32.66,140.0,11,2,1,0,65,0,0,0.0,0.0,0.0,,65,0,0,0,238,0
2020,8,5,71,0.0,88.75,8,0,0,0,21*,0,0,0.0,0.0,0.0,,21,1,0,0,238,0
2008,1,1,2,2.0,40.0,0,0,0,0,2,0,0,0.0,0.0,0.0,,2,0,0,0,239,0
2013,17,17,241,17.21,86.69,17,1,0,0,46,0,1,38.0,6.33,36.0,1/5,46,0,1,5,240,0
2015,5,4,39,9.75,111.42,6,0,0,0,16,0,0,0.0,0.0,0.0,,16,0,0,0,240,0
2019,2,2,4,2.0,50.0,0,0,0,0,2,0,0,0.0,0.0,0.0,,2,0,0,0,240,0
2008,3,3,30,15.0,176.47,1,3,0,0,28,0,5,16.4,8.2,12.0,5/18,28,0,5,18,241,0
2009,13,10,84,10.5,158.49,6,5,0,0,20,0,12,21.33,5.81,22.0,5/18,20,0,5,18,241,0
2010,15,7,105,26.25,166.66,12,5,0,0,49*,0,17,22.17,7.04,18.88,5/18,49,1,5,18,241,0
2011,15,8,103,34.33,145.07,9,6,0,0,30,0,14,26.42,6.98,22.71,5/18,30,0,5,18,241,0
2012,17,11,108,12.0,135.0,14,3,0,0,33,0,6,64.0,7.11,54.0,5/18,33,0,5,18,241,0
2013,19,14,116,19.33,146.83,12,5,0,0,25*,0,24,19.0,6.51,17.5,5/18,25,1,5,18,241,0
2014,14,7,28,5.6,112.0,2,2,0,0,10*,0,14,25.42,6.47,23.57,5/18,10,1,5,18,241,0
2015,15,10,117,16.71,160.27,9,9,1,0,64,0,18,24.77,7.82,19.0,5/18,64,0,5,18,241,0
2016,14,7,92,30.66,109.52,11,2,0,0,45*,0,9,43.55,8.0,32.66,5/18,45,1,5,18,241,0
2017,11,7,16,8.0,100.0,0,1,0,0,7*,0,8,33.25,6.48,30.75,5/18,7,1,5,18,241,0
2018,13,3,29,9.66,80.55,3,1,0,0,19,0,7,38.57,8.48,27.28,5/18,19,0,5,18,241,0
2019,11,1,1,1.0,33.33,0,0,0,0,1,0,16,19.5,7.09,16.5,5/18,1,0,5,18,241,0
2021,3,2,4,0.0,100.0,0,0,0,0,2*,0,0,0.0,0.0,0.0,,2,1,0,0,241,0
2015,9,8,112,22.4,180.64,9,8,1,0,61*,0,1,176.0,10.35,102.0,3/20,61,1,3,20,242,0
2016,11,9,44,6.28,69.84,4,0,0,0,9,0,3,51.0,9.18,33.33,3/20,9,0,3,20,242,0
2017,17,16,250,35.71,156.25,11,20,0,0,35*,0,6,35.5,8.19,26.0,3/20,35,1,3,20,242,0
2018,13,13,260,28.88,133.33,20,11,1,0,50,0,18,21.16,8.92,14.22,3/20,50,0,3,20,242,0
2019,16,15,402,44.66,191.42,28,29,1,0,91,0,14,27.85,9.17,18.21,3/20,91,0,3,20,242,0
2020,14,13,281,35.12,178.98,14,25,1,0,60*,0,0,0.0,0.0,0.0,,60,1,0,0,242,0
2021,12,11,127,14.11,113.39,11,5,0,0,40*,0,0,0.0,0.0,0.0,,40,1,0,0,242,0
2022,15,15,487,44.27,131.26,49,12,4,0,87*,2,8,27.75,7.27,22.87,17/3,87,1,17,3,242,0
2023,16,15,346,31.45,136.75,26,15,2,0,66,7,3,76.0,9.12,50.0,10/1,66,0,10,1,242,0
2024,14,13,216,18.0,143.04,17,11,0,0,46,4,11,35.18,10.75,19.63,31/3,46,0,31,3,242,0
2025,15,12,224,24.89,163.5,18,12,0,0,48*,3,14,24.42,9.77,15.0,36/5,48,1,36,5,242,0
2026,10,10,206,22.89,138.25,21,7,0,0,40,2,4,64.75,11.42,34.0,18/1,40,0,18,1,242,0
2019,6,3,3,1.5,42.85,0,0,0,0,2*,0,7,31.71,9.65,19.71,2/39,2,1,2,39,243,0
2013,0,0,0,0.0,0.0,0,0,0,0,0,0,1,34.0,8.5,24.0,1/34,0,0,1,34,244,1
2009,0,0,0,0.0,0.0,0,0,0,0,0,0,3,64.0,8.4,45.66,3/24,0,0,3,24,245,1
2010,0,0,0,0.0,0.0,0,0,0,0,0,0,8,21.75,7.25,18.0,3/24,0,0,3,24,245,1
2011,0,0,0,0.0,0.0,0,0,0,0,0,0,3,17.66,7.57,14.0,3/24,0,0,3,24,245,1
2012,7,2,15,15.0,214.28,3,0,0,0,14,0,6,28.0,8.68,19.33,3/24,14,0,3,24,245,0
2013,3,1,3,3.0,75.0,0,0,0,0,3,0,5,17.4,7.67,13.6,3/24,3,0,3,24,245,0
2023,3,3,76,25.33,128.81,8,3,0,0,41,1,0,0.0,0.0,0.0,,41,0,0,0,246,0
2024,2,2,27,13.5,79.41,2,0,0,0,14,0,0,0.0,0.0,0.0,,14,0,0,0,246,0
2019,2,1,20,0.0,166.66,2,1,0,0,20*,0,0,0.0,0.0,0.0,,20,1,0,0,247,0
2021,7,5,64,0.0,110.34,3,2,0,0,25*,0,5,27.8,6.04,27.6,3/19,25,1,3,19,247,0
2022,5,3,22,7.33,88.0,1,2,0,0,14,3,4,36.5,9.12,24.0,26/3,14,0,26,3,247,0
2023,13,8,52,8.67,126.82,5,2,0,0,17*,2,9,24.22,8.02,18.11,30/4,17,1,30,4,247,0
2024,13,7,75,37.5,138.88,8,2,0,0,29,7,7,43.28,7.97,32.57,13/2,29,0,13,2,247,0
2025,8,2,11,11.0,84.61,0,1,0,0,7*,0,10,19.0,8.63,13.2,22/3,7,1,22,3,247,0
2026,2,1,5,0.0,166.66,1,0,0,0,5*,1,2,30.0,7.5,24.0,35/2,5,1,35,2,247,0
2011,2,2,14,14.0,70.0,0,0,0,0,13,0,0,0.0,0.0,0.0,,13,0,0,0,248,0
2012,1,1,6,6.0,100.0,0,0,0,0,6,0,0,0.0,0.0,0.0,,6,0,0,0,248,0
2023,11,11,190,21.11,123.37,23,4,0,1,100*,3,0,0.0,0.0,0.0,,100,1,0,0,249,0
2019,8,1,1,0.0,20.0,0,0,0,0,1*,0,7,34.0,8.81,23.14,2/25,1,1,2,25,250,0
2025,0,0,0,0.0,0.0,0,0,0,0,0,0,5,19.6,9.8,12.0,34/3,0,0,34,3,251,1
2026,8,5,13,6.5,144.44,2,0,0,0,9*,3,8,28.5,10.36,16.5,12/3,9,1,12,3,251,0
2012,12,3,15,7.5,100.0,1,0,0,0,10,0,9,37.77,8.29,27.33,5/27,10,0,5,27,252,0
2014,3,3,13,6.5,185.71,1,1,0,0,6,0,4,28.25,10.27,16.5,5/27,6,0,5,27,252,0
2015,15,7,19,3.8,158.33,0,2,0,0,9*,0,17,19.29,7.48,15.47,5/27,9,1,5,27,252,0
2016,0,0,0,0.0,0.0,0,0,0,0,0,0,1,147.0,10.5,84.0,5/27,0,0,5,27,252,1
2017,0,0,0,0.0,0.0,0,0,0,0,0,0,3,14.33,10.75,8.0,5/27,0,0,5,27,252,1
2018,5,2,60,60.0,181.81,1,6,0,0,36*,0,7,23.85,9.54,15.0,5/27,36,1,5,27,252,0
2019,2,2,0,0.0,0.0,0,0,0,0,0*,0,2,38.5,9.62,24.0,5/27,0,1,5,27,252,0
2020,5,2,21,10.5,87.5,2,0,0,0,16,0,3,44.66,8.93,30.0,5/27,16,0,5,27,252,0
2021,15,8,59,14.75,128.26,6,2,0,0,31,0,32,14.34,8.14,10.56,5/27,31,0,5,27,252,0
2022,15,8,43,8.6,110.25,4,2,0,0,11,2,19,21.57,7.66,16.89,34/4,11,0,34,4,252,0
2023,13,2,6,3.0,100.0,0,1,0,0,6,2,14,32.42,9.65,20.14,32/3,6,0,32,3,252,0
2024,14,4,13,4.33,68.42,1,1,0,0,12,5,24,19.87,9.73,12.25,15/3,12,0,15,3,252,0
2025,13,4,21,10.5,80.76,0,0,0,0,12*,3,16,26.87,9.8,16.43,28/4,12,1,28,4,252,0
2026,5,3,10,3.33,111.11,2,0,0,0,6,0,0,0.0,0.0,0.0,,6,0,0,0,252,0
2022,2,2,2,2.0,100.0,0,0,0,0,2,0,1,51.0,10.2,30.0,24/1,2,0,24,1,253,0
2023,0,0,0,0.0,0.0,0,0,0,0,0,0,5,29.4,8.64,20.4,33/2,0,0,33,2,253,1
2024,0,0,0,0.0,0.0,0,0,0,0,0,0,19,20.15,9.08,13.31,24/3,0,0,24,3,253,1
2025,13,7,57,14.25,107.54,5,3,0,0,34,6,15,29.86,10.18,17.6,25/3,34,0,25,3,253,0
2016,6,6,157,26.16,131.93,20,4,1,0,96,0,0,0.0,0.0,0.0,,96,0,0,0,254,0
2017,10,10,420,60.0,145.83,40,17,2,2,104*,0,0,0.0,0.0,0.0,,104,1,0,0,254,0
2018,4,4,57,19.0,121.27,5,1,0,0,32,0,0,0.0,0.0,0.0,,32,0,0,0,255,0
2019,3,2,9,4.5,90.0,0,0,0,0,6,0,0,0.0,0.0,0.0,,6,0,0,0,255,0
2023,12,11,448,49.78,177.07,32,25,2,1,104,3,0,0.0,0.0,0.0,,104,0,0,0,255,0
2024,16,15,479,39.92,171.07,19,38,4,0,80*,8,0,0.0,0.0,0.0,,80,1,0,0,255,0
2025,13,13,487,44.27,172.69,42,25,1,1,105*,7,0,0.0,0.0,0.0,,105,1,0,0,255,0
2026,15,15,624,48.0,160.0,48,31,6,0,69,13,0,0.0,0.0,0.0,,69,0,0,0,255,0
2008,9,9,167,18.55,109.15,17,8,0,0,47,0,0,0.0,0.0,0.0,,47,0,0,0,256,0
2009,14,14,371,33.72,112.08,32,12,4,0,69*,0,0,0.0,0.0,0.0,,69,1,0,0,256,0
2010,10,10,267,26.7,113.61,26,9,1,0,50,0,0,0.0,0.0,0.0,,50,0,0,0,256,0
2012,3,3,81,40.5,92.04,8,2,1,0,66*,0,0,0.0,0.0,0.0,,66,1,0,0,256,0
2026,6,5,92,30.67,133.33,5,5,0,0,40*,1,0,0.0,0.0,0.0,,40,1,0,0,257,0
2022,5,3,43,21.5,89.58,5,0,0,0,25,2,2,63.5,8.46,45.0,47/2,25,0,47,2,258,0
2023,8,3,23,23.0,135.29,4,0,0,0,18*,3,3,62.33,9.84,38.0,34/2,18,1,34,2,258,0
2014,6,2,8,4.0,80.0,2,0,0,0,4,0,9,19.0,8.2,13.88,4/12,4,0,4,12,259,0
2015,10,2,5,5.0,83.33,0,0,0,0,3*,0,15,20.93,8.84,14.2,4/12,3,1,4,12,259,0
2016,4,1,5,5.0,71.42,1,0,0,0,5,0,5,27.6,8.62,19.2,4/12,5,0,4,12,259,0
2017,12,1,0,0.0,0.0,0,0,0,0,0*,0,18,20.5,7.85,15.66,4/12,0,1,4,12,259,0
2018,6,1,2,0.0,100.0,0,0,0,0,2*,0,6,31.33,9.09,20.66,4/12,2,1,4,12,259,0
2019,0,0,0,0.0,0.0,0,0,0,0,0,0,26,16.57,6.69,14.84,4/12,0,0,4,12,259,1
2020,3,1,13,0.0,130.0,2,0,0,0,13*,0,1,76.0,6.9,66.0,4/12,13,1,4,12,259,0
2021,0,0,0,0.0,0.0,0,0,0,0,0,0,2,8.0,4.0,12.0,4/12,0,0,4,12,259,1
2008,1,1,1,0.0,50.0,0,0,0,0,1*,0,0,0.0,0.0,0.0,,1,1,0,0,260,0
2010,0,0,0,0.0,0.0,0,0,0,0,0,0,1,61.0,7.17,51.0,3/24,0,0,3,24,260,1
2011,15,2,15,0.0,125.0,1,0,0,0,12*,0,16,19.06,6.1,18.75,3/24,12,1,3,24,260,0
2012,0,0,0,0.0,0.0,0,0,0,0,0,0,4,36.0,6.54,33.0,3/24,0,0,3,24,260,1
2013,5,2,8,0.0,57.14,0,0,0,0,6*,0,7,20.28,7.53,16.14,3/24,6,1,3,24,260,0
2015,5,2,20,10.0,111.11,4,0,0,0,20,0,4,37.5,7.89,28.5,3/24,20,0,3,24,260,0
2016,8,2,37,0.0,137.03,4,1,0,0,33*,0,6,35.5,8.52,25.0,3/24,33,1,3,24,260,0
2017,2,1,5,0.0,71.42,0,0,0,0,5*,0,2,27.5,11.0,15.0,3/24,5,1,3,24,260,0
2008,14,10,131,21.83,112.93,9,6,0,0,40,0,15,23.33,6.6,21.2,3/24,40,0,3,24,261,0
2009,14,12,196,19.6,124.05,17,6,0,0,39,0,17,22.94,7.74,17.76,3/24,39,0,3,24,261,0
2010,14,13,276,34.5,148.38,21,10,1,0,60,0,15,28.4,9.19,18.53,3/24,60,0,3,24,261,0
2011,14,12,150,18.75,108.69,12,6,0,0,44*,0,11,31.27,7.5,25.0,3/24,44,1,3,24,261,0
2012,17,12,176,25.14,139.68,14,6,0,0,42*,0,8,58.12,7.75,45.0,3/24,42,1,3,24,261,0
2013,15,13,142,17.75,93.42,9,3,0,0,24,0,10,38.2,7.44,30.8,3/24,24,0,3,24,261,0
2014,10,6,55,27.5,101.85,5,0,0,0,23*,0,4,51.25,8.66,35.5,3/24,23,1,3,24,261,0
2016,4,3,11,3.66,84.61,0,0,0,0,7,0,0,0.0,0.0,0.0,,7,0,0,0,261,0
2017,1,1,2,2.0,66.66,0,0,0,0,2,0,0,0.0,0.0,0.0,,2,0,0,0,261,0
2018,6,1,1,1.0,16.66,0,0,0,0,1,0,5,27.0,5.86,27.6,3/26,1,0,3,26,262,0
2019,2,1,6,6.0,54.54,0,0,0,0,6,0,4,16.75,9.34,10.75,3/26,6,0,3,26,262,0
2016,5,5,42,8.4,102.43,5,0,0,0,27,0,0,0.0,0.0,0.0,,27,0,0,0,263,0
2017,11,10,277,27.7,134.46,29,13,1,0,61,0,0,0.0,0.0,0.0,,61,0,0,0,263,0
2018,14,12,275,22.91,149.45,22,17,2,0,62,0,0,0.0,0.0,0.0,,62,0,0,0,263,0
2019,7,6,101,16.83,101.0,8,4,0,0,28,0,0,0.0,0.0,0.0,,28,0,0,0,263,0
2020,14,13,516,57.33,145.76,36,30,4,0,99,0,0,0.0,0.0,0.0,,99,0,0,0,263,0
2021,10,10,241,26.77,133.88,21,10,2,0,84,0,0,0.0,0.0,0.0,,84,0,0,0,263,0
2022,14,14,418,32.15,120.11,45,11,3,0,81*,13,0,0.0,0.0,0.0,,81,1,0,0,263,0
2023,15,15,454,30.27,142.76,54,18,3,0,75,10,0,0.0,0.0,0.0,,75,0,0,0,263,0
2024,14,14,320,22.86,148.83,35,16,1,0,69,9,0,0.0,0.0,0.0,,69,0,0,0,263,0
2025,14,13,354,35.4,152.58,33,15,1,1,106*,8,0,0.0,0.0,0.0,,106,1,0,0,263,0
2026,15,15,602,40.13,182.42,60,32,6,0,91,9,0,0.0,0.0,0.0,,91,0,0,0,263,0
2011,1,1,7,0.0,175.0,1,0,0,0,7*,0,0,0.0,0.0,0.0,,7,1,0,0,264,0
2021,0,0,0,0.0,0.0,0,0,0,0,0,0,1,39.0,9.75,24.0,1/39,0,0,1,39,265,1
2011,2,2,28,14.0,75.67,3,0,0,0,25,0,0,0.0,0.0,0.0,,25,0,0,0,266,0
2012,3,3,15,7.5,71.42,0,0,0,0,10*,0,0,0.0,0.0,0.0,,10,1,0,0,266,0
2017,2,2,33,33.0,84.61,3,0,0,0,28,0,0,0.0,0.0,0.0,,28,0,0,0,266,0
2008,13,6,11,11.0,100.0,1,0,0,0,4*,0,8,41.37,7.66,32.37,5/12,4,1,5,12,267,0
2009,11,3,16,8.0,123.07,1,1,0,0,9,0,11,27.0,6.9,23.45,5/12,9,0,5,12,267,0
2010,7,2,6,6.0,35.29,0,0,0,0,6*,0,7,33.71,9.44,21.42,5/12,6,1,5,12,267,0
2011,12,5,4,0.0,80.0,0,0,0,0,1*,0,11,28.54,7.13,24.0,5/12,1,1,5,12,267,0
2013,0,0,0,0.0,0.0,0,0,0,0,0,0,15,31.06,7.81,23.86,5/12,0,0,5,12,267,1
2014,0,0,0,0.0,0.0,0,0,0,0,0,0,3,33.66,9.18,22.0,5/12,0,0,5,12,267,1
2015,0,0,0,0.0,0.0,0,0,0,0,0,0,1,159.0,11.35,84.0,5/12,0,0,5,12,267,1
2016,0,0,0,0.0,0.0,0,0,0,0,0,0,3,49.33,9.86,30.0,5/12,0,0,5,12,267,1
2017,6,3,8,4.0,66.66,1,0,0,0,5*,0,0,0.0,0.0,0.0,,5,1,0,0,267,0
2019,13,3,10,0.0,333.33,1,1,0,0,10*,0,13,26.84,7.58,21.23,5/12,10,1,5,12,267,0
2021,0,0,0,0.0,0.0,0,0,0,0,0,0,1,97.0,8.08,72.0,5/12,0,0,5,12,267,1
2023,8,1,1,0.0,100.0,0,0,0,0,1*,0,10,20.6,8.24,15.0,19/2,1,1,19,2,267,0
2024,9,2,1,0.0,14.28,0,0,0,0,1*,2,10,26.5,9.81,16.2,34/3,1,1,34,3,267,0
2025,0,0,0,0.0,0.0,0,0,0,0,0,0,4,51.25,11.18,27.5,18/1,0,0,18,1,267,1
2013,0,0,0,0.0,0.0,0,0,0,0,0,0,1,50.0,12.5,24.0,2/23,0,0,2,23,268,1
2014,0,0,0,0.0,0.0,0,0,0,0,0,0,6,53.0,7.57,42.0,2/23,0,0,2,23,268,1
2015,0,0,0,0.0,0.0,0,0,0,0,0,0,11,20.27,7.19,16.9,2/23,0,0,2,23,268,1
2020,10,4,15,5.0,136.36,1,1,0,0,10*,0,8,35.25,9.72,21.75,2/41,10,1,2,41,269,0
2010,5,2,26,13.0,108.33,1,1,0,0,22,0,3,18.0,7.36,14.66,3/12,22,0,3,12,270,0
2009,13,12,372,41.33,114.46,26,11,5,0,62,0,4,23.25,5.31,26.25,4/17,62,0,4,17,271,0
2010,7,7,157,31.4,119.84,13,5,0,0,42*,0,1,37.0,6.72,33.0,4/17,42,1,4,17,271,0
2011,10,10,205,20.5,117.81,9,8,1,0,55,0,4,35.75,7.94,27.0,4/17,55,0,4,17,271,0
2012,9,9,244,81.33,128.42,13,11,2,0,74,0,1,104.0,8.66,72.0,4/17,74,0,4,17,271,0
2014,14,14,410,51.25,134.42,22,20,2,0,67*,0,3,80.0,7.27,66.0,4/17,67,1,4,17,271,0
2015,14,13,414,41.4,131.42,27,20,4,0,78*,0,8,15.75,7.41,12.75,4/17,78,1,4,17,271,0
2016,10,8,191,38.2,122.43,13,3,0,0,49*,0,2,27.5,7.85,21.0,4/17,49,1,4,17,271,0
2018,6,4,36,36.0,90.0,3,1,0,0,23,0,0,0.0,0.0,0.0,,23,0,0,0,271,0
2025,2,2,67,33.5,171.79,9,3,1,0,55,1,0,0.0,0.0,0.0,,55,0,0,0,272,0
2026,7,7,96,13.71,124.67,12,3,0,0,27,4,0,0.0,0.0,0.0,,27,0,0,0,272,0
2026,0,0,0,0.0,0.0,0,0,0,0,0,0,9,29.22,10.95,16.0,22/3,0,0,22,3,273,1
2008,4,3,18,18.0,150.0,1,1,0,0,13,0,3,49.66,9.31,32.0,3/32,13,0,3,32,274,0
2009,11,8,88,14.66,94.62,5,4,0,0,41*,0,5,26.6,8.58,18.6,3/32,41,1,3,32,274,0
2011,0,0,0,0.0,0.0,0,0,0,0,0,0,1,32.0,16.0,12.0,3/32,0,0,3,32,274,1
2008,11,11,199,18.09,108.74,23,4,1,0,54,0,4,77.75,9.05,51.5,3/13,54,0,3,13,275,0
2009,15,15,361,27.76,108.73,37,8,3,0,69*,0,6,58.83,7.67,46.0,3/13,69,1,3,13,275,0
2010,16,16,572,47.66,115.78,67,9,6,0,89*,0,13,36.61,8.35,26.3,3/13,89,1,3,13,275,0
2011,15,14,424,35.33,112.16,46,6,4,0,80*,0,7,24.28,7.08,20.57,3/13,80,1,3,13,275,0
2012,17,17,409,25.56,106.51,34,10,2,0,79,0,15,26.86,7.46,21.6,3/13,79,0,3,13,275,0
2013,16,16,311,20.73,96.58,35,3,0,0,41,0,16,24.62,7.43,19.87,3/13,41,0,3,13,275,0
2014,8,7,151,25.16,117.05,13,4,1,0,72,0,4,46.5,8.45,33.0,3/13,72,0,3,13,275,0
2022,2,2,40,40.0,108.1,3,1,0,0,39*,0,0,0.0,0.0,0.0,,39,1,0,0,276,0
2023,6,6,89,14.83,109.87,14,1,0,0,36,1,0,0.0,0.0,0.0,,36,0,0,0,276,0
2008,3,3,23,7.66,100.0,5,0,0,0,22,0,0,0.0,0.0,0.0,,22,0,0,0,277,0
2015,13,6,48,48.0,150.0,4,2,0,0,34*,0,10,33.7,8.64,23.4,2/14,34,1,2,14,278,0
2019,1,1,6,6.0,40.0,0,0,0,0,6,0,2,14.0,7.0,12.0,2/14,6,0,2,14,278,0
2021,2,1,14,0.0,233.33,2,1,0,0,14*,0,0,0.0,0.0,0.0,,14,1,0,0,278,0
2022,5,2,2,1.0,25.0,0,0,0,0,2,3,7,20.0,7.77,15.42,12/2,2,0,12,2,278,0
2024,9,9,330,36.67,234.04,32,28,4,0,84,5,0,0.0,0.0,0.0,,84,0,0,0,279,0
2025,6,6,55,9.17,105.76,7,2,0,0,38,3,0,0.0,0.0,0.0,,38,0,0,0,279,0
2011,0,0,0,0.0,0.0,0,0,0,0,0,0,1,9.0,4.5,12.0,5/16,0,0,5,16,280,1
2012,2,2,14,14.0,107.69,0,0,0,0,11*,0,3,24.0,9.0,16.0,5/16,11,1,5,16,280,0
2013,16,9,57,11.4,100.0,5,2,0,0,19*,0,28,15.25,6.75,13.53,5/16,19,1,5,16,280,0
2014,13,12,181,45.25,192.55,8,16,0,0,41*,0,11,38.09,9.74,23.45,5/16,41,1,5,16,280,0
2015,13,11,144,18.0,132.11,12,5,0,0,46,0,8,53.25,9.46,33.75,5/16,46,0,5,16,280,0
2016,7,5,77,25.66,130.5,7,0,0,0,32,0,2,83.5,9.82,51.0,5/16,32,0,5,16,280,0
2017,8,6,54,13.5,94.73,4,0,0,0,21,0,6,43.0,9.79,26.33,5/16,21,0,5,16,280,0
2011,8,5,107,53.5,137.17,10,2,0,0,45*,0,3,33.0,9.73,20.33,2/18,45,1,2,18,281,0
2012,12,11,220,24.44,98.65,15,6,1,0,79,0,6,20.16,8.06,15.0,2/18,79,0,2,18,281,0
2008,11,11,221,20.09,149.32,27,8,2,0,71,0,7,39.42,9.85,24.0,2/2,71,0,2,2,282,0
2011,10,8,196,39.2,124.05,22,3,2,0,55,0,7,38.85,8.5,27.42,2/2,55,0,2,2,282,0
2022,2,2,31,15.5,114.81,3,0,0,0,17,1,0,0.0,0.0,0.0,,17,0,0,0,283,0
2020,10,2,15,15.0,115.38,2,0,0,0,11,0,11,29.09,9.01,19.36,2/19,11,0,2,19,284,0
2025,3,2,15,0.0,214.28,1,1,0,0,11*,0,0,0.0,0.0,0.0,,11,1,0,0,285,0
2026,10,6,136,34.0,158.13,13,6,0,0,43*,1,14,17.78,8.89,12.0,18/4,43,1,18,4,285,0
2010,6,4,8,8.0,72.72,0,0,0,0,4*,0,6,23.16,9.92,14.0,2/18,4,1,2,18,286,0
2019,0,0,0,0.0,0.0,0,0,0,0,0,0,5,33.0,8.68,22.8,2/22,0,0,2,22,287,1
2023,12,2,6,0.0,66.66,0,0,0,0,3*,2,14,27.64,9.21,18.0,23/3,3,1,23,3,287,0
2013,0,0,0,0.0,0.0,0,0,0,0,0,0,2,84.0,8.4,60.0,4/52,0,0,4,52,288,1
2014,1,1,16,16.0,133.33,2,1,0,0,16,0,1,35.0,11.66,18.0,4/52,16,0,4,52,288,0
2016,4,4,22,5.5,115.78,2,1,0,0,13,0,2,51.5,7.92,39.0,4/52,13,0,4,52,288,0
2020,7,4,66,33.0,124.52,5,3,0,0,26*,0,14,16.64,8.32,12.0,4/52,26,1,4,52,288,0
2021,8,7,85,14.16,118.05,2,6,0,0,47*,0,16,15.43,7.75,11.93,4/52,47,1,4,52,288,0
2022,12,8,58,9.67,131.81,2,6,0,0,16,4,14,27.92,9.42,17.78,31/3,16,0,31,3,288,0
2023,8,3,12,6.0,109.09,0,1,0,0,11,3,4,71.0,9.96,42.75,29/2,11,0,29,2,288,0
2026,11,7,65,13.0,125.0,3,3,0,0,23*,8,17,17.05,7.56,13.52,24/4,23,1,24,4,288,0
2017,3,3,59,29.5,147.5,9,1,0,0,31,0,0,0.0,0.0,0.0,,31,0,0,0,289,0
2018,5,5,120,30.0,127.65,9,7,1,0,91*,0,0,0.0,0.0,0.0,,91,1,0,0,289,0
2021,5,5,150,30.0,123.96,21,1,1,0,60,0,0,0.0,0.0,0.0,,60,0,0,0,289,0
2023,8,8,285,35.63,151.59,36,12,2,0,61,2,0,0.0,0.0,0.0,,61,0,0,0,289,0
2013,0,0,0,0.0,0.0,0,0,0,0,0,0,3,23.33,10.0,14.0,4/14,0,0,4,14,290,1
2014,11,2,1,0.0,33.33,0,0,0,0,1*,0,5,60.2,7.58,47.6,4/14,1,1,4,14,290,0
2015,0,0,0,0.0,0.0,0,0,0,0,0,0,3,61.33,12.26,30.0,4/14,0,0,4,14,290,1
2016,14,2,8,8.0,72.72,1,0,0,0,6,0,15,27.06,7.8,20.8,4/14,6,0,4,14,290,0
2017,16,2,16,16.0,133.33,0,1,0,0,16*,0,20,21.95,7.39,17.8,4/14,16,1,4,14,290,0
2018,14,3,10,10.0,90.9,1,0,0,0,6*,0,17,21.88,6.88,19.05,4/14,6,1,4,14,290,0
2019,16,3,0,0.0,0.0,0,0,0,0,0*,0,19,21.52,6.63,19.47,4/14,0,1,4,14,290,0
2020,15,1,5,0.0,166.66,0,0,0,0,5*,0,27,14.96,6.73,13.33,4/14,5,1,4,14,290,0
2021,14,7,16,8.0,94.11,2,0,0,0,5*,0,21,19.52,7.45,15.71,4/14,5,1,4,14,290,0
2022,0,0,0,0.0,0.0,0,0,0,0,0,0,15,25.53,7.18,21.33,10/5,0,0,10,5,290,1
2024,13,4,12,0.0,100.0,1,0,0,0,8*,1,20,16.8,6.48,15.55,21/5,8,1,21,5,290,0
2025,0,0,0,0.0,0.0,0,0,0,0,0,0,18,17.55,6.67,15.77,22/4,0,0,22,4,290,1
2026,13,2,7,7.0,100.0,1,0,0,0,5*,1,4,102.5,8.36,73.5,15/1,5,1,15,1,290,0
2018,4,2,8,8.0,133.33,0,1,0,0,6*,0,2,44.5,12.71,21.0,1/24,6,1,1,24,291,0
2015,0,0,0,0.0,0.0,0,0,0,0,0,0,2,14.5,4.14,21.0,1/23,0,0,1,23,292,1
2016,5,2,6,3.0,60.0,0,0,0,0,5,0,2,62.5,7.35,51.0,1/23,5,0,1,23,292,0
2019,0,0,0,0.0,0.0,0,0,0,0,0,0,1,50.0,7.14,42.0,1/23,0,0,1,23,292,1
2020,0,0,0,0.0,0.0,0,0,0,0,0,0,1,43.0,6.14,42.0,1/23,0,0,1,23,292,1
2021,5,3,34,17.0,130.76,2,1,0,0,23,0,2,65.0,7.64,51.0,1/23,23,0,1,23,292,0
2010,0,0,0,0.0,0.0,0,0,0,0,0,0,4,21.25,8.22,15.5,5/25,0,0,5,25,293,1
2011,0,0,0,0.0,0.0,0,0,0,0,0,0,6,25.0,8.33,18.0,5/25,0,0,5,25,293,1
2013,0,0,0,0.0,0.0,0,0,0,0,0,0,13,28.46,7.55,22.61,5/25,0,0,5,25,293,1
2014,9,2,1,1.0,16.66,0,0,0,0,1*,0,9,30.0,8.66,20.77,5/25,1,1,5,25,293,0
2017,12,2,2,0.0,40.0,0,0,0,0,2*,0,24,13.41,7.02,11.45,5/25,2,1,5,25,293,0
2018,15,7,49,12.25,128.94,6,1,0,0,26,0,11,44.18,9.65,27.45,5/25,26,0,5,25,293,0
2019,11,4,1,1.0,33.33,0,0,0,0,1,0,10,39.8,10.66,22.4,5/25,1,0,5,25,293,0
2020,7,1,9,9.0,69.23,0,0,0,0,9,0,4,57.0,9.91,34.5,5/25,9,0,5,25,293,0
2021,6,3,41,20.5,141.37,3,2,0,0,24,0,4,42.0,7.63,33.0,5/25,24,0,5,25,293,0
2022,5,5,59,19.67,159.45,4,3,0,0,19*,1,6,31.66,9.5,20.0,32/2,19,1,32,2,293,0
2023,3,1,9,9.0,128.57,1,0,0,0,9,0,0,0.0,0.0,0.0,,9,0,0,0,293,0
2024,11,5,24,8.0,92.3,2,1,0,0,8*,0,8,39.87,10.23,23.37,30/3,8,1,30,3,293,0
2025,0,0,0,0.0,0.0,0,0,0,0,0,0,11,15.9,7.34,13.0,24/3,0,0,24,3,293,1
2026,4,1,4,0.0,133.33,0,0,0,0,4*,3,4,35.0,10.9,19.25,21/3,4,1,21,3,293,0
2013,3,3,23,7.66,85.18,0,0,0,0,12,0,1,36.0,7.2,30.0,1/16,12,0,1,16,294,0
2009,5,5,56,11.2,114.28,9,0,0,0,32,0,3,38.33,6.76,34.0,2/14,32,0,2,14,295,0
2011,13,13,292,22.46,148.22,37,11,2,0,60,0,4,29.5,7.69,23.0,2/14,60,0,2,14,295,0
2012,11,11,256,25.6,120.75,23,8,2,0,86,0,1,70.0,10.0,42.0,2/14,86,0,2,14,295,0
2021,3,2,15,7.5,62.5,2,0,0,0,15,0,3,39.0,10.63,22.0,2/41,15,0,2,41,296,0
2024,1,1,2,2.0,100.0,0,0,0,0,2,0,0,0.0,0.0,0.0,,2,0,0,0,296,0
2014,4,3,42,14.0,91.3,3,1,0,0,22,0,1,91.0,10.11,54.0,3/12,22,0,3,12,297,0
2020,5,3,19,9.5,105.55,0,1,0,0,10*,0,2,74.0,9.86,45.0,3/12,10,1,3,12,297,0
2021,3,2,0,0.0,0.0,0,0,0,0,0*,0,5,13.2,7.33,10.8,3/12,0,1,3,12,297,0
2022,12,10,234,29.25,163.63,22,12,0,0,44,9,0,0.0,0.0,0.0,,44,0,0,0,298,0
2023,14,14,309,23.77,156.06,22,21,0,0,49*,3,0,0.0,0.0,0.0,,49,1,0,0,298,0
2024,14,12,187,17.0,131.69,9,12,0,0,32*,13,0,0.0,0.0,0.0,,32,1,0,0,298,0
2025,15,11,261,37.29,176.35,24,17,1,0,85*,19,0,0.0,0.0,0.0,,85,1,0,0,298,0
2026,16,12,116,12.89,122.1,9,6,0,0,23,15,0,0.0,0.0,0.0,,23,0,0,0,298,0
2019,1,1,0,0.0,0.0,0,0,0,0,0*,0,0,0.0,0.0,0.0,,0,1,0,0,299,0
2023,3,1,10,10.0,66.66,1,0,0,0,10,2,0,0.0,0.0,0.0,,10,0,0,0,300,0
2018,10,8,15,3.0,71.42,2,0,0,0,8,0,15,21.66,8.36,15.53,3/15,8,0,3,15,301,0
2019,11,5,67,33.5,167.5,4,4,0,0,27*,0,11,26.45,6.76,23.45,3/15,27,1,3,15,301,0
2020,14,10,113,18.83,179.36,5,10,0,0,27*,0,20,18.25,6.55,16.7,3/15,27,1,3,15,301,0
2023,5,2,4,0.0,100.0,0,0,0,0,3*,0,2,95.0,9.5,60.0,35/1,3,1,35,1,301,0
2025,12,7,63,10.5,126.0,3,4,0,0,30,1,11,39.18,9.47,24.81,25/3,30,0,25,3,301,0
2026,16,10,64,10.67,136.17,4,4,0,0,32,8,25,22.36,9.31,14.4,17/3,32,0,17,3,301,0
2008,8,3,16,8.0,145.45,1,1,0,0,16,0,8,29.87,9.68,18.5,2/27,16,0,2,27,302,0
2009,4,2,20,20.0,111.11,0,1,0,0,16*,0,2,28.5,8.14,21.0,2/27,16,1,2,27,302,0
2010,0,0,0,0.0,0.0,0,0,0,0,0,0,2,44.5,11.12,24.0,2/27,0,0,2,27,302,1
2009,3,3,47,23.5,117.5,5,0,0,0,37,0,3,24.66,6.16,24.0,3/6,37,0,3,6,303,0
2011,10,9,230,46.0,116.16,20,2,1,0,67*,0,7,34.14,6.63,30.85,3/6,67,1,3,6,303,0
2012,11,7,58,14.5,107.4,4,1,0,0,14*,0,9,33.0,7.24,27.33,3/6,14,1,3,6,303,0
2013,6,6,43,7.16,82.69,5,1,0,0,23,0,5,21.8,6.54,20.0,3/6,23,0,3,6,303,0
2015,4,3,31,10.33,206.66,5,1,0,0,17,0,1,81.0,8.1,60.0,3/6,17,0,3,6,303,0
2011,3,3,18,9.0,112.5,1,1,0,0,14*,0,3,43.0,10.75,24.0,2/49,14,1,2,49,304,0
2014,0,0,0,0.0,0.0,0,0,0,0,0,0,1,29.0,9.66,18.0,2/6,0,0,2,6,305,1
2016,0,0,0,0.0,0.0,0,0,0,0,0,0,2,18.5,5.55,20.0,2/6,0,0,2,6,305,1
2019,10,10,445,55.62,157.24,48,18,2,1,114,0,0,0.0,0.0,0.0,,114,0,0,0,306,0
2020,11,11,345,31.36,126.83,31,13,3,0,97,0,0,0.0,0.0,0.0,,97,0,0,0,306,0
2021,7,7,248,41.33,141.71,20,15,2,0,63*,0,0,0.0,0.0,0.0,,63,1,0,0,306,0
2022,11,11,253,23.0,144.57,34,9,2,0,66,2,0,0.0,0.0,0.0,,66,0,0,0,306,0
2024,11,11,298,29.8,152.82,33,14,0,1,108*,8,0,0.0,0.0,0.0,,108,1,0,0,306,0
2025,2,2,85,42.5,184.78,7,5,0,0,47,1,0,0.0,0.0,0.0,,47,0,0,0,306,0
2016,14,14,255,23.18,138.58,23,11,0,0,41,0,0,0.0,0.0,0.0,,41,0,0,0,307,0
2017,10,10,272,27.2,153.67,27,15,1,0,77,0,0,0.0,0.0,0.0,,77,0,0,0,307,0
2018,13,13,548,54.8,155.24,52,21,5,0,95*,0,0,0.0,0.0,0.0,,95,1,0,0,307,0
2019,8,8,311,38.87,151.7,38,14,3,0,89,0,0,0.0,0.0,0.0,,89,0,0,0,307,0
2020,13,12,328,32.8,144.49,27,16,2,0,70*,0,0,0.0,0.0,0.0,,70,1,0,0,307,0
2021,7,7,254,36.28,153.01,27,13,0,1,124,0,0,0.0,0.0,0.0,,124,0,0,0,307,0
2022,17,17,863,57.53,149.05,83,45,4,4,116,9,0,0.0,0.0,0.0,,116,0,0,0,307,0
2023,14,14,392,28.0,139.0,42,14,4,0,95,9,0,0.0,0.0,0.0,,95,0,0,0,307,0
2024,11,11,359,39.89,140.78,36,12,0,2,107*,3,0,0.0,0.0,0.0,,107,1,0,0,307,0
2025,14,13,538,59.78,163.03,52,24,5,0,97*,8,0,0.0,0.0,0.0,,97,1,0,0,307,0
2026,17,17,526,37.57,152.46,51,26,4,0,60,25,0,0.0,0.0,0.0,,60,0,0,0,307,0
2020,0,0,0,0.0,0.0,0,0,0,0,0,0,1,64.0,6.4,60.0,3/24,0,0,3,24,308,1
2021,0,0,0,0.0,0.0,0,0,0,0,0,0,11,26.63,8.37,19.09,3/24,0,0,3,24,308,1
2022,12,5,18,0.0,69.23,1,0,0,0,7*,0,20,18.85,8.1,13.95,25/4,7,1,25,4,308,0
2023,3,1,1,0.0,50.0,0,0,0,0,1*,0,3,25.33,8.44,18.0,15/2,1,1,15,2,308,0
2025,0,0,0,0.0,0.0,0,0,0,0,0,0,22,17.54,8.77,12.0,33/4,0,0,33,4,308,1
2026,0,0,0,0.0,0.0,0,0,0,0,0,0,15,32.93,9.59,20.6,12/4,0,0,12,4,308,1
2025,11,11,278,30.89,162.57,26,16,1,0,73,9,0,0.0,0.0,0.0,,73,0,0,0,309,0
2026,5,5,266,53.2,186.01,32,12,3,0,85,1,0,0.0,0.0,0.0,,85,0,0,0,309,0
2023,0,0,0,0.0,0.0,0,0,0,0,0,0,7,42.0,8.64,29.14,25/2,0,0,25,2,310,1
2024,0,0,0,0.0,0.0,0,0,0,0,0,0,4,11.25,11.25,6.0,45/4,0,0,45,4,310,1
2020,5,5,78,19.5,101.29,9,1,0,0,33,0,0,0.0,0.0,0.0,,33,0,0,0,311,0
2010,7,2,2,1.0,40.0,0,0,0,0,2,0,6,31.16,7.79,24.0,2/17,2,0,2,17,312,0
2012,2,1,7,0.0,116.66,1,0,0,0,7*,0,2,33.0,8.25,24.0,2/17,7,1,2,17,312,0
2015,1,1,1,0.0,100.0,0,0,0,0,1*,0,1,40.0,10.0,24.0,2/17,1,1,2,17,312,0
2022,15,15,616,51.33,135.38,45,30,4,2,103*,9,0,0.0,0.0,0.0,,103,1,0,0,313,0
2023,9,9,274,34.25,113.22,28,4,2,0,74,4,0,0.0,0.0,0.0,,74,0,0,0,313,0
2024,14,14,520,37.14,136.12,45,19,4,0,82,15,0,0.0,0.0,0.0,,82,0,0,0,313,0
2025,13,13,539,53.9,149.72,52,21,3,1,112*,3,0,0.0,0.0,0.0,,112,1,0,0,313,0
2026,14,14,593,45.62,174.41,56,31,5,1,152*,2,0,0.0,0.0,0.0,,152,1,0,0,313,0
2021,8,7,191,38.2,122.43,10,8,1,0,78*,0,0,0.0,0.0,0.0,,78,1,0,0,314,0
2015,0,0,0,0.0,0.0,0,0,0,0,0,0,1,28.0,14.0,12.0,2/16,0,0,2,16,315,1
2016,5,2,13,13.0,118.18,0,1,0,0,12*,0,3,53.0,9.35,34.0,2/16,12,1,2,16,315,0
2017,4,2,2,1.0,28.57,0,0,0,0,1,0,4,31.75,8.46,22.5,2/16,1,0,2,16,315,0
2019,1,1,9,0.0,300.0,0,1,0,0,9*,0,0,0.0,0.0,0.0,,9,1,0,0,315,0
2013,5,2,20,10.0,125.0,4,0,0,0,12,0,0,0.0,0.0,0.0,,12,0,0,0,316,0
2014,11,8,166,20.75,101.21,12,3,0,0,46,0,0,0.0,0.0,0.0,,46,0,0,0,316,0
2015,9,8,142,28.4,112.69,8,5,0,0,44*,0,0,0.0,0.0,0.0,,44,1,0,0,316,0
2016,14,12,397,44.11,146.49,37,16,4,0,68*,0,0,0.0,0.0,0.0,,68,1,0,0,316,0
2018,14,14,659,54.91,158.41,66,32,6,0,95*,0,0,0.0,0.0,0.0,,95,1,0,0,316,0
2019,14,14,593,53.9,135.38,49,25,6,1,100*,0,0,0.0,0.0,0.0,,100,1,0,0,316,0
2020,14,14,670,55.83,129.34,58,23,5,1,132*,0,0,0.0,0.0,0.0,,132,1,0,0,316,0
2021,13,13,626,62.6,138.8,48,30,6,0,98*,0,0,0.0,0.0,0.0,,98,1,0,0,316,0
2018,0,0,0,0.0,0.0,0,0,0,0,0,0,3,25.0,12.5,12.0,2/43,0,0,2,43,317,1
2021,0,0,0,0.0,0.0,0,0,0,0,0,0,1,18.0,8.3,13.0,2/43,0,0,2,43,317,1
2009,5,1,0,0.0,0.0,0,0,0,0,0*,0,2,43.5,7.25,36.0,4/19,0,1,4,19,318,0
2010,2,2,2,2.0,66.66,0,0,0,0,1*,0,1,51.0,7.28,42.0,4/19,1,1,4,19,318,0
2012,0,0,0,0.0,0.0,0,0,0,0,0,0,6,24.66,8.7,17.0,4/19,0,0,4,19,318,1
2017,6,3,55,18.33,85.93,5,1,0,0,44,0,6,31.33,8.81,21.33,4/21,44,0,4,21,319,0
2019,12,4,14,4.66,93.33,0,1,0,0,9,0,25,14.72,7.82,11.28,4/21,9,0,4,21,319,0
2020,17,8,56,14.0,114.28,4,2,0,0,15*,0,30,18.26,8.34,13.13,4/21,15,1,4,21,319,0
2021,15,3,13,13.0,216.66,2,0,0,0,9*,0,15,30.4,8.14,22.4,4/21,9,1,4,21,319,0
2022,13,8,48,9.6,111.62,5,2,0,0,25,2,23,17.65,8.45,12.52,33/4,25,0,33,4,319,0
2023,0,0,0,0.0,0.0,0,0,0,0,0,0,7,33.14,10.08,19.71,34/2,0,0,34,2,319,1
2024,11,3,20,20.0,142.85,0,2,0,0,11*,5,11,33.81,8.85,22.9,18/2,11,1,18,2,319,0
2025,4,2,9,9.0,112.5,0,1,0,0,7*,0,2,81.0,11.57,42.0,41/1,7,1,41,1,319,0
2026,17,4,47,23.5,123.68,5,2,0,0,23*,5,29,21.58,9.68,13.37,25/3,23,1,25,3,319,0
2025,5,5,92,30.67,133.33,7,2,0,0,32*,1,2,30.0,8.57,21.0,4/1,32,1,4,1,320,0
2020,10,6,22,7.33,70.96,1,0,0,0,8*,0,5,46.2,8.88,31.2,2/13,8,1,2,13,321,0
2021,1,1,0,0.0,0.0,0,0,0,0,0*,0,0,0.0,0.0,0.0,,0,1,0,0,321,0
2008,6,6,128,25.6,164.1,13,8,1,0,53*,0,0,0.0,0.0,0.0,,53,1,0,0,322,0
2009,5,1,3,3.0,60.0,0,0,0,0,3,0,6,20.66,7.01,17.66,3/18,3,0,3,18,323,0
2010,0,0,0,0.0,0.0,0,0,0,0,0,0,3,17.66,8.83,12.0,3/18,0,0,3,18,323,1
2013,3,2,34,17.0,94.44,2,1,0,0,26,0,2,50.5,8.53,35.5,3/13,26,0,3,13,324,0
2014,7,1,1,1.0,50.0,0,0,0,0,1,0,9,22.88,7.62,18.0,3/13,1,0,3,13,324,0
2016,4,1,1,0.0,100.0,0,0,0,0,1*,0,7,19.42,9.71,12.0,3/13,1,1,3,13,324,0
2021,0,0,0,0.0,0.0,0,0,0,0,0,0,1,29.0,9.66,18.0,3/13,0,0,3,13,324,1
2015,2,2,31,31.0,114.81,1,1,0,0,26*,0,0,0.0,0.0,0.0,,26,1,0,0,325,0
2016,6,6,124,20.66,101.63,14,0,1,0,50,0,0,0.0,0.0,0.0,,50,0,0,0,325,0
2017,7,7,256,42.66,151.47,20,10,2,0,89,0,0,0.0,0.0,0.0,,89,0,0,0,325,0
2018,17,17,735,52.5,142.44,64,28,8,0,84,0,0,0.0,0.0,0.0,,84,0,0,0,325,0
2019,9,9,156,22.28,120.0,12,5,1,0,70*,0,0,0.0,0.0,0.0,,70,1,0,0,325,0
2020,12,11,317,45.28,133.75,26,10,3,0,67,0,0,0.0,0.0,0.0,,67,0,0,0,325,0
2021,10,10,266,44.33,113.19,29,2,2,0,66*,0,0,0.0,0.0,0.0,,66,1,0,0,325,0
2022,13,13,216,19.64,93.5,16,8,1,0,57,10,0,0.0,0.0,0.0,,57,0,0,0,325,0
2024,2,2,27,13.5,100.0,4,0,0,0,26,1,0,0.0,0.0,0.0,,26,0,0,0,325,0
2008,7,6,76,12.66,97.43,7,4,0,0,26,0,0,0.0,0.0,0.0,,26,0,0,0,326,0
2009,9,9,124,15.5,93.23,9,4,0,0,38,0,0,0.0,0.0,0.0,,38,0,0,0,326,0
2010,6,2,18,18.0,90.0,1,1,0,0,17*,0,0,0.0,0.0,0.0,,17,1,0,0,326,0
2022,1,1,4,4.0,100.0,1,0,0,0,4,0,0,0.0,0.0,0.0,,4,0,0,0,327,0
2023,2,2,12,6.0,57.14,0,0,0,0,9,0,0,0.0,0.0,0.0,,9,0,0,0,327,0
2014,5,1,1,0.0,100.0,0,0,0,0,1*,0,11,14.9,8.2,10.9,4/54,1,1,4,54,328,0
2015,4,3,11,11.0,68.75,1,0,0,0,5*,0,1,157.0,11.21,84.0,4/54,5,1,4,54,328,0
2013,13,7,85,21.25,98.83,6,2,0,0,39*,0,11,20.9,6.6,19.0,4/16,39,1,4,16,329,0
2014,14,8,42,10.5,144.82,1,3,0,0,17*,0,15,25.06,7.42,20.26,4/16,17,1,4,16,329,0
2015,14,9,104,17.33,122.35,3,6,0,0,32,0,10,33.2,8.33,23.9,4/16,32,0,4,16,329,0
2016,5,3,36,0.0,120.0,3,1,0,0,26*,0,0,0.0,0.0,0.0,,26,1,0,0,329,0
2017,9,6,49,8.16,119.51,5,2,0,0,19,0,13,16.46,6.97,14.15,4/16,19,0,4,16,329,0
2018,0,0,0,0.0,0.0,0,0,0,0,0,0,4,22.25,9.36,14.25,4/16,0,0,4,16,329,1
2019,0,0,0,0.0,0.0,0,0,0,0,0,0,1,33.0,11.64,17.0,4/16,0,0,4,16,329,1
2020,0,0,0,0.0,0.0,0,0,0,0,0,0,5,33.0,8.68,22.8,4/16,0,0,4,16,329,1
2023,7,2,3,1.5,60.0,0,0,0,0,2,0,10,22.3,10.37,12.9,19/2,2,0,19,2,329,0
2024,9,3,31,10.33,206.66,2,3,0,0,20,5,7,36.28,10.58,20.57,29/2,20,0,29,2,329,0
2025,6,1,1,0.0,100.0,0,0,0,0,1*,1,7,18.28,8.53,12.85,23/3,1,1,23,3,329,0
2026,11,11,295,32.78,136.57,24,16,2,0,71,1,0,0.0,0.0,0.0,,71,0,0,0,330,0
2020,10,3,4,4.0,66.66,0,0,0,0,2*,0,9,40.77,9.61,25.44,2/29,2,1,2,29,331,0
2021,4,2,2,2.0,50.0,0,0,0,0,1*,0,4,31.0,8.85,21.0,2/29,1,1,2,29,331,0
2022,2,2,7,3.5,116.66,1,0,0,0,7,0,1,79.0,9.87,48.0,42/1,7,0,42,1,331,0
2023,0,0,0,0.0,0.0,0,0,0,0,0,0,1,92.0,14.91,37.0,30/1,0,0,30,1,331,1
2026,14,3,11,3.67,110.0,1,1,0,0,6,3,18,27.66,9.76,17.0,22/3,6,0,22,3,331,0
2013,2,2,9,4.5,75.0,0,0,0,0,9,0,0,0.0,0.0,0.0,,9,0,0,0,332,0
2014,11,11,330,33.0,142.24,38,9,3,0,73*,0,0,0.0,0.0,0.0,,73,1,0,0,332,0
2015,14,12,181,16.45,124.82,18,5,1,0,61,0,0,0.0,0.0,0.0,,61,0,0,0,332,0
2016,14,12,357,35.7,120.2,40,6,3,0,83*,0,0,0.0,0.0,0.0,,83,1,0,0,332,0
2017,14,13,281,21.61,124.33,39,6,1,0,64,0,0,0.0,0.0,0.0,,64,0,0,0,332,0
2018,13,12,301,25.08,136.19,23,13,2,0,54,0,0,0.0,0.0,0.0,,54,0,0,0,332,0
2019,1,1,5,5.0,83.33,0,0,0,0,5,0,0,0.0,0.0,0.0,,5,0,0,0,332,0
2020,4,3,16,8.0,114.28,2,0,0,0,15*,0,0,0.0,0.0,0.0,,15,1,0,0,332,0
2022,3,2,16,8.0,88.88,1,0,0,0,13,1,0,0.0,0.0,0.0,,13,0,0,0,332,0
2025,8,8,198,24.75,172.17,24,10,1,0,89,2,0,0.0,0.0,0.0,,89,0,0,0,332,0
2026,2,2,18,9.0,100.0,3,0,0,0,13,1,0,0.0,0.0,0.0,,13,0,0,0,332,0
2010,5,5,76,25.33,135.71,7,2,1,0,50*,0,0,0.0,0.0,0.0,,50,1,0,0,333,0
2011,6,4,18,6.0,78.26,1,0,0,0,12,0,0,0.0,0.0,0.0,,12,0,0,0,333,0
2013,12,10,152,21.71,122.58,8,5,0,0,31,0,0,0.0,0.0,0.0,,31,0,0,0,333,0
2014,10,10,149,29.8,147.52,13,7,0,0,37,0,0,0.0,0.0,0.0,,37,0,0,0,333,0
2015,14,12,189,23.62,135.0,16,7,1,0,63*,0,0,0.0,0.0,0.0,,63,1,0,0,333,0
2016,4,3,42,0.0,131.25,2,2,0,0,25*,0,0,0.0,0.0,0.0,,25,1,0,0,333,0
2017,13,13,267,22.25,143.54,25,10,1,0,69,0,0,0.0,0.0,0.0,,69,0,0,0,333,0
2018,1,1,24,0.0,109.09,1,2,0,0,24*,0,0,0.0,0.0,0.0,,24,1,0,0,333,0
2019,14,12,162,18.0,95.85,19,3,1,0,58,0,0,0.0,0.0,0.0,,58,0,0,0,333,0
2020,8,5,62,20.66,93.93,7,0,0,0,26,0,0,0.0,0.0,0.0,,26,0,0,0,333,0
2021,6,5,55,13.75,105.76,2,2,0,0,19,0,0,0.0,0.0,0.0,,19,0,0,0,333,0
2023,2,1,12,0.0,120.0,1,0,0,0,12*,1,0,0.0,0.0,0.0,,12,1,0,0,333,0
2019,8,6,18,3.6,75.0,1,1,0,0,7,0,9,26.33,8.72,18.11,3/17,7,0,3,17,334,0
2010,2,1,10,10.0,111.11,1,0,0,0,10,0,0,0.0,0.0,0.0,,10,0,0,0,335,0
2024,2,1,1,1.0,50.0,0,0,0,0,1,1,2,19.5,6.5,18.0,23/2,1,0,23,2,336,0
2009,6,6,93,15.5,109.41,8,2,0,0,37,0,4,21.25,6.53,19.5,2/31,37,0,2,31,337,0
2010,7,7,236,59.0,150.31,23,8,2,0,66*,0,3,25.66,7.7,20.0,2/31,66,1,2,31,337,0
2012,8,8,305,61.0,147.34,22,20,1,1,103*,0,0,0.0,0.0,0.0,,103,1,0,0,337,0
2014,11,11,294,29.4,126.18,34,7,1,0,58,0,0,0.0,0.0,0.0,,58,0,0,0,337,0
2016,4,4,73,36.5,119.67,4,3,0,0,37,0,0,0.0,0.0,0.0,,37,0,0,0,337,0
2012,6,4,38,19.0,190.0,3,3,0,0,14,0,10,17.4,7.25,14.4,4/26,14,0,4,26,338,0
2013,14,5,39,9.75,177.27,4,2,0,0,26,0,19,23.63,8.31,17.05,4/26,26,0,4,26,338,0
2014,5,5,39,13.0,150.0,2,3,0,0,32,0,4,33.5,7.44,27.0,4/26,32,0,4,26,338,0
2019,9,1,0,0.0,0.0,0,0,0,0,0*,0,19,15.1,8.23,11.0,3/21,0,1,3,21,339,0
2020,7,1,0,0.0,0.0,0,0,0,0,0*,0,8,30.25,9.42,19.25,3/21,0,1,3,21,339,0
2021,7,1,1,1.0,50.0,0,0,0,0,1,0,5,43.8,8.11,32.4,3/21,1,0,3,21,339,0
2022,0,0,0,0.0,0.0,0,0,0,0,0,0,16,19.68,8.04,14.68,25/3,0,0,25,3,339,1
2023,0,0,0,0.0,0.0,0,0,0,0,0,0,9,33.44,9.12,22.0,24/2,0,0,24,2,339,1
2024,0,0,0,0.0,0.0,0,0,0,0,0,0,17,28.17,9.58,17.64,21/2,0,0,21,2,339,1
2025,14,2,1,0.0,50.0,0,0,0,0,1*,1,15,29.8,9.57,18.66,29/3,1,1,29,3,339,0
2026,0,0,0,0.0,0.0,0,0,0,0,0,0,2,73.0,8.67,50.5,24/1,0,0,24,1,339,1
2010,14,14,273,22.75,185.71,23,17,0,0,45*,0,15,18.26,7.4,14.8,4/44,45,1,4,44,340,0
2011,16,13,146,14.6,109.77,12,6,0,0,28,0,10,36.1,8.49,25.5,4/44,28,0,4,44,340,0
2012,14,11,220,24.44,138.36,15,14,2,0,64,0,16,21.87,7.98,16.43,4/44,64,0,4,44,340,0
2013,18,18,420,42.0,149.46,27,29,3,0,66*,0,10,29.2,9.41,18.6,4/44,66,1,4,44,340,0
2014,15,15,273,34.12,134.48,15,15,1,0,78,0,2,131.0,10.48,75.0,4/44,78,0,4,44,340,0
2015,16,14,419,38.09,163.67,28,28,2,0,70,0,3,40.0,9.47,25.33,4/44,70,0,4,44,340,0
2016,13,12,207,25.87,143.75,11,16,1,0,51*,0,0,0.0,0.0,0.0,,51,1,0,0,340,0
2017,17,16,385,29.61,139.49,26,22,3,0,70,0,0,0.0,0.0,0.0,,70,0,0,0,340,0
2018,9,8,133,19.0,133.0,10,7,1,0,50,0,0,0.0,0.0,0.0,,50,0,0,0,340,0
2019,16,14,279,34.87,156.74,14,22,1,0,83,0,0,0.0,0.0,0.0,,83,0,0,0,340,0
2020,16,12,268,53.6,191.42,15,22,1,0,60*,0,4,47.5,9.04,31.5,4/44,60,1,4,44,340,0
2021,14,13,245,30.62,148.48,16,16,1,0,87*,0,5,19.0,7.21,15.8,4/44,87,1,4,44,340,0
2022,11,11,144,14.4,107.46,6,9,0,0,25,7,4,31.25,8.92,21.0,8/2,25,0,8,2,340,0
2026,3,2,10,10.0,47.61,0,0,0,0,7,1,0,0.0,0.0,0.0,,7,0,0,0,341,0
2014,0,0,0,0.0,0.0,0,0,0,0,0,0,3,30.0,11.25,16.0,2/50,0,0,2,50,342,1
2012,1,1,11,0.0,137.5,0,1,0,0,11*,0,0,0.0,0.0,0.0,,11,1,0,0,343,0
2018,15,13,126,14.0,196.87,9,9,0,0,33*,0,11,28.36,7.8,21.81,2/12,33,1,2,12,344,0
2019,7,4,18,6.0,94.73,1,1,0,0,9,0,1,166.0,8.3,120.0,2/12,9,0,2,12,344,0
2020,2,2,42,42.0,155.55,3,2,0,0,22*,0,1,84.0,10.5,48.0,2/12,22,1,2,12,344,0
2022,0,0,0,0.0,0.0,0,0,0,0,0,0,5,19.8,8.25,14.4,30/2,0,0,30,2,344,1
2023,7,7,61,15.25,164.86,2,5,0,0,23,6,3,39.33,7.37,32.0,10/1,23,0,10,1,344,0
2016,12,9,237,39.5,191.12,22,13,1,0,86,0,6,39.33,7.57,31.16,3/14,86,0,3,14,345,0
2017,13,11,243,34.71,135.75,24,7,0,0,47,0,10,27.3,6.82,24.0,3/14,47,0,3,14,345,0
2018,14,13,228,22.8,145.22,22,10,0,0,41*,0,12,23.66,7.07,20.08,3/14,41,1,3,14,345,0
2019,16,15,183,16.63,122.0,18,5,0,0,42,0,12,27.91,7.28,23.0,3/14,42,0,3,14,345,0
2020,16,12,109,18.16,118.47,9,5,0,0,34,0,6,63.33,7.57,50.16,3/14,34,0,3,14,345,0
2021,13,12,143,14.3,116.26,10,6,0,0,39,0,5,53.0,7.98,39.8,3/14,39,0,3,14,345,0
2022,14,13,183,20.33,126.2,16,4,0,0,42,7,10,26.5,6.97,22.8,19/3,42,0,19,3,345,0
2023,15,14,188,18.8,113.93,15,6,0,0,49*,8,9,34.77,7.45,28.0,18/3,49,1,18,3,345,0
2024,14,12,133,33.25,126.66,8,5,0,0,43*,3,6,42.5,7.72,33.0,11/3,43,1,11,3,345,0
2025,15,7,109,18.17,126.74,9,4,1,0,73*,6,17,22.29,8.23,16.23,45/4,73,1,45,4,345,0
2026,16,9,226,37.67,145.8,20,11,1,0,73,2,14,30.35,8.41,21.64,16/2,73,0,16,2,345,0
2022,0,0,0,0.0,0.0,0,0,0,0,0,0,8,29.62,9.41,18.87,20/4,0,0,20,4,346,1
2024,0,0,0,0.0,0.0,0,0,0,0,0,0,6,20.33,10.16,12.0,41/3,0,0,41,3,346,1
2016,0,0,0,0.0,0.0,0,0,0,0,0,0,6,16.66,8.33,12.0,4/20,0,0,4,20,347,1
2017,12,2,20,10.0,90.9,2,0,0,0,16,0,12,28.33,8.29,20.5,4/20,16,0,4,20,347,0
2018,16,3,12,12.0,50.0,1,0,0,0,7*,0,17,24.58,8.14,18.11,4/20,7,1,4,20,347,0
2019,9,4,12,6.0,150.0,1,0,0,0,10*,0,4,71.5,8.66,49.5,4/20,10,1,4,20,347,0
2020,5,2,13,13.0,61.9,1,0,0,0,12,0,1,92.0,7.66,72.0,4/20,12,0,4,20,347,0
2022,14,7,48,48.0,92.3,3,2,0,0,16*,4,21,19.95,8.43,14.19,14/4,16,1,14,4,347,0
2023,14,10,31,15.5,64.58,2,0,0,0,10*,1,10,36.1,7.36,29.4,15/2,10,1,15,2,347,0
2024,11,5,47,15.67,114.63,6,1,0,0,35*,2,16,23.37,8.69,16.12,55/4,35,1,55,4,347,0
2025,14,5,18,6.0,112.5,2,0,0,0,7,0,15,24.06,7.07,20.4,22/3,7,0,22,3,347,0
2026,12,4,9,3.0,42.85,0,0,0,0,4,1,10,38.1,10.29,22.2,29/3,4,0,29,3,347,0
2021,1,1,0,0.0,0.0,0,0,0,0,0*,0,0,0.0,0.0,0.0,,0,1,0,0,348,0
2023,0,0,0,0.0,0.0,0,0,0,0,0,0,2,34.0,9.71,21.0,18/1,0,0,18,1,348,1
2018,0,0,0,0.0,0.0,0,0,0,0,0,0,2,53.5,9.87,32.5,2/33,0,0,2,33,349,1
2019,0,0,0,0.0,0.0,0,0,0,0,0,0,1,47.0,9.4,30.0,2/33,0,0,2,33,349,1
2023,0,0,0,0.0,0.0,0,0,0,0,0,0,2,32.0,14.76,13.0,44/2,0,0,44,2,349,1
2025,0,0,0,0.0,0.0,0,0,0,0,0,0,1,29.0,9.66,18.0,29/1,0,0,29,1,349,1
2022,4,1,3,3.0,60.0,0,0,0,0,3,0,5,20.4,7.84,15.6,22/2,3,0,22,2,350,0
2023,8,1,6,6.0,85.71,1,0,0,0,6,1,5,45.4,8.73,31.2,37/2,6,0,37,2,350,0
2025,4,2,3,1.5,60.0,0,0,0,0,2,0,2,39.0,9.75,24.0,21/1,2,0,21,1,350,0
2024,4,3,3,1.0,42.85,0,0,0,0,2,1,0,0.0,0.0,0.0,,2,0,0,0,351,0
2026,1,1,18,18.0,128.57,3,0,0,0,18,1,0,0.0,0.0,0.0,,18,0,0,0,351,0
2008,10,9,320,35.55,161.61,41,8,4,0,94,0,0,0.0,0.0,0.0,,94,0,0,0,352,0
2009,14,13,332,30.18,102.46,29,5,2,0,60,0,0,0.0,0.0,0.0,,60,0,0,0,352,0
2010,13,12,357,29.75,138.91,47,5,2,0,56,0,0,0.0,0.0,0.0,,56,0,0,0,352,0
2011,13,13,358,27.53,122.18,44,5,1,0,65,0,0,0.0,0.0,0.0,,65,0,0,0,352,0
2012,12,12,200,18.18,108.69,21,4,1,0,82,0,0,0.0,0.0,0.0,,82,0,0,0,352,0
2013,9,9,120,13.33,88.23,13,0,0,0,28,0,0,0.0,0.0,0.0,,28,0,0,0,352,0
2025,1,1,20,20.0,200.0,1,2,0,0,20,1,0,0.0,0.0,0.0,,20,0,0,0,353,0
2013,2,2,14,7.0,107.69,3,0,0,0,14,0,0,0.0,0.0,0.0,,14,0,0,0,354,0
2024,0,0,0,0.0,0.0,0,0,0,0,0,0,1,89.0,14.83,36.0,23/1,0,0,23,1,355,1
2025,2,1,8,0.0,400.0,2,0,0,0,8*,2,1,54.0,10.8,30.0,32/1,8,1,32,1,355,1
2016,5,3,13,13.0,162.5,0,1,0,0,12*,0,2,88.5,11.06,48.0,1/38,12,1,1,38,356,0
2021,9,7,65,16.25,118.18,5,3,0,0,16*,0,9,29.88,9.6,18.66,3/41,16,1,3,41,357,0
2025,0,0,0,0.0,0.0,0,0,0,0,0,0,5,29.4,9.8,18.0,48/3,0,0,48,3,357,1
2026,2,1,12,12.0,92.3,1,1,0,0,12,0,2,45.0,12.85,21.0,42/1,12,0,42,1,357,0
2023,13,13,379,29.15,144.1,38,22,4,0,73,2,0,0.0,0.0,0.0,,73,0,0,0,358,0
2008,3,3,40,20.0,153.84,5,1,0,0,23*,0,0,0.0,0.0,0.0,,23,1,0,0,359,0
2008,9,1,0,0.0,0.0,0,0,0,0,0*,0,11,26.0,8.66,18.0,5/24,0,1,5,24,360,0
2009,13,4,4,1.33,40.0,0,0,0,0,2*,0,13,24.3,8.46,17.23,5/24,2,1,5,24,360,0
2010,7,3,18,9.0,90.0,1,1,0,0,15,0,7,29.57,8.87,20.0,5/24,15,0,5,24,360,0
2011,14,2,4,0.0,200.0,0,0,0,0,3*,0,10,37.1,8.36,26.6,5/24,3,1,5,24,360,0
2012,0,0,0,0.0,0.0,0,0,0,0,0,0,11,14.72,5.43,16.27,5/24,0,0,5,24,360,1
2013,13,3,9,9.0,90.0,1,0,0,0,9*,0,12,32.25,7.74,25.0,5/24,9,1,5,24,360,0
2014,9,2,1,1.0,33.33,0,0,0,0,1*,0,12,24.91,8.79,17.0,5/24,1,1,5,24,360,0
2021,7,5,68,34.0,93.15,7,0,0,0,22*,0,4,25.25,7.21,21.0,2/13,22,1,2,13,361,0
2022,12,8,161,23.0,110.27,11,7,0,0,48*,6,4,37.5,8.33,27.0,11/2,48,1,11,2,361,0
2023,6,6,66,13.2,111.86,8,0,0,0,38,4,2,59.0,9.07,39.0,29/1,38,0,29,1,361,0
2024,2,2,10,5.0,83.33,1,0,0,0,7,0,0,0.0,0.0,0.0,,7,0,0,0,361,0
2009,13,3,0,0.0,0.0,0,0,0,0,0*,0,18,17.33,6.3,16.5,5/13,0,1,5,13,362,0
2010,13,2,1,0.0,100.0,0,0,0,0,1*,0,15,22.93,7.02,19.6,5/13,1,1,5,13,362,0
2011,16,4,8,2.66,88.88,0,1,0,0,7,0,28,13.39,5.95,13.5,5/13,7,0,5,13,362,0
2012,14,6,55,9.16,103.77,4,3,0,0,17,0,22,15.9,6.3,15.13,5/13,17,0,5,13,362,0
2013,17,6,9,2.25,50.0,1,0,0,0,7,0,20,23.4,7.16,19.6,5/13,7,0,5,13,362,0
2014,10,1,2,2.0,50.0,0,0,0,0,2,0,16,15.81,6.45,14.68,5/13,2,0,5,13,362,0
2015,15,1,6,0.0,60.0,1,0,0,0,6*,0,24,18.5,7.4,15.0,5/13,6,1,5,13,362,0
2017,12,2,7,0.0,233.33,0,1,0,0,7*,0,11,34.72,8.52,24.45,5/13,7,1,5,13,362,0
2019,0,0,0,0.0,0.0,0,0,0,0,0,0,16,27.37,9.76,16.81,5/13,0,0,5,13,362,1
2008,13,12,163,20.37,133.6,17,5,0,0,42,0,6,20.66,10.33,12.0,3/25,42,0,3,25,363,0
2009,9,6,83,16.6,97.64,5,3,0,0,48*,0,3,33.33,7.14,28.0,3/25,48,1,3,25,363,0
2010,4,2,36,18.0,138.46,3,2,0,0,19,0,3,35.33,8.83,24.0,3/25,19,0,3,25,363,0
2011,1,1,14,14.0,140.0,2,0,0,0,14,0,0,0.0,0.0,0.0,,14,0,0,0,363,0
2012,11,8,75,12.5,131.57,4,5,0,0,26,0,1,12.0,6.0,12.0,3/25,26,0,3,25,363,0
2013,4,2,3,1.5,25.0,0,0,0,0,2,0,1,22.0,7.33,18.0,3/25,2,0,3,25,363,0
2014,5,3,31,10.33,81.57,2,1,0,0,21,0,1,83.0,8.89,56.0,3/25,21,0,3,25,363,0
2009,5,5,81,20.25,119.11,11,0,0,0,39,0,0,0.0,0.0,0.0,,39,0,0,0,364,0
2014,8,8,394,56.28,135.39,43,14,3,1,100*,0,1,34.0,11.33,18.0,1/34,100,1,1,34,365,0
2015,13,13,540,45.0,122.44,56,21,6,0,71,0,0,0.0,0.0,0.0,,71,0,0,0,365,0
2016,1,1,8,8.0,100.0,0,1,0,0,8,0,0,0.0,0.0,0.0,,8,0,0,0,365,0
2017,7,7,137,19.57,122.32,10,8,2,0,66,0,0,0.0,0.0,0.0,,66,0,0,0,365,0
2026,2,2,7,3.5,87.5,0,0,0,0,7,0,0,0.0,0.0,0.0,,7,0,0,0,366,0
2019,4,4,71,23.66,147.91,6,5,0,0,44,0,0,0.0,0.0,0.0,,44,0,0,0,367,0
2021,5,5,42,8.4,102.43,3,1,0,0,25,0,0,0.0,0.0,0.0,,25,0,0,0,367,0
2022,14,14,437,36.42,182.08,29,34,4,0,70,5,6,33.66,8.78,23.0,27/3,70,0,27,3,367,0
2023,9,9,279,34.88,163.15,20,19,2,0,94,3,2,47.0,13.42,21.0,19/1,94,0,19,1,367,0
2024,7,7,111,22.2,142.3,8,7,0,0,38*,1,3,28.0,7.0,24.0,19/2,38,1,19,2,367,0
2025,10,8,112,16.0,133.33,4,9,1,0,54,4,2,38.0,8.44,27.0,28/2,54,0,28,2,367,0
2026,2,2,15,7.5,60.0,0,1,0,0,14,5,0,0.0,0.0,0.0,,14,0,0,0,367,0
2018,7,2,1,1.0,33.33,0,0,0,0,1*,0,4,56.25,9.0,37.5,3/17,1,1,3,17,368,0
2023,1,1,4,4.0,100.0,1,0,0,0,4,0,0,0.0,0.0,0.0,,4,0,0,0,369,0
2024,2,1,1,0.0,50.0,0,0,0,0,1*,1,1,72.0,12.0,36.0,38/1,1,1,38,1,370,0
2017,4,1,1,0.0,100.0,0,0,0,0,1*,0,3,31.0,7.15,26.0,3/15,1,1,3,15,371,0
2019,0,0,0,0.0,0.0,0,0,0,0,0,0,2,91.5,10.76,51.0,3/15,0,0,3,15,371,1
2020,5,2,43,0.0,148.27,4,1,0,0,24*,0,6,24.66,7.46,19.83,3/15,24,1,3,15,371,0
2021,8,3,18,0.0,163.63,1,1,0,0,18*,0,13,17.23,7.46,13.84,3/15,18,1,3,15,371,0
2022,13,3,5,2.5,125.0,1,0,0,0,5,2,12,35.58,8.95,23.83,28/4,5,0,28,4,371,0
2023,0,0,0,0.0,0.0,0,0,0,0,0,0,1,96.0,12.52,46.0,19/1,0,0,19,1,371,1
2024,7,1,1,1.0,100.0,0,0,0,0,1,4,9,28.33,10.62,16.0,23/2,1,0,23,2,371,0
2025,4,1,4,0.0,400.0,1,0,0,0,4*,0,5,20.8,9.17,13.6,37/2,4,1,37,2,371,1
2026,0,0,0,0.0,0.0,0,0,0,0,0,0,1,141.0,12.81,66.0,41/1,0,0,41,1,371,1
2010,0,0,0,0.0,0.0,0,0,0,0,0,0,3,12.0,9.0,8.0,2/17,0,0,2,17,372,1
2008,5,5,152,152.0,153.53,13,9,1,0,79*,0,0,0.0,0.0,0.0,,79,1,0,0,373,0
2009,4,4,41,10.25,83.67,3,1,0,0,26,0,0,0.0,0.0,0.0,,26,0,0,0,373,0
2011,5,4,51,12.75,130.76,4,2,0,0,29,0,0,0.0,0.0,0.0,,29,0,0,0,373,0
2013,3,3,58,29.0,98.3,5,1,0,0,33*,0,0,0.0,0.0,0.0,,33,1,0,0,373,0
2008,4,4,34,8.5,106.25,6,1,0,0,13,0,0,0.0,0.0,0.0,,13,0,0,0,374,0
2009,1,1,0,0.0,0.0,0,0,0,0,0*,0,0,0.0,0.0,0.0,,0,1,0,0,374,0
2024,2,1,9,0.0,300.0,0,1,0,0,9*,0,1,93.0,15.5,36.0,68/1,9,1,68,1,375,0
2013,6,6,106,21.2,176.66,16,3,0,0,44,0,2,50.0,10.16,29.5,1/12,44,0,1,12,376,0
2021,0,0,0,0.0,0.0,0,0,0,0,0,0,1,32.0,10.66,18.0,1/32,0,0,1,32,377,1
2018,0,0,0,0.0,0.0,0,0,0,0,0,0,11,14.18,6.0,14.18,4/10,0,0,4,10,378,1
2020,0,0,0,0.0,0.0,0,0,0,0,0,0,9,18.55,10.43,10.66,4/10,0,0,4,10,378,1
2021,0,0,0,0.0,0.0,0,0,0,0,0,0,5,25.0,10.41,14.4,4/10,0,0,4,10,378,1
2025,0,0,0,0.0,0.0,0,0,0,0,0,0,4,20.25,10.12,12.0,30/3,0,0,30,3,379,1
2026,12,3,4,2.0,57.14,0,0,0,0,3,0,13,26.15,8.22,19.07,27/3,3,0,27,3,379,0
2024,0,0,0,0.0,0.0,0,0,0,0,0,0,1,71.0,7.88,54.0,21/1,0,0,21,1,380,1
2025,0,0,0,0.0,0.0,0,0,0,0,0,0,2,33.5,9.57,21.0,39/2,0,0,39,2,380,1
2026,0,0,0,0.0,0.0,0,0,0,0,0,0,6,24.16,9.66,15.0,35/2,0,0,35,2,380,1
2008,10,8,125,20.83,158.22,10,7,0,0,39,0,15,16.6,6.91,14.4,3/34,39,0,3,34,381,0
2010,7,4,31,10.33,134.78,2,2,0,0,28,0,8,25.75,8.58,18.0,3/34,28,0,3,34,381,0
2008,16,14,414,41.4,133.54,38,15,2,0,65,0,0,0.0,0.0,0.0,,65,0,0,0,382,0
2009,14,13,332,41.5,127.2,22,9,2,0,58*,0,0,0.0,0.0,0.0,,58,1,0,0,382,0
2010,13,11,287,31.88,136.66,26,8,2,0,66*,0,0,0.0,0.0,0.0,,66,1,0,0,382,0
2011,16,13,392,43.55,158.7,25,23,2,0,70*,0,0,0.0,0.0,0.0,,70,1,0,0,382,0
2012,19,17,358,29.83,128.77,26,9,1,0,51*,0,0,0.0,0.0,0.0,,51,1,0,0,382,0
2013,18,16,461,41.9,162.89,32,25,4,0,67*,0,0,0.0,0.0,0.0,,67,1,0,0,382,0
2014,16,15,371,74.2,148.4,22,20,1,0,57*,0,0,0.0,0.0,0.0,,57,1,0,0,382,0
2015,17,17,372,31.0,121.96,27,17,1,0,53,0,0,0.0,0.0,0.0,,53,0,0,0,382,0
2016,14,12,284,40.57,135.23,18,14,1,0,64*,0,0,0.0,0.0,0.0,,64,1,0,0,382,0
2017,16,15,290,26.36,116.0,15,16,1,0,61*,0,0,0.0,0.0,0.0,,61,1,0,0,382,0
2018,16,15,455,75.83,150.66,24,30,3,0,79*,0,0,0.0,0.0,0.0,,79,1,0,0,382,0
2019,15,12,416,83.2,134.62,22,23,3,0,84*,0,0,0.0,0.0,0.0,,84,1,0,0,382,0
2020,14,12,200,25.0,116.27,16,7,0,0,47*,0,0,0.0,0.0,0.0,,47,1,0,0,382,0
2021,16,11,114,16.28,106.54,12,3,0,0,18*,0,0,0.0,0.0,0.0,,18,1,0,0,382,0
2022,14,13,232,33.14,123.4,21,10,1,0,50*,9,0,0.0,0.0,0.0,,50,1,0,0,382,0
2023,16,12,104,26.0,182.45,3,10,0,0,32*,7,0,0.0,0.0,0.0,,32,1,0,0,382,0
2024,14,11,161,53.67,220.54,14,13,0,0,37*,10,0,0.0,0.0,0.0,,37,1,0,0,382,0
2025,14,13,196,24.5,135.17,12,12,0,0,30*,6,0,0.0,0.0,0.0,,30,1,0,0,382,0
2025,1,1,3,3.0,75.0,0,0,0,0,3,1,0,0.0,0.0,0.0,,3,0,0,0,383,0
2026,3,1,18,0.0,225.0,2,1,0,0,18*,1,4,21.75,8.7,15.0,27/2,18,1,27,2,383,0
2022,9,2,7,7.0,100.0,0,1,0,0,7*,0,12,21.75,7.45,17.5,33/4,7,1,33,4,384,0
2023,0,0,0,0.0,0.0,0,0,0,0,0,0,11,35.63,8.0,26.72,23/2,0,0,23,2,384,1
2024,0,0,0,0.0,0.0,0,0,0,0,0,0,2,72.0,7.2,60.0,27/1,0,0,27,1,384,1
2025,11,4,10,5.0,37.03,0,0,0,0,5,0,11,37.27,9.76,22.9,26/2,5,0,26,2,384,0
2008,13,12,179,25.57,136.64,15,7,0,0,45*,0,0,0.0,0.0,0.0,,45,1,0,0,385,0
2009,10,10,219,36.5,132.72,17,7,1,0,52*,0,0,0.0,0.0,0.0,,52,1,0,0,385,0
2010,13,13,439,43.9,147.31,55,11,1,1,110*,0,0,0.0,0.0,0.0,,110,1,0,0,385,0
2011,13,13,299,23.0,116.34,35,5,3,0,76,0,0,0.0,0.0,0.0,,76,0,0,0,385,0
2012,16,15,335,27.91,112.41,39,3,3,0,56*,0,0,0.0,0.0,0.0,,56,1,0,0,385,0
2013,15,15,331,22.06,105.75,39,6,2,0,66,0,0,0.0,0.0,0.0,,66,0,0,0,385,0
2008,11,7,34,8.5,87.17,3,1,0,0,23*,0,0,0.0,0.0,0.0,,23,1,0,0,386,0
2009,5,3,16,0.0,84.21,1,0,0,0,8*,0,0,0.0,0.0,0.0,,8,1,0,0,386,0
2013,2,2,5,5.0,45.45,0,0,0,0,5,0,0,0.0,0.0,0.0,,5,0,0,0,386,0
2018,2,2,20,20.0,95.23,1,0,0,0,11,0,0,0.0,0.0,0.0,,11,0,0,0,387,0
2019,2,1,8,8.0,266.66,2,0,0,0,8,0,0,0.0,0.0,0.0,,8,0,0,0,387,0
2020,3,3,59,19.66,109.25,2,3,0,0,47,0,0,0.0,0.0,0.0,,47,0,0,0,387,0
2021,4,4,94,31.33,128.76,3,6,0,0,43,0,1,47.0,6.71,42.0,1/22,43,0,1,22,387,0
2022,7,5,86,17.2,150.87,7,4,0,0,42,2,0,0.0,0.0,0.0,,42,0,0,0,387,0
2023,12,10,135,16.88,139.17,9,8,1,0,54*,4,0,0.0,0.0,0.0,,54,1,0,0,387,0
2024,10,10,125,15.63,183.82,9,9,0,0,33,3,0,0.0,0.0,0.0,,33,0,0,0,387,0
2008,9,2,11,11.0,61.11,2,0,0,0,11,0,7,34.57,6.91,30.0,4/21,11,0,4,21,388,0
2013,12,10,161,20.12,137.6,22,2,0,0,43*,0,0,0.0,0.0,0.0,,43,1,0,0,389,0
2014,8,8,324,40.5,139.05,27,16,1,0,67,0,0,0.0,0.0,0.0,,67,0,0,0,389,0
2015,7,7,82,11.71,101.23,4,5,0,0,39,0,0,0.0,0.0,0.0,,39,0,0,0,389,0
2016,7,7,161,23.0,122.9,19,3,1,0,51,0,0,0.0,0.0,0.0,,51,0,0,0,389,0
2017,11,9,229,25.44,144.02,23,9,1,0,95,0,0,0.0,0.0,0.0,,95,0,0,0,389,0
2018,4,4,55,13.75,117.02,2,4,0,0,45,0,0,0.0,0.0,0.0,,45,0,0,0,389,0
2021,4,4,42,10.5,107.69,5,2,0,0,14,0,0,0.0,0.0,0.0,,14,0,0,0,389,0
2022,2,1,19,19.0,172.72,1,2,0,0,19,0,0,0.0,0.0,0.0,,19,0,0,0,389,0
2023,1,1,10,10.0,90.9,1,0,0,0,10,0,0,0.0,0.0,0.0,,10,0,0,0,389,0
2024,1,1,1,1.0,50.0,0,0,0,0,1,0,0,0.0,0.0,0.0,,1,0,0,0,390,0
2026,0,0,0,0.0,0.0,0,0,0,0,0,0,2,34.0,11.33,18.0,19/1,0,0,19,1,390,1
2011,6,5,47,11.75,114.63,4,1,0,0,15*,0,0,0.0,0.0,0.0,,15,1,0,0,391,0
2012,16,16,432,27.0,126.31,53,7,2,0,75,0,1,23.0,7.66,18.0,1/23,75,0,1,23,391,0
2013,16,14,260,20.0,116.59,36,0,1,0,77*,0,0,0.0,0.0,0.0,,77,1,0,0,391,0
2014,3,3,24,8.0,92.3,2,0,0,0,21,0,0,0.0,0.0,0.0,,21,0,0,0,391,0
2015,14,9,157,22.42,157.0,17,6,1,0,54*,0,0,0.0,0.0,0.0,,54,1,0,0,391,0
2017,11,10,188,18.8,106.21,21,4,1,0,52,0,0,0.0,0.0,0.0,,52,0,0,0,391,0
2018,14,13,252,25.2,135.48,16,11,0,0,47*,0,0,0.0,0.0,0.0,,47,1,0,0,391,0
2019,13,12,165,41.25,137.5,10,4,0,0,33*,0,0,0.0,0.0,0.0,,33,1,0,0,391,0
2020,7,7,130,21.66,119.26,10,4,1,0,66*,0,0,0.0,0.0,0.0,,66,1,0,0,391,0
2021,1,1,15,15.0,107.14,2,0,0,0,15,0,0,0.0,0.0,0.0,,15,0,0,0,391,0
2022,3,3,18,6.0,78.26,4,0,0,0,18,1,0,0.0,0.0,0.0,,18,0,0,0,391,0
2023,3,3,14,4.67,87.5,0,1,0,0,12,0,0,0.0,0.0,0.0,,12,0,0,0,391,0
2008,3,2,3,1.5,33.33,0,0,0,0,3,0,0,0.0,0.0,0.0,,3,0,0,0,392,0
2009,5,4,168,84.0,142.37,17,4,0,1,114*,0,0,0.0,0.0,0.0,,114,1,0,0,392,0
2010,13,13,249,20.75,110.17,27,7,0,0,42*,0,0,0.0,0.0,0.0,,42,1,0,0,392,0
2011,10,9,246,27.33,108.37,28,6,1,0,59,0,0,0.0,0.0,0.0,,59,0,0,0,392,0
2012,10,9,143,20.42,127.67,12,6,1,0,80*,0,0,0.0,0.0,0.0,,80,1,0,0,392,0
2013,7,7,136,22.66,99.27,11,3,1,0,66,0,0,0.0,0.0,0.0,,66,0,0,0,392,0
2014,16,16,401,30.84,117.94,35,10,2,0,94,0,0,0.0,0.0,0.0,,94,0,0,0,392,0
2015,13,12,225,20.45,122.28,22,7,0,0,40,0,0,0.0,0.0,0.0,,40,0,0,0,392,0
2016,12,11,248,31.0,135.51,17,9,2,0,52,0,0,0.0,0.0,0.0,,52,0,0,0,392,0
2017,14,13,396,49.5,128.57,28,12,2,0,81*,0,0,0.0,0.0,0.0,,81,1,0,0,392,0
2018,15,13,284,25.81,115.44,22,5,3,0,62*,0,0,0.0,0.0,0.0,,62,1,0,0,392,0
2019,12,11,344,43.0,130.79,34,6,3,0,83*,0,0,0.0,0.0,0.0,,83,1,0,0,392,0
2020,16,15,425,32.69,127.62,35,18,3,0,83*,0,0,0.0,0.0,0.0,,83,1,0,0,392,0
2021,8,8,292,48.66,123.72,21,10,3,0,69*,0,0,0.0,0.0,0.0,,69,1,0,0,392,0
2022,6,6,88,14.67,110.0,9,2,0,0,38,3,0,0.0,0.0,0.0,,38,0,0,0,392,0
2023,10,9,160,17.78,109.58,15,3,1,0,50,3,0,0.0,0.0,0.0,,50,0,0,0,392,0
2024,1,1,42,42.0,135.48,2,2,0,0,42,4,0,0.0,0.0,0.0,,42,0,0,0,392,0
2025,3,3,92,46.0,141.53,5,5,0,0,37,0,0,0.0,0.0,0.0,,37,0,0,0,392,0
2026,6,2,70,35.0,142.85,8,2,0,0,45,4,0,0.0,0.0,0.0,,45,0,0,0,392,0
2025,1,1,1,1.0,25.0,0,0,0,0,1,2,0,0.0,0.0,0.0,,1,0,0,0,393,0
2008,9,7,104,26.0,122.35,16,0,0,0,39,0,0,0.0,0.0,0.0,,39,0,0,0,394,0
2010,13,11,237,26.33,127.41,23,5,2,0,75*,0,0,0.0,0.0,0.0,,75,1,0,0,394,0
2011,15,14,359,51.28,110.46,26,14,1,0,61*,0,0,0.0,0.0,0.0,,61,1,0,0,394,0
2012,16,15,260,26.0,105.69,21,3,1,0,59,0,0,0.0,0.0,0.0,,59,0,0,0,394,0
2013,10,9,146,18.25,104.28,12,1,0,0,33,0,0,0.0,0.0,0.0,,33,0,0,0,394,0
2014,8,8,152,30.4,128.81,14,4,1,0,61*,0,0,0.0,0.0,0.0,,61,1,0,0,394,0
2015,5,3,57,28.5,101.78,8,1,0,0,32,0,0,0.0,0.0,0.0,,32,0,0,0,394,0
2017,15,13,324,32.4,137.28,31,11,2,0,60,0,0,0.0,0.0,0.0,,60,0,0,0,394,0
2018,5,4,47,15.66,106.81,4,1,0,0,35,0,0,0.0,0.0,0.0,,35,0,0,0,394,0
2008,16,5,35,35.0,152.17,2,3,0,0,15*,0,17,26.05,7.38,21.17,3/31,15,1,3,31,395,0
2009,7,3,13,6.5,185.71,0,2,0,0,7,0,5,34.4,10.11,20.4,3/31,7,0,3,31,395,0
2010,3,1,2,2.0,33.33,0,0,0,0,2,0,1,92.0,11.5,48.0,3/31,2,0,3,31,395,0
2011,0,0,0,0.0,0.0,0,0,0,0,0,0,4,21.25,9.44,13.5,3/31,0,0,3,31,395,1
2012,6,1,4,4.0,50.0,0,0,0,0,4,0,3,69.0,8.62,48.0,3/31,4,0,3,31,395,0
2013,8,5,45,11.25,180.0,4,3,0,0,42,0,7,36.57,9.14,24.0,3/31,42,0,3,31,395,0
2013,7,7,125,17.85,97.65,11,1,0,0,49,0,0,0.0,0.0,0.0,,49,0,0,0,396,0
2010,10,10,218,21.8,122.47,27,6,1,0,75,0,0,0.0,0.0,0.0,,75,0,0,0,397,0
2011,5,5,72,14.4,80.89,8,0,0,0,27,0,0,0.0,0.0,0.0,,27,0,0,0,397,0
2012,7,7,213,30.42,133.12,16,10,1,0,89,0,0,0.0,0.0,0.0,,89,0,0,0,397,0
2013,14,14,255,19.61,108.05,36,6,2,0,92,0,0,0.0,0.0,0.0,,92,0,0,0,397,0
2014,1,1,3,3.0,33.33,0,0,0,0,3,0,0,0.0,0.0,0.0,,3,0,0,0,397,0
2015,2,2,37,18.5,123.33,6,1,0,0,20,0,0,0.0,0.0,0.0,,20,0,0,0,397,0
2012,0,0,0,0.0,0.0,0,0,0,0,0,0,3,35.66,10.7,20.0,3/34,0,0,3,34,398,1
2014,1,1,1,1.0,50.0,0,0,0,0,1,0,2,16.0,8.0,12.0,3/34,1,0,3,34,398,0
2021,2,2,0,0.0,0.0,0,0,0,0,0*,0,2,22.5,7.5,18.0,2/28,0,1,2,28,399,0
2022,8,3,9,9.0,128.57,0,1,0,0,8*,3,7,39.14,8.56,27.42,25/3,8,1,25,3,399,0
2023,8,6,39,13.0,90.69,4,0,0,0,17*,3,10,26.7,9.88,16.2,16/2,17,1,16,2,399,0
2024,3,2,18,18.0,138.46,1,1,0,0,17,6,1,129.0,12.9,60.0,45/1,17,0,45,1,399,0
2025,14,8,75,18.75,119.04,3,4,0,0,34*,6,16,27.12,9.2,17.68,17/3,34,1,17,3,399,0
2026,13,5,51,12.75,113.33,1,3,0,0,20,7,9,53.66,10.2,31.55,33/2,20,0,33,2,399,0
2016,7,5,146,36.5,135.18,13,4,1,0,52,0,8,24.25,8.43,17.25,4/15,52,0,4,15,400,0
2017,5,3,17,5.66,70.83,1,0,0,0,9,0,2,55.0,10.47,31.5,4/15,9,0,4,15,400,0
2018,7,7,99,24.75,130.26,6,4,0,0,29*,0,3,40.0,10.9,22.0,4/15,29,1,4,15,400,0
2019,10,10,211,52.75,135.25,14,10,0,0,46*,0,2,72.5,8.7,50.0,4/15,46,1,4,15,400,0
2020,17,17,352,25.14,148.52,31,16,3,0,65,0,13,21.76,9.53,13.69,4/15,65,0,4,15,400,0
2021,10,7,89,22.25,123.61,11,1,0,0,27*,0,2,58.5,10.47,33.5,4/15,27,1,4,15,400,0
2022,11,10,156,19.5,147.16,7,13,0,0,38*,4,4,19.75,11.28,10.5,23/3,38,1,23,3,400,0
2023,15,15,408,31.38,150.0,28,27,3,0,89*,4,5,20.0,9.23,13.0,20/2,89,1,20,2,400,0
2024,14,14,388,32.33,147.52,39,16,2,1,124*,4,4,31.5,9.0,21.0,3/1,124,1,3,1,400,0
2025,13,11,160,26.67,186.04,8,15,0,0,44*,1,1,175.0,12.35,85.0,14/1,44,1,14,1,400,0
2026,13,9,216,36.0,180.0,23,11,1,0,62*,1,2,49.0,12.51,23.5,26/1,62,1,26,1,400,0
2008,10,10,225,32.14,127.11,24,6,1,0,50*,0,0,0.0,0.0,0.0,,50,1,0,0,401,0
2009,12,9,150,30.0,129.31,8,6,0,0,48*,0,0,0.0,0.0,0.0,,48,1,0,0,401,0
2010,5,2,13,13.0,130.0,0,1,0,0,11*,0,0,0.0,0.0,0.0,,11,1,0,0,401,0
2011,4,3,6,6.0,100.0,0,0,0,0,5,0,0,0.0,0.0,0.0,,5,0,0,0,401,0
2018,1,1,1,1.0,33.33,0,0,0,0,1,0,0,0.0,0.0,0.0,,1,0,0,0,402,0
2023,4,2,11,11.0,220.0,1,1,0,0,10*,2,11,11.81,8.12,8.72,14/5,10,1,14,5,402,0
2012,8,8,124,17.71,100.81,7,5,0,0,46,0,8,27.0,7.53,21.5,3/39,46,0,3,39,403,0
2013,2,2,8,4.0,44.44,1,0,0,0,5,0,1,34.0,8.5,24.0,3/39,5,0,3,39,403,0
2017,5,4,29,7.25,93.54,1,2,0,0,27,0,0,0.0,0.0,0.0,,27,0,0,0,403,0
2016,3,3,57,19.0,103.63,3,3,0,0,48,0,0,0.0,0.0,0.0,,48,0,0,0,404,0
2017,7,7,132,22.0,150.0,17,5,1,0,50*,0,0,0.0,0.0,0.0,,50,1,0,0,404,0
2019,3,3,81,27.0,152.83,4,7,0,0,36,0,0,0.0,0.0,0.0,,36,0,0,0,404,0
2009,1,1,2,0.0,100.0,0,0,0,0,2*,0,0,0.0,0.0,0.0,,2,1,0,0,405,0
2022,0,0,0,0.0,0.0,0,0,0,0,0,0,2,26.0,7.6,20.5,24/2,0,0,24,2,406,1
2023,0,0,0,0.0,0.0,0,0,0,0,0,0,19,19.52,8.0,14.63,15/3,0,0,15,3,406,1
2024,0,0,0,0.0,0.0,0,0,0,0,0,0,13,13.0,7.68,10.15,28/4,0,0,28,4,406,1
2025,0,0,0,0.0,0.0,0,0,0,0,0,0,13,32.61,10.13,19.3,36/3,0,0,36,3,406,1
2017,0,0,0,0.0,0.0,0,0,0,0,0,0,1,71.0,14.2,30.0,1/31,0,0,1,31,407,1
2024,0,0,0,0.0,0.0,0,0,0,0,0,0,1,110.0,9.16,72.0,28/1,0,0,28,1,407,1
2026,3,2,7,3.5,70.0,1,0,0,0,5,1,2,65.0,13.0,30.0,54/2,5,0,54,2,407,0
2025,1,1,14,14.0,116.66,1,1,0,0,14,0,0,0.0,0.0,0.0,,14,0,0,0,408,0
2008,4,4,189,63.0,144.27,24,6,2,0,81,0,0,0.0,0.0,0.0,,81,0,0,0,409,0
2009,12,12,572,52.0,144.81,60,22,5,0,89,0,0,0.0,0.0,0.0,,89,0,0,0,409,0
2010,16,16,346,21.62,124.01,37,16,1,0,93,0,0,0.0,0.0,0.0,,93,0,0,0,409,0
2023,6,6,117,19.5,127.17,15,4,0,0,36,5,0,0.0,0.0,0.0,,36,0,0,0,410,0
2026,3,3,60,20.0,117.64,6,1,0,0,34,2,0,0.0,0.0,0.0,,34,0,0,0,410,0
2011,3,3,22,7.33,66.66,0,0,0,0,11,0,0,0.0,0.0,0.0,,11,0,0,0,411,0
2022,10,10,157,15.7,113.76,23,2,0,0,35,7,0,0.0,0.0,0.0,,35,0,0,0,411,0
2024,2,1,4,4.0,66.66,0,0,0,0,4,1,0,0.0,0.0,0.0,,4,0,0,0,411,0
2011,8,7,141,20.14,117.5,16,4,0,0,41,0,0,0.0,0.0,0.0,,41,0,0,0,412,0
2012,16,12,225,20.45,142.4,19,15,1,0,64*,0,0,0.0,0.0,0.0,,64,1,0,0,412,0
2013,5,5,67,13.4,108.06,6,3,0,0,29,0,0,0.0,0.0,0.0,,29,0,0,0,412,0
2014,8,8,115,14.37,126.37,12,3,0,0,31,0,0,0.0,0.0,0.0,,31,0,0,0,412,0
2015,10,10,213,23.66,120.33,23,7,2,0,68,0,0,0.0,0.0,0.0,,68,0,0,0,412,0
2016,3,3,27,9.0,108.0,3,1,0,0,10,0,0,0.0,0.0,0.0,,10,0,0,0,412,0
2017,3,3,26,8.66,96.29,3,0,0,0,20,0,0,0.0,0.0,0.0,,20,0,0,0,412,0
2018,11,11,120,12.0,127.65,9,5,0,0,30,0,0,0.0,0.0,0.0,,30,0,0,0,412,0
2019,13,13,332,25.53,141.88,26,14,2,0,58,0,0,0.0,0.0,0.0,,58,0,0,0,412,0
2020,11,11,424,38.54,156.45,44,15,2,1,106,0,0,0.0,0.0,0.0,,106,0,0,0,412,0
2021,12,12,441,40.09,140.44,42,18,4,0,99*,0,0,0.0,0.0,0.0,,99,1,0,0,412,0
2022,13,12,196,16.33,122.5,23,6,1,0,52,10,0,0.0,0.0,0.0,,52,0,0,0,412,0
2023,10,10,270,27.0,128.57,29,6,1,0,83,6,0,0.0,0.0,0.0,,83,0,0,0,412,0
2024,4,4,64,16.0,112.28,8,1,0,0,32,2,0,0.0,0.0,0.0,,32,0,0,0,412,0
2025,4,4,95,31.67,148.43,10,2,0,0,41*,0,0,0.0,0.0,0.0,,41,1,0,0,412,0
2023,0,0,0,0.0,0.0,0,0,0,0,0,0,1,83.0,7.54,66.0,37/1,0,0,37,1,413,1
2024,0,0,0,0.0,0.0,0,0,0,0,0,0,1,120.0,10.14,71.0,23/1,0,0,23,1,413,1
2018,14,6,21,10.5,87.5,2,0,0,0,7*,0,15,24.53,8.36,17.6,4/23,7,1,4,23,414,0
2019,3,2,6,6.0,120.0,1,0,0,0,6,0,1,59.0,9.83,36.0,4/23,6,0,4,23,414,0
2022,0,0,0,0.0,0.0,0,0,0,0,0,0,1,57.0,8.14,42.0,26/1,0,0,26,1,414,1
2023,10,3,21,0.0,161.53,2,1,0,0,18*,0,12,25.0,7.89,19.0,15/4,18,1,15,4,414,0
2024,0,0,0,0.0,0.0,0,0,0,0,0,0,8,32.37,11.77,16.5,26/2,0,0,26,2,414,1
2024,0,0,0,0.0,0.0,0,0,0,0,0,0,7,12.14,6.98,10.42,14/3,0,0,14,3,415,1
2025,0,0,0,0.0,0.0,0,0,0,0,0,0,2,50.0,12.5,24.0,40/2,0,0,40,2,415,1
2026,4,1,5,5.0,100.0,1,0,0,0,5,0,0,0.0,0.0,0.0,,5,0,0,0,415,0
2023,5,4,58,29.0,123.4,6,1,0,0,26,1,6,15.83,8.63,11.0,13/2,26,0,13,2,416,0
2012,6,6,98,16.33,105.37,12,0,0,0,41,0,2,33.5,6.09,33.0,1/12,41,0,1,12,417,0
2008,4,3,168,84.0,168.0,12,11,0,1,116*,0,0,0.0,0.0,0.0,,116,1,0,0,418,0
2010,3,3,37,18.5,84.09,2,0,0,0,15,0,0,0.0,0.0,0.0,,15,0,0,0,418,0
2011,14,14,492,41.0,118.84,53,6,4,0,83*,0,0,0.0,0.0,0.0,,83,1,0,0,418,0
2012,8,8,261,32.62,110.59,28,8,2,0,56,0,0,0.0,0.0,0.0,,56,0,0,0,418,0
2013,17,17,733,52.35,129.5,81,17,6,0,95,0,0,0.0,0.0,0.0,,95,0,0,0,418,0
2014,9,9,209,23.22,114.83,17,7,2,0,56,0,0,0.0,0.0,0.0,,56,0,0,0,418,0
2015,4,4,77,19.25,110.0,5,3,1,0,56,0,0,0.0,0.0,0.0,,56,0,0,0,418,0
2011,4,4,73,18.25,94.8,9,0,0,0,29,0,0,0.0,0.0,0.0,,29,0,0,0,419,0
2010,11,11,278,25.27,144.79,45,6,1,0,83,0,0,0.0,0.0,0.0,,83,0,0,0,420,0
2008,8,8,117,16.71,144.44,10,6,0,0,47*,0,0,0.0,0.0,0.0,,47,1,0,0,421,0
2013,17,6,39,9.75,108.33,2,2,0,0,11,0,24,19.12,7.17,16.0,3/26,11,0,3,26,422,0
2014,14,8,56,18.66,112.0,4,3,0,0,16*,0,17,26.11,8.29,18.88,3/26,16,1,3,26,422,0
2015,9,8,31,7.75,86.11,1,1,0,0,13*,0,9,37.33,9.37,23.88,3/26,13,1,3,26,422,0
2016,3,3,5,2.5,35.71,0,0,0,0,4,0,2,53.0,9.63,33.0,3/26,4,0,3,26,422,0
2017,5,3,20,0.0,117.64,1,1,0,0,13*,0,7,20.14,7.05,17.14,3/26,13,1,3,26,422,0
2018,6,2,16,0.0,145.45,2,0,0,0,12*,0,2,108.0,10.28,63.0,3/26,12,1,3,26,422,0
2010,3,2,28,14.0,93.33,1,1,0,0,15,0,2,44.0,8.8,30.0,4/25,15,0,4,25,423,0
2011,5,3,50,25.0,102.04,2,3,0,0,37,0,7,14.14,6.98,12.14,4/25,37,0,4,25,423,0
2013,9,8,140,20.0,132.07,6,10,0,0,38,0,7,26.0,9.41,16.57,4/25,38,0,4,25,423,0
2016,3,1,7,7.0,63.63,0,0,0,0,7,0,4,11.25,5.0,13.5,4/25,7,0,4,25,423,0
2020,1,1,0,0.0,0.0,0,0,0,0,0*,0,0,0.0,0.0,0.0,,0,1,0,0,423,0
2022,8,8,251,31.38,132.8,19,14,2,0,89,0,4,25.5,8.5,18.0,25/2,89,0,25,2,423,0
2023,9,9,128,14.22,131.95,11,7,1,0,63,3,12,14.16,8.42,10.08,27/4,63,0,27,4,423,0
2024,4,4,61,15.25,160.52,9,3,0,0,23,0,1,103.0,12.87,48.0,37/1,23,0,37,1,423,0
2025,13,13,627,48.23,163.7,56,37,6,1,117,1,0,0.0,0.0,0.0,,117,0,0,0,423,0
2026,13,13,563,43.31,163.18,51,36,3,1,111,4,0,0.0,0.0,0.0,,111,0,0,0,423,0
2015,12,3,13,13.0,216.66,0,2,0,0,12*,0,18,21.44,8.21,15.66,4/21,12,1,4,21,424,0
2016,14,5,34,11.33,147.82,2,3,0,0,20,0,17,25.64,8.17,18.82,4/21,20,0,4,21,424,0
2017,14,7,16,4.0,106.66,0,1,0,0,12,0,19,26.68,9.38,17.05,4/21,12,0,4,21,424,0
2018,11,5,11,5.5,110.0,1,1,0,0,11*,0,14,23.71,8.3,17.14,4/21,11,1,4,21,424,0
2019,5,4,11,3.66,68.75,2,0,0,0,10,0,3,47.33,7.88,36.0,4/21,10,0,4,21,424,0
2019,4,2,32,32.0,139.13,0,3,0,0,22,0,4,23.5,6.71,21.0,2/13,22,0,2,13,425,0
2020,0,0,0,0.0,0.0,0,0,0,0,0,0,2,26.5,7.57,21.0,2/13,0,0,2,13,425,1
2022,6,4,22,11.0,81.48,3,0,0,0,11,1,4,32.5,6.84,28.5,15/1,11,0,15,1,425,0
2023,3,2,2,0.0,50.0,0,0,0,0,1*,1,3,27.0,6.75,24.0,28/2,1,1,28,2,425,0
2024,3,3,14,4.67,82.35,1,0,0,0,11,1,2,32.0,7.11,27.0,10/1,11,0,10,1,425,0
2025,13,8,40,20.0,121.21,2,3,0,0,18*,7,10,31.3,7.92,23.7,11/3,18,1,11,3,425,0
2026,4,2,26,0.0,136.84,3,0,0,0,18*,1,5,25.0,8.92,16.8,16/2,18,1,16,2,425,0
2014,14,9,85,14.16,101.19,9,0,0,0,29,0,14,28.71,7.49,23.0,4/15,29,0,4,15,426,0
2015,13,3,11,11.0,78.57,1,0,0,0,9*,0,20,14.55,6.76,12.9,4/15,9,1,4,15,426,0
2024,14,5,9,4.5,81.81,1,0,0,0,6*,5,17,26.11,10.61,14.76,33/4,6,1,33,4,426,0
2025,11,6,6,3.0,60.0,0,0,0,0,2*,7,14,26.14,10.16,15.42,35/5,2,1,35,5,426,0
2026,0,0,0,0.0,0.0,0,0,0,0,0,0,11,20.36,10.18,12.0,40/4,0,0,40,4,426,1
2010,9,8,157,39.25,105.36,14,0,0,0,32*,0,0,0.0,0.0,0.0,,32,1,0,0,427,0
2011,10,10,114,11.4,92.68,8,4,0,0,35,0,0,0.0,0.0,0.0,,35,0,0,0,427,0
2012,10,7,120,30.0,125.0,10,4,0,0,42*,0,0,0.0,0.0,0.0,,42,1,0,0,427,0
2013,3,2,13,0.0,76.47,1,0,0,0,11*,0,0,0.0,0.0,0.0,,11,1,0,0,427,0
2014,12,5,35,17.5,152.17,3,1,0,0,13*,0,0,0.0,0.0,0.0,,13,1,0,0,427,0
2018,5,4,77,19.25,167.39,4,6,1,0,65,0,3,32.33,7.36,26.33,3/7,65,0,3,7,428,0
2019,11,10,220,27.5,165.41,16,17,2,0,66,0,6,28.16,6.76,25.0,3/7,66,0,3,7,428,0
2020,3,3,12,4.0,75.0,1,0,0,0,11,0,1,42.0,8.4,30.0,3/7,11,0,3,7,428,0
2021,15,15,357,25.5,137.3,31,19,1,0,58,0,6,26.83,6.35,25.33,3/7,58,0,3,7,428,0
2022,10,10,244,24.4,137.85,24,11,1,0,93,5,8,19.75,6.62,17.87,13/3,93,0,13,3,428,0
2023,15,10,124,17.71,136.26,12,6,0,0,23,3,9,21.66,7.5,17.33,26/4,23,0,26,4,428,0
2024,8,5,128,25.6,130.61,7,8,1,0,56,2,2,35.5,8.87,24.0,23/2,56,0,23,2,428,0
2025,6,2,5,2.5,35.71,0,0,0,0,5,2,6,22.66,8.5,16.0,23/2,5,0,23,2,428,0
2009,1,1,2,2.0,20.0,0,0,0,0,2,0,0,0.0,0.0,0.0,,2,0,0,0,429,0
2008,8,2,3,1.5,50.0,0,0,0,0,3,0,8,37.0,9.25,24.0,2/19,3,0,2,19,430,0
2008,8,3,20,10.0,90.9,2,1,0,0,13,0,1,24.0,4.8,30.0,1/8,13,0,1,8,431,0
2008,16,14,176,16.0,102.92,14,6,0,0,34*,0,0,0.0,0.0,0.0,,34,1,0,0,432,0
2010,4,3,28,9.33,93.33,2,0,0,0,14,0,0,0.0,0.0,0.0,,14,0,0,0,432,0
2011,8,4,41,13.66,124.24,5,0,0,0,15,0,0,0.0,0.0,0.0,,15,0,0,0,432,0
2012,1,1,14,14.0,87.5,1,0,0,0,14,0,0,0.0,0.0,0.0,,14,0,0,0,432,0
2017,3,1,2,2.0,66.66,0,0,0,0,2,0,2,29.0,5.27,33.0,4/11,2,0,4,11,433,0
2018,2,2,18,9.0,150.0,3,0,0,0,14,0,1,47.0,9.4,30.0,4/11,14,0,4,11,433,0
2019,8,7,115,19.16,151.31,8,7,0,0,31,0,8,24.25,6.65,21.87,4/11,31,0,4,11,433,0
2020,1,1,11,0.0,137.5,2,0,0,0,11*,0,0,0.0,0.0,0.0,,11,1,0,0,433,0
2021,3,3,34,11.33,170.0,3,2,0,0,17,0,2,43.0,10.75,24.0,4/11,17,0,4,11,433,0
2024,7,5,35,8.75,112.9,2,2,0,0,23,7,2,54.5,8.83,37.0,16/1,23,0,16,1,433,0
2013,3,1,5,5.0,50.0,0,0,0,0,5,0,1,78.0,8.66,54.0,3/15,5,0,3,15,434,0
2014,12,4,3,1.5,42.85,0,0,0,0,1*,0,7,52.71,8.38,37.71,3/15,1,1,3,15,434,0
2016,8,2,2,0.0,50.0,0,0,0,0,2*,0,5,48.8,9.69,30.2,3/15,2,1,3,15,434,0
2017,8,6,36,9.0,150.0,4,2,0,0,21,0,5,48.6,9.34,31.2,3/15,21,0,3,15,434,0
2018,4,1,7,7.0,116.66,1,0,0,0,7,0,3,48.0,10.4,27.66,3/15,7,0,3,15,434,0
2019,14,2,1,1.0,50.0,0,0,0,0,1*,0,19,24.68,8.68,17.05,3/15,1,1,3,15,434,0
2020,14,3,2,2.0,66.66,0,0,0,0,2*,0,20,23.0,8.57,16.1,3/15,2,1,3,15,434,0
2021,14,4,13,13.0,76.47,0,0,0,0,9*,0,19,20.78,7.5,16.63,3/15,9,1,3,15,434,0
2022,0,0,0,0.0,0.0,0,0,0,0,0,0,20,24.4,8.0,18.3,25/3,0,0,25,3,434,1
2023,17,2,5,2.5,83.33,1,0,0,0,5,4,28,18.64,8.03,13.92,11/4,5,0,11,4,434,0
2025,9,4,10,10.0,100.0,1,0,0,0,6*,2,6,56.16,11.23,30.0,28/2,6,1,28,2,434,0
2026,13,7,31,6.2,140.9,2,3,0,0,12*,3,12,38.25,9.0,25.5,9/2,12,1,9,2,434,0
2017,0,0,0,0.0,0.0,0,0,0,0,0,0,10,21.2,9.21,13.8,4/32,0,0,4,32,435,1
2018,11,4,25,12.5,113.63,2,1,0,0,14,0,11,33.36,8.95,22.36,4/32,14,0,4,32,435,0
2019,9,4,4,4.0,28.57,0,0,0,0,3*,0,7,38.42,9.55,24.14,4/32,3,1,4,32,435,0
2020,9,3,17,17.0,121.42,2,0,0,0,10*,0,11,21.45,8.68,14.81,4/32,10,1,4,32,435,0
2021,15,4,20,20.0,76.92,1,1,0,0,12*,0,11,32.09,6.78,28.36,4/32,12,1,4,32,435,0
2022,15,5,30,15.0,90.9,5,0,0,0,14*,5,9,57.11,10.07,34.0,30/2,14,1,30,2,435,0
2023,14,2,1,1.0,50.0,0,0,0,0,1*,4,19,19.78,7.52,15.78,21/4,1,1,21,4,435,0
2024,14,3,12,6.0,150.0,0,2,0,0,12,3,15,33.06,9.18,21.6,43/3,12,0,43,3,435,0
2025,15,1,3,0.0,75.0,0,0,0,0,3*,5,16,32.93,9.24,21.37,17/4,3,1,17,4,435,0
2026,17,2,5,2.5,31.25,1,0,0,0,5,4,19,29.57,9.06,19.57,26/3,5,0,26,3,435,0
2025,9,5,23,11.5,121.05,0,3,0,0,20,4,6,36.16,10.33,21.0,7/1,20,0,7,1,436,0
2026,8,2,23,23.0,209.09,1,2,0,0,15,2,6,28.66,9.92,17.33,22/3,15,0,22,3,436,0
2023,1,1,1,0.0,50.0,0,0,0,0,1*,0,0,0.0,0.0,0.0,,1,1,0,0,437,0
2013,0,0,0,0.0,0.0,0,0,0,0,0,0,20,16.3,6.43,15.2,4/14,0,0,4,14,438,1
2014,16,1,1,0.0,33.33,0,0,0,0,1*,0,23,19.65,8.39,14.04,4/14,1,1,4,14,438,0
2015,16,6,28,9.33,155.55,1,2,0,0,21*,0,14,34.35,8.43,24.42,4/14,21,1,4,14,438,0
2016,14,6,32,8.0,123.07,3,1,0,0,15,0,13,31.3,8.39,22.38,4/14,15,0,4,14,438,0
2017,14,7,51,8.5,102.0,3,1,0,0,13,0,13,31.53,8.97,21.07,4/14,13,0,4,14,438,0
2018,9,4,10,10.0,76.92,1,0,0,0,4*,0,7,46.0,10.85,25.42,4/14,4,1,4,14,438,0
2019,1,1,0,0.0,0.0,0,0,0,0,0*,0,1,27.0,9.0,18.0,4/14,0,1,4,14,438,0
2020,0,0,0,0.0,0.0,0,0,0,0,0,0,1,45.0,11.25,24.0,4/14,0,0,4,14,438,1
2023,0,0,0,0.0,0.0,0,0,0,0,0,0,27,13.37,8.17,9.81,10/5,0,0,10,5,438,1
2024,12,3,4,2.0,26.66,0,0,0,0,4,3,13,32.69,10.89,18.0,25/3,4,0,25,3,438,0
2025,8,2,1,1.0,33.33,0,0,0,0,1*,1,2,128.5,10.28,75.0,10/1,1,1,10,1,438,0
2010,11,11,166,15.09,115.27,18,6,0,0,41,0,0,0.0,0.0,0.0,,41,0,0,0,439,0
2011,6,5,67,16.75,111.66,5,2,0,0,37*,0,0,0.0,0.0,0.0,,37,1,0,0,439,0
2012,1,1,4,4.0,100.0,1,0,0,0,4,0,0,0.0,0.0,0.0,,4,0,0,0,439,0
2022,9,3,23,23.0,143.75,2,1,0,0,13*,1,14,14.07,5.96,14.14,16/4,13,1,16,4,440,0
2023,0,0,0,0.0,0.0,0,0,0,0,0,0,3,35.66,10.7,20.0,24/1,0,0,24,1,440,1
2024,9,1,2,2.0,200.0,0,0,0,0,2,1,10,38.5,10.13,22.8,29/2,2,0,29,2,440,0
2026,0,0,0,0.0,0.0,0,0,0,0,0,0,11,20.72,8.14,15.27,23/5,0,0,23,5,440,1
2009,4,3,38,19.0,95.0,2,1,0,0,30*,0,2,53.5,8.79,36.5,3/12,30,1,3,12,441,0
2010,1,1,11,11.0,220.0,2,0,0,0,11,0,1,35.0,8.75,24.0,3/12,11,0,3,12,441,0
2013,10,9,165,41.25,132.0,20,3,0,0,44,0,7,26.42,8.74,18.14,3/12,44,0,3,12,441,0
2014,4,2,9,4.5,64.28,1,0,0,0,9,0,4,24.0,9.6,15.0,3/12,9,0,3,12,441,0
2015,9,9,287,41.0,136.01,19,13,2,0,74*,0,11,14.36,6.32,13.63,3/12,74,1,3,12,441,0
2016,17,15,182,15.16,115.18,15,6,0,0,31*,0,12,34.58,7.98,26.0,3/12,31,1,3,12,441,0
2017,12,11,277,46.16,136.45,28,4,3,0,55*,0,1,248.0,10.33,144.0,3/12,55,1,3,12,441,0
2021,5,4,31,15.5,96.87,0,1,0,0,14,0,4,11.25,4.5,15.0,3/12,14,0,3,12,441,0
2009,2,1,8,8.0,100.0,1,0,0,0,8,0,0,0.0,0.0,0.0,,8,0,0,0,442,0
2010,2,2,9,9.0,56.25,1,0,0,0,7*,0,0,0.0,0.0,0.0,,7,1,0,0,442,0
2011,11,5,40,20.0,160.0,3,2,0,0,16*,0,13,25.0,7.55,19.84,4/20,16,1,4,20,442,0
2012,16,4,3,1.5,60.0,0,0,0,0,2*,0,25,18.12,7.19,15.12,4/20,2,1,4,20,442,0
2013,10,6,57,11.4,196.55,6,3,0,0,23*,0,7,47.85,8.37,34.28,4/20,23,1,4,20,442,0
2014,12,2,4,0.0,133.33,0,0,0,0,4*,0,12,30.58,7.64,24.0,4/20,4,1,4,20,442,0
2015,7,1,4,0.0,133.33,0,0,0,0,4*,0,10,20.6,7.35,16.8,4/20,4,1,4,20,442,0
2016,10,2,1,0.0,100.0,0,0,0,0,1*,0,10,29.7,8.36,21.3,4/20,1,1,4,20,442,0
2018,11,2,10,10.0,142.85,2,0,0,0,10*,0,14,20.64,6.99,17.71,3/27,10,1,3,27,443,0
2019,5,3,0,0.0,0.0,0,0,0,0,0*,0,3,63.66,10.05,38.0,3/27,0,1,3,27,443,0
2020,2,1,1,1.0,33.33,0,0,0,0,1,0,0,0.0,0.0,0.0,,1,0,0,0,443,0
2021,1,1,1,0.0,100.0,0,0,0,0,1*,0,2,14.5,7.25,12.0,3/27,1,1,3,27,443,0
2025,0,0,0,0.0,0.0,0,0,0,0,0,0,1,28.0,14.0,12.0,28/1,0,0,28,1,444,1
2022,13,2,6,6.0,100.0,1,0,0,0,4,3,16,26.5,9.31,17.06,46/4,4,0,46,4,445,0
2025,0,0,0,0.0,0.0,0,0,0,0,0,0,1,71.0,11.83,36.0,21/1,0,0,21,1,445,1
2026,8,1,2,0.0,100.0,0,0,0,0,2*,2,8,31.12,8.89,21.0,21/2,2,1,21,2,445,0
2023,10,3,7,0.0,77.77,0,0,0,0,6*,1,7,46.57,10.51,26.57,30/2,6,1,30,2,446,0
2024,10,2,3,3.0,33.33,0,0,0,0,3,3,17,21.64,10.36,12.52,14/3,3,0,14,3,446,0
2025,0,0,0,0.0,0.0,0,0,0,0,0,0,12,34.0,10.32,19.75,33/4,0,0,33,4,446,1
2026,0,0,0,0.0,0.0,0,0,0,0,0,0,6,58.83,11.26,31.33,26/2,0,0,26,2,446,1
2026,10,10,170,28.33,141.66,11,12,1,0,54*,3,0,0.0,0.0,0.0,,54,1,0,0,447,0
2008,15,2,0,0.0,0.0,0,0,0,0,0*,0,14,30.0,7.63,23.57,5/21,0,1,5,21,448,0
2009,11,5,33,11.0,126.92,5,0,0,0,23*,0,16,15.06,6.91,13.06,5/21,23,1,5,21,448,0
2010,4,2,4,4.0,80.0,0,0,0,0,4*,0,3,39.33,9.07,26.0,5/21,4,1,5,21,448,0
2011,0,0,0,0.0,0.0,0,0,0,0,0,0,22,16.27,6.58,14.81,5/21,0,0,5,21,448,1
2012,0,0,0,0.0,0.0,0,0,0,0,0,0,15,24.46,7.86,18.66,5/21,0,0,5,21,448,1
2013,0,0,0,0.0,0.0,0,0,0,0,0,0,3,45.66,9.13,30.0,5/21,0,0,5,21,448,1
2017,2,1,0,0.0,0.0,0,0,0,0,0*,0,1,57.0,8.14,42.0,5/21,0,1,5,21,448,0
2008,6,3,30,10.0,111.11,3,0,0,0,17,0,3,42.33,8.65,29.33,3/17,17,0,3,17,449,0
2009,10,2,21,0.0,105.0,0,0,0,0,11*,0,4,50.25,5.91,51.0,3/17,11,1,3,17,449,0
2010,10,2,22,11.0,100.0,2,0,0,0,21,0,9,28.11,6.48,26.0,3/17,21,0,3,17,449,0
2011,6,3,12,12.0,80.0,1,0,0,0,11,0,1,166.0,7.96,125.0,3/17,11,0,3,17,449,0
2012,11,4,26,0.0,123.8,1,1,0,0,14*,0,4,66.5,7.38,54.0,3/17,14,1,3,17,449,0
2013,11,2,2,2.0,66.66,0,0,0,0,2*,0,9,31.55,7.28,26.0,3/17,2,1,3,17,449,0
2014,0,0,0,0.0,0.0,0,0,0,0,0,0,1,91.0,11.37,48.0,3/17,0,0,3,17,449,1
2009,4,4,60,15.0,89.55,4,2,0,0,31,0,0,0.0,0.0,0.0,,31,0,0,0,450,0
2010,15,15,458,35.23,156.84,36,26,2,1,127,0,0,0.0,0.0,0.0,,127,0,0,0,450,0
2011,16,16,434,27.12,128.02,34,20,3,0,95,0,0,0.0,0.0,0.0,,95,0,0,0,450,0
2012,14,14,336,25.84,125.84,39,10,0,1,113,0,0,0.0,0.0,0.0,,113,0,0,0,450,0
2013,15,15,312,22.28,109.09,27,8,2,0,55,0,0,0.0,0.0,0.0,,55,0,0,0,450,0
2014,11,11,207,18.81,107.81,20,5,1,0,52,0,0,0.0,0.0,0.0,,52,0,0,0,450,0
2015,11,11,251,22.81,110.08,27,8,0,0,39,0,0,0.0,0.0,0.0,,39,0,0,0,450,0
2016,14,14,453,34.84,124.45,50,10,5,0,89,0,0,0.0,0.0,0.0,,89,0,0,0,450,0
2018,1,1,12,12.0,120.0,0,1,0,0,12,0,0,0.0,0.0,0.0,,12,0,0,0,450,0
2019,2,2,64,32.0,104.91,6,1,0,0,38,0,0,0.0,0.0,0.0,,38,0,0,0,450,0
2020,3,3,32,10.66,74.41,4,0,0,0,21,0,0,0.0,0.0,0.0,,21,0,0,0,450,0
2016,10,1,0,0.0,0.0,0,0,0,0,0*,0,7,34.42,8.45,24.42,3/21,0,1,3,21,451,0
2018,2,1,1,1.0,50.0,0,0,0,0,1,0,3,17.66,7.57,14.0,3/21,1,0,3,21,451,0
2019,10,3,3,3.0,60.0,0,0,0,0,1*,0,5,51.0,7.5,40.8,3/21,1,1,3,21,451,0
2020,9,1,4,4.0,100.0,0,0,0,0,4,0,10,23.5,7.46,18.9,3/21,4,0,3,21,451,0
2021,3,2,15,7.5,62.5,1,0,0,0,9,0,1,97.0,8.81,66.0,3/21,9,0,3,21,451,0
2022,8,5,12,4.0,85.71,1,1,0,0,6,0,9,25.33,7.86,19.33,14/2,6,0,14,2,451,0
2008,4,3,24,12.0,109.09,2,1,0,0,9,0,2,25.5,10.2,15.0,2/29,9,0,2,29,452,0
2025,0,0,0,0.0,0.0,0,0,0,0,0,0,1,27.0,13.5,12.0,27/1,0,0,27,1,453,1
2016,0,0,0,0.0,0.0,0,0,0,0,0,0,17,24.76,6.9,21.52,3/16,0,0,3,16,454,1
2018,7,2,1,1.0,33.33,0,0,0,0,1,0,7,32.85,8.36,23.57,3/16,1,0,3,16,454,0
2021,14,5,8,0.0,57.14,0,1,0,0,8*,0,14,31.14,8.41,22.21,3/16,8,1,3,16,454,0
2022,8,1,3,0.0,60.0,0,0,0,0,3*,1,8,30.5,7.62,24.0,18/3,3,1,18,3,454,0
2023,2,1,1,0.0,100.0,0,0,0,0,1*,0,1,79.0,11.28,42.0,38/1,1,1,38,1,454,0
2024,0,0,0,0.0,0.0,0,0,0,0,0,0,14,22.71,9.26,14.71,29/4,0,0,29,4,454,1
2025,0,0,0,0.0,0.0,0,0,0,0,0,0,4,21.75,7.9,16.5,33/3,0,0,33,3,454,1
2008,0,0,0,0.0,0.0,0,0,0,0,0,0,11,36.72,6.96,31.63,3/11,0,0,3,11,455,1
2009,13,4,8,4.0,100.0,1,0,0,0,4,0,14,18.64,5.22,21.42,3/11,4,0,3,11,455,0
2010,12,1,1,1.0,50.0,0,0,0,0,1,0,15,21.93,6.85,19.2,3/11,1,0,3,11,455,0
2011,5,1,5,0.0,62.5,0,0,0,0,5*,0,2,70.5,7.42,57.0,3/11,5,1,3,11,455,0
2012,10,2,6,3.0,66.66,0,0,0,0,6,0,15,17.33,6.5,16.0,3/11,6,0,3,11,455,0
2013,0,0,0,0.0,0.0,0,0,0,0,0,0,3,59.0,7.69,46.0,3/11,0,0,3,11,455,1
2014,0,0,0,0.0,0.0,0,0,0,0,0,0,3,41.33,7.75,32.0,3/11,0,0,3,11,455,1
2025,16,13,343,31.18,138.3,23,16,2,0,59,9,0,0.0,0.0,0.0,,59,0,0,0,456,0
2024,7,7,140,23.33,177.21,12,10,1,0,62*,3,0,0.0,0.0,0.0,,62,1,0,0,457,0
2025,16,12,252,31.5,182.6,24,13,0,0,46,12,0,0.0,0.0,0.0,,46,0,0,0,457,0
2026,14,14,318,26.5,147.22,31,13,2,0,57,9,0,0.0,0.0,0.0,,57,0,0,0,457,0
2009,8,8,168,24.0,116.66,11,11,2,0,68,0,0,0.0,0.0,0.0,,68,0,0,0,458,0
2010,14,14,377,31.41,132.28,42,15,2,0,94*,0,0,0.0,0.0,0.0,,94,1,0,0,458,0
2011,14,14,160,12.3,99.37,11,11,0,0,29,0,0,0.0,0.0,0.0,,29,0,0,0,458,0
2012,18,16,255,23.18,113.83,21,13,1,0,64*,0,0,0.0,0.0,0.0,,64,1,0,0,458,0
2013,2,2,9,9.0,90.0,1,0,0,0,9,0,0,0.0,0.0,0.0,,9,0,0,0,458,0
2014,11,10,232,38.66,144.09,14,17,1,0,79*,0,0,0.0,0.0,0.0,,79,1,0,0,458,0
2015,14,11,137,13.7,113.22,12,4,0,0,28,0,0,0.0,0.0,0.0,,28,0,0,0,458,0
2016,17,13,136,13.6,98.55,7,5,0,0,37,0,0,0.0,0.0,0.0,,37,0,0,0,458,0
2017,14,5,79,19.75,121.53,2,3,0,0,34,0,0,0.0,0.0,0.0,,34,0,0,0,458,0
2018,1,1,1,1.0,25.0,0,0,0,0,1,0,0,0.0,0.0,0.0,,1,0,0,0,458,0
2024,0,0,0,0.0,0.0,0,0,0,0,0,0,7,20.71,8.52,14.57,29/2,0,0,29,2,459,1
2026,13,3,14,14.0,155.55,0,1,0,0,10*,3,14,31.42,10.11,18.64,21/2,10,1,21,2,459,0
2020,5,2,33,16.5,113.79,4,0,0,0,33,0,0,0.0,0.0,0.0,,33,0,0,0,460,0
2013,1,1,9,9.0,150.0,0,1,0,0,9,0,1,29.0,7.25,24.0,4/14,9,0,4,14,461,0
2014,0,0,0,0.0,0.0,0,0,0,0,0,0,2,13.5,6.75,12.0,4/14,0,0,4,14,461,1
2015,11,5,20,5.0,111.11,2,1,0,0,6,0,15,21.4,7.55,17.0,4/14,6,0,4,14,461,0
2016,4,2,9,0.0,64.28,1,0,0,0,7*,0,3,38.0,7.6,30.0,4/14,7,1,4,14,461,0
2017,8,3,14,4.66,116.66,0,2,0,0,6,0,15,15.2,8.04,11.33,4/14,6,0,4,14,461,0
2020,7,2,25,25.0,166.66,4,0,0,0,24*,0,5,41.2,7.92,31.2,4/14,24,1,4,14,461,0
2021,5,2,4,2.0,80.0,0,0,0,0,3,0,7,18.14,6.35,17.14,4/14,3,0,4,14,461,0
2022,1,1,1,0.0,50.0,0,0,0,0,1*,0,0,0.0,0.0,0.0,,1,1,0,0,461,0
2021,3,2,18,18.0,112.5,0,1,0,0,12,0,1,98.0,8.16,72.0,1/20,12,0,1,20,462,0
2022,0,0,0,0.0,0.0,0,0,0,0,0,0,3,18.33,9.16,12.0,40/3,0,0,40,3,462,1
2023,10,2,1,0.5,14.28,0,0,0,0,1,1,13,26.07,8.92,17.53,30/4,1,0,30,4,462,0
2024,0,0,0,0.0,0.0,0,0,0,0,0,0,1,24.0,6.0,24.0,24/1,0,0,24,1,462,1
2025,0,0,0,0.0,0.0,0,0,0,0,0,0,1,38.0,9.5,24.0,38/1,0,0,38,1,462,1
2011,2,2,26,26.0,118.18,0,1,0,0,15,0,0,0.0,0.0,0.0,,15,0,0,0,463,0
2017,0,0,0,0.0,0.0,0,0,0,0,0,0,1,15.0,3.75,24.0,1/7,0,0,1,7,464,1
2019,13,2,2,2.0,50.0,0,0,0,0,2,0,11,36.09,8.27,26.18,2/24,2,0,2,24,465,0
2020,13,3,27,27.0,100.0,3,0,0,0,12*,0,6,63.16,8.29,45.66,2/24,12,1,2,24,465,0
2021,2,1,2,2.0,50.0,0,0,0,0,2,0,0,0.0,0.0,0.0,,2,0,0,0,465,0
2022,2,1,2,2.0,100.0,0,0,0,0,2,2,3,24.0,12.0,12.0,36/2,2,0,36,2,465,0
2023,0,0,0,0.0,0.0,0,0,0,0,0,0,3,24.66,12.33,12.0,40/3,0,0,40,3,465,1
2023,8,3,16,16.0,76.19,2,0,0,0,13,2,11,19.9,7.82,15.27,38/4,13,0,38,4,466,0
2024,10,3,2,0.0,50.0,0,0,0,0,2*,4,14,26.57,10.19,15.64,49/3,2,1,49,3,466,0
2010,0,0,0,0.0,0.0,0,0,0,0,0,0,1,17.0,4.25,24.0,1/15,0,0,1,15,467,1
2011,0,0,0,0.0,0.0,0,0,0,0,0,0,1,62.0,11.62,32.0,1/15,0,0,1,15,467,1
2023,14,10,241,26.78,145.18,23,12,2,0,64,4,0,0.0,0.0,0.0,,64,0,0,0,468,0
2024,6,6,109,18.17,129.76,9,6,0,0,49,2,0,0.0,0.0,0.0,,49,0,0,0,469,0
2025,16,15,369,30.75,145.84,28,21,2,0,70,6,0,0.0,0.0,0.0,,70,0,0,0,469,0
2026,8,6,65,10.83,114.03,4,4,0,0,25,2,0,0.0,0.0,0.0,,25,0,0,0,469,0
2014,2,2,16,8.0,114.28,3,0,0,0,12,0,0,0.0,0.0,0.0,,12,0,0,0,470,0
2015,1,1,4,4.0,57.14,1,0,0,0,4,0,0,0.0,0.0,0.0,,4,0,0,0,470,0
2019,7,6,168,28.0,157.0,10,14,0,0,48,0,0,0.0,0.0,0.0,,48,0,0,0,471,0
2020,14,14,353,35.3,169.71,23,25,2,0,77,0,0,0.0,0.0,0.0,,77,0,0,0,471,0
2021,12,11,85,7.72,111.84,3,5,0,0,32,0,0,0.0,0.0,0.0,,32,0,0,0,471,0
2022,14,13,306,38.25,144.33,16,21,2,0,64*,8,0,0.0,0.0,0.0,,64,1,0,0,471,0
2023,15,15,358,29.83,172.94,26,26,2,0,62,6,0,0.0,0.0,0.0,,62,0,0,0,471,0
2024,14,14,499,62.38,178.21,35,36,3,0,75,7,0,0.0,0.0,0.0,,75,0,0,0,471,0
2025,14,14,524,43.67,196.25,45,40,5,0,87*,8,0,0.0,0.0,0.0,,87,1,0,0,471,0
2026,14,14,234,18.0,127.86,11,19,1,0,63,5,0,0.0,0.0,0.0,,63,0,0,0,471,0
2016,2,2,23,11.5,74.19,1,0,0,0,22,0,0,0.0,0.0,0.0,,22,0,0,0,472,0
2019,1,1,7,7.0,43.75,1,0,0,0,7,0,0,0.0,0.0,0.0,,7,0,0,0,472,0
2020,1,1,1,1.0,33.33,0,0,0,0,1,0,0,0.0,0.0,0.0,,1,0,0,0,472,0
2008,5,4,103,51.5,127.16,13,1,1,0,57,0,0,0.0,0.0,0.0,,57,0,0,0,473,0
2009,4,2,18,9.0,47.36,1,0,0,0,14,0,0,0.0,0.0,0.0,,14,0,0,0,473,0
2026,8,5,63,12.6,126.0,7,2,0,0,22,3,0,0.0,0.0,0.0,,22,0,0,0,474,0
2012,10,10,140,14.0,99.29,16,0,1,0,50,0,0,0.0,0.0,0.0,,50,0,0,0,475,0
2024,13,11,303,33.67,142.92,15,21,2,0,76*,5,3,51.0,11.62,26.33,17/2,76,1,17,2,476,0
2025,13,11,182,22.75,118.95,16,4,0,0,32,6,2,23.5,9.4,15.0,13/1,32,0,13,1,476,0
2026,14,13,302,30.2,171.59,19,21,1,0,56,10,8,40.37,10.41,23.25,17/2,56,0,17,2,476,0
2016,4,3,104,34.66,138.66,7,8,1,0,70,0,0,0.0,0.0,0.0,,70,0,0,0,477,0
2017,13,12,333,30.27,126.13,24,17,3,0,62*,0,0,0.0,0.0,0.0,,62,1,0,0,477,0
2018,15,15,304,23.38,131.03,26,14,1,0,59,0,4,11.0,7.13,9.25,2/11,59,0,2,11,477,0
2019,14,11,344,34.4,146.38,27,21,3,0,85*,0,3,24.0,9.0,16.0,2/11,85,1,2,11,477,0
2020,14,14,352,25.14,138.58,43,12,3,0,87,0,0,0.0,0.0,0.0,,87,0,0,0,477,0
2021,17,16,383,29.46,121.97,34,17,2,0,80,0,0,0.0,0.0,0.0,,80,0,0,0,477,0
2022,14,14,361,27.77,143.82,29,22,2,0,57,6,0,0.0,0.0,0.0,,57,0,0,0,477,0
2023,14,14,413,31.77,140.95,39,20,3,0,75,3,3,25.0,8.49,17.66,17/2,75,0,17,2,477,0
2024,2,2,42,21.0,123.52,5,1,0,0,33,0,0,0.0,0.0,0.0,,33,0,0,0,477,0
2025,11,11,217,21.7,161.94,27,9,2,0,81,2,0,0.0,0.0,0.0,,81,0,0,0,477,0
2026,9,9,225,25.0,151.0,27,10,2,0,91,3,0,0.0,0.0,0.0,,91,0,0,0,477,0
2023,13,3,8,4.0,88.88,1,0,0,0,7*,1,16,23.06,7.82,17.68,37/3,7,1,37,3,478,0
2024,10,4,5,2.5,55.55,1,0,0,0,4,5,8,36.25,8.32,26.12,20/2,4,0,20,2,478,0
2025,14,6,7,1.75,41.17,0,0,0,0,2*,2,24,17.0,8.16,12.5,18/4,2,1,18,4,478,0
2026,14,4,11,3.67,47.82,0,1,0,0,8,4,13,32.92,8.39,23.53,21/3,8,0,21,3,478,0
2011,0,0,0,0.0,0.0,0,0,0,0,0,0,1,26.0,8.66,18.0,2/10,0,0,2,10,479,1
2012,5,1,5,0.0,166.66,1,0,0,0,5*,0,4,23.5,6.71,21.0,2/10,5,1,2,10,479,0
2024,0,0,0,0.0,0.0,0,0,0,0,0,0,8,32.12,9.88,19.5,28/3,0,0,28,3,480,1
2025,0,0,0,0.0,0.0,0,0,0,0,0,0,1,26.0,6.5,24.0,26/1,0,0,26,1,480,1
2008,3,2,11,11.0,122.22,1,0,0,0,10*,0,2,49.5,9.0,33.0,1/30,10,1,1,30,481,0
2022,7,1,8,8.0,160.0,0,1,0,0,8,1,11,21.54,9.17,14.09,23/3,8,0,23,3,482,0
2022,6,6,51,17.0,115.9,1,5,0,0,25*,2,6,29.66,11.86,15.0,30/4,25,1,30,4,483,0
2019,0,0,0,0.0,0.0,0,0,0,0,0,0,5,15.8,7.9,12.0,2/6,0,0,2,6,484,1
2010,5,5,115,57.5,121.05,7,5,1,0,58*,0,0,0.0,0.0,0.0,,58,1,0,0,485,0
2011,3,2,26,13.0,173.33,1,2,0,0,23,0,0,0.0,0.0,0.0,,23,0,0,0,485,0
2012,13,13,340,37.77,132.81,24,16,3,0,76,0,0,0.0,0.0,0.0,,76,0,0,0,485,0
2013,2,2,25,12.5,108.69,2,0,0,0,24,0,0,0.0,0.0,0.0,,24,0,0,0,485,0
2011,0,0,0,0.0,0.0,0,0,0,0,0,0,4,34.25,8.74,23.5,2/20,0,0,2,20,486,1
2008,2,1,1,0.0,50.0,0,0,0,0,1*,0,1,42.0,8.4,30.0,1/18,1,1,1,18,487,0
2008,9,2,1,0.0,100.0,0,0,0,0,1*,0,4,49.75,7.85,38.0,1/17,1,1,1,17,488,0
2008,0,0,0,0.0,0.0,0,0,0,0,0,0,7,33.71,10.72,18.85,2/29,0,0,2,29,489,1
2008,5,2,5,0.0,62.5,0,0,0,0,4*,0,0,0.0,0.0,0.0,,4,1,0,0,490,0
2009,3,2,1,1.0,50.0,0,0,0,0,1*,0,2,32.5,9.28,21.0,2/18,1,1,2,18,490,0
2010,2,1,1,1.0,50.0,0,0,0,0,1,0,2,40.5,10.12,24.0,2/18,1,0,2,18,490,0
2012,0,0,0,0.0,0.0,0,0,0,0,0,0,7,24.28,8.09,18.0,2/18,0,0,2,18,490,1
2010,9,8,107,13.37,100.94,4,5,0,0,41,0,0,0.0,0.0,0.0,,41,0,0,0,491,0
2012,3,3,15,7.5,62.5,0,0,0,0,6,0,0,0.0,0.0,0.0,,6,0,0,0,491,0
2013,1,1,5,5.0,62.5,0,0,0,0,5,0,0,0.0,0.0,0.0,,5,0,0,0,491,0
2008,13,13,302,27.45,101.68,42,3,2,0,54,0,0,0.0,0.0,0.0,,54,0,0,0,492,0
2009,9,9,142,15.77,112.69,19,2,0,0,36,0,0,0.0,0.0,0.0,,36,0,0,0,492,0
2010,4,4,72,18.0,91.13,6,2,1,0,57,0,0,0.0,0.0,0.0,,57,0,0,0,492,0
2011,14,13,202,20.2,110.38,25,2,0,0,37*,0,0,0.0,0.0,0.0,,37,1,0,0,492,0
2012,14,13,194,17.63,117.57,19,4,0,0,45,0,0,0.0,0.0,0.0,,45,0,0,0,492,0
2013,13,13,294,22.61,115.29,37,4,1,0,61,0,0,0.0,0.0,0.0,,61,0,0,0,492,0
2014,12,12,205,20.5,110.81,30,1,1,0,57*,0,0,0.0,0.0,0.0,,57,1,0,0,492,0
2015,14,14,339,26.07,137.8,47,5,2,0,59,0,0,0.0,0.0,0.0,,59,0,0,0,492,0
2016,10,10,177,17.7,116.44,23,4,1,0,81,0,0,0.0,0.0,0.0,,81,0,0,0,492,0
2017,16,16,395,24.68,134.81,49,8,2,0,70,0,0,0.0,0.0,0.0,,70,0,0,0,492,0
2018,6,6,153,30.6,140.36,20,4,1,0,53,0,0,0.0,0.0,0.0,,53,0,0,0,492,0
2019,14,14,373,26.64,139.17,48,10,2,0,67,0,0,0.0,0.0,0.0,,67,0,0,0,492,0
2013,2,2,5,5.0,55.55,0,0,0,0,4*,0,1,28.0,5.6,30.0,1/20,4,1,1,20,493,0
2014,0,0,0,0.0,0.0,0,0,0,0,0,0,1,83.0,9.22,54.0,1/20,0,0,1,20,493,1
2015,2,1,2,0.0,100.0,0,0,0,0,2*,0,1,31.0,6.2,30.0,1/20,2,1,1,20,493,0
2016,4,1,10,10.0,111.11,1,0,0,0,10,0,1,129.0,9.21,84.0,1/20,10,0,1,20,493,0
2012,12,2,4,0.0,80.0,0,0,0,0,4*,0,17,21.88,7.91,16.58,4/34,4,1,4,34,494,0
2013,0,0,0,0.0,0.0,0,0,0,0,0,0,15,27.46,7.62,21.6,4/34,0,0,4,34,494,1
2014,0,0,0,0.0,0.0,0,0,0,0,0,0,7,35.0,10.42,20.14,4/34,0,0,4,34,494,1
2014,0,0,0,0.0,0.0,0,0,0,0,0,0,1,29.0,7.25,24.0,4/34,0,0,4,34,495,1
2015,3,1,0,0.0,0.0,0,0,0,0,0*,0,1,97.0,9.7,60.0,4/34,0,1,4,34,495,0
2017,12,9,77,15.4,145.28,5,4,0,0,24,0,15,24.86,8.07,18.46,4/34,24,0,4,34,495,0
2020,14,11,146,20.85,128.07,9,8,1,0,53*,0,12,34.08,7.86,26.0,4/34,53,1,4,34,495,0
2021,7,5,93,31.0,166.07,5,8,1,0,66*,0,9,26.33,8.83,17.88,4/34,66,1,4,34,495,0
2022,5,5,63,15.75,262.5,5,6,1,0,56*,1,7,30.28,10.68,17.0,22/3,56,1,22,3,495,0
2024,16,10,136,22.67,143.15,9,8,0,0,35*,7,18,31.44,9.27,20.33,43/3,35,1,43,3,495,0
2025,14,9,97,24.25,167.24,6,7,0,0,22*,5,16,28.12,9.06,18.62,19/3,22,1,19,3,495,0
2026,8,3,30,10.0,157.89,1,3,0,0,19,2,8,38.37,9.59,24.0,28/3,19,0,28,3,495,0
2026,10,10,278,27.8,158.85,33,12,2,0,62,2,0,0.0,0.0,0.0,,62,0,0,0,496,0
2010,8,7,203,40.6,130.12,9,13,3,0,75*,0,5,20.2,6.8,17.8,2/19,75,1,2,19,497,0
2009,2,2,6,3.0,50.0,1,0,0,0,5,0,0,0.0,0.0,0.0,,5,0,0,0,498,0
2011,14,14,463,35.61,136.98,56,20,2,1,120*,0,7,27.0,7.82,20.71,4/29,120,1,4,29,498,0
2012,6,6,30,5.0,58.82,4,0,0,0,13,0,0,0.0,0.0,0.0,,13,0,0,0,498,0
2013,1,1,6,6.0,35.29,0,0,0,0,6,0,0,0.0,0.0,0.0,,6,0,0,0,498,0
2012,8,4,36,18.0,124.13,4,1,0,0,14,0,7,21.71,6.9,18.85,4/18,14,0,4,18,499,0
2015,10,9,116,14.5,158.9,10,5,0,0,36,0,6,42.0,8.4,30.0,4/18,36,0,4,18,499,0
2016,8,6,57,28.5,96.61,2,3,0,0,19*,0,1,84.0,9.33,54.0,4/18,19,1,4,18,499,0
2017,12,10,144,18.0,129.72,10,7,0,0,35,0,16,12.31,6.12,12.06,4/18,35,0,4,18,499,0
2018,2,2,3,1.5,60.0,0,0,0,0,3,0,1,49.0,12.25,24.0,4/18,3,0,4,18,499,0
2019,7,4,9,2.25,75.0,1,0,0,0,5,0,3,34.0,9.13,22.33,4/18,5,0,4,18,499,0
2013,0,0,0,0.0,0.0,0,0,0,0,0,0,1,21.0,7.0,18.0,1/21,0,0,1,21,500,1
2014,0,0,0,0.0,0.0,0,0,0,0,0,0,1,35.0,11.66,18.0,1/21,0,0,1,21,500,1
2016,2,1,6,6.0,50.0,0,0,0,0,6,0,0,0.0,0.0,0.0,,6,0,0,0,501,0
2023,9,9,218,27.25,163.9,24,10,2,0,87,5,0,0.0,0.0,0.0,,87,0,0,0,502,0
2024,12,12,435,39.55,182.0,50,24,4,0,89*,12,0,0.0,0.0,0.0,,89,1,0,0,502,0
2025,13,13,403,33.58,175.98,48,22,4,0,65,9,0,0.0,0.0,0.0,,65,0,0,0,502,0
2026,6,6,202,33.67,168.33,16,11,2,0,78,6,0,0.0,0.0,0.0,,78,0,0,0,502,0
2008,5,4,34,8.5,97.14,4,0,0,0,19,0,0,0.0,0.0,0.0,,19,0,0,0,503,0
2009,9,5,53,17.66,103.92,4,2,0,0,29,0,0,0.0,0.0,0.0,,29,0,0,0,503,0
2011,2,1,5,5.0,100.0,1,0,0,0,5,0,0,0.0,0.0,0.0,,5,0,0,0,503,0
2008,15,7,90,22.5,152.54,10,3,0,0,24*,0,17,22.88,8.3,16.52,4/17,24,1,4,17,504,0
2009,14,10,31,6.2,86.11,3,0,0,0,8*,0,12,25.66,6.86,22.41,4/17,8,1,4,17,504,0
2010,14,6,62,12.4,103.33,7,0,0,0,22,0,12,30.58,7.48,24.5,4/17,22,0,4,17,504,0
2011,12,6,48,16.0,87.27,2,2,0,0,15,0,16,21.0,8.12,15.5,4/17,15,0,4,17,504,0
2012,16,12,106,13.25,120.45,9,4,0,0,21*,0,16,26.18,7.35,21.37,4/17,21,1,4,17,504,0
2013,16,11,64,10.66,112.28,5,3,0,0,23,0,11,38.0,7.16,31.81,4/17,23,0,4,17,504,0
2014,11,5,31,10.33,163.15,4,1,0,0,17*,0,14,21.64,7.67,16.92,4/17,17,1,4,17,504,0
2015,13,8,54,13.5,114.89,5,2,0,0,22,0,11,24.45,7.68,19.09,4/17,22,0,4,17,504,0
2016,12,3,27,9.0,103.84,4,0,0,0,11,0,11,24.81,7.72,19.27,4/17,11,0,4,17,504,0
2017,6,1,2,2.0,33.33,0,0,0,0,2,0,6,29.83,8.95,20.0,4/17,2,0,4,17,504,0
2018,15,7,27,6.75,79.41,1,1,0,0,12,0,14,29.42,8.4,21.0,4/17,12,0,4,17,504,0
2019,13,5,42,14.0,113.51,4,2,0,0,14*,0,10,39.9,8.96,26.7,4/17,14,1,4,17,504,0
2020,0,0,0,0.0,0.0,0,0,0,0,0,0,6,31.83,9.09,21.0,4/17,0,0,4,17,504,1
2021,1,1,0,0.0,0.0,0,0,0,0,0*,0,1,38.0,9.5,24.0,4/17,0,1,4,17,504,0
2023,16,4,25,12.5,113.63,1,1,0,0,18,1,22,22.5,8.11,16.63,22/3,18,0,22,3,504,0
2024,11,6,15,3.75,100.0,1,1,0,0,10,1,13,24.0,8.91,16.15,29/3,10,0,29,3,504,0
2019,1,1,16,16.0,94.11,1,1,0,0,16,0,0,0.0,0.0,0.0,,16,0,0,0,505,0
2020,2,2,15,7.5,100.0,2,0,0,0,11,0,0,0.0,0.0,0.0,,11,0,0,0,505,0
2021,2,2,19,9.5,82.6,1,1,0,0,12,0,0,0.0,0.0,0.0,,12,0,0,0,505,0
2024,14,14,334,23.86,156.8,34,20,2,0,71,1,0,0.0,0.0,0.0,,71,0,0,0,505,0
2025,17,17,549,32.29,160.52,56,30,4,0,91,2,0,0.0,0.0,0.0,,91,0,0,0,505,0
2026,14,13,510,42.5,168.87,55,23,6,0,80*,7,0,0.0,0.0,0.0,,80,1,0,0,505,0
2016,5,2,19,19.0,146.15,1,1,0,0,18*,0,3,48.66,8.34,35.0,2/18,18,1,2,18,506,0
2008,7,2,2,1.0,40.0,0,0,0,0,2,0,5,43.0,8.95,28.8,3/18,2,0,3,18,507,0
2010,8,2,10,10.0,71.42,0,0,0,0,6*,0,9,28.66,8.32,20.66,3/18,6,1,3,18,507,0
2012,0,0,0,0.0,0.0,0,0,0,0,0,0,1,42.0,10.5,24.0,3/18,0,0,3,18,507,1
2013,2,1,4,0.0,200.0,1,0,0,0,4*,0,0,0.0,0.0,0.0,,4,1,0,0,507,0
2017,5,3,2,1.0,50.0,0,0,0,0,1*,0,5,36.2,10.05,21.6,3/18,1,1,3,18,507,0
2018,1,1,0,0.0,0.0,0,0,0,0,0*,0,0,0.0,0.0,0.0,,0,1,0,0,507,0
2022,3,1,2,2.0,40.0,0,0,0,0,2,1,3,21.66,7.22,18.0,19/2,2,0,19,2,507,0
2026,7,2,3,3.0,33.33,0,0,0,0,3,2,14,21.78,11.73,11.14,34/4,3,0,34,4,508,0
2008,13,4,2,1.0,50.0,0,0,0,0,1*,0,11,25.81,7.67,20.18,3/11,1,1,3,11,509,0
2009,15,4,1,0.33,14.28,0,0,0,0,1,0,18,19.33,6.5,17.83,3/11,1,0,3,11,509,0
2010,16,6,3,1.0,37.5,0,0,0,0,2,0,21,20.42,7.29,16.8,3/11,2,0,3,11,509,0
2011,0,0,0,0.0,0.0,0,0,0,0,0,0,10,26.7,7.24,22.1,3/11,0,0,3,11,509,1
2012,9,3,5,2.5,35.71,0,0,0,0,4,0,9,24.44,7.33,20.0,3/11,4,0,3,11,509,0
2013,16,3,2,2.0,50.0,0,0,0,0,1*,0,16,23.81,7.28,19.62,3/11,1,1,3,11,509,0
2018,1,1,8,8.0,133.33,2,0,0,0,8,0,0,0.0,0.0,0.0,,8,0,0,0,510,0
2022,0,0,0,0.0,0.0,0,0,0,0,0,0,2,19.0,6.33,18.0,20/2,0,0,20,2,511,1
2026,6,5,90,45.0,134.32,10,3,0,0,43,0,0,0.0,0.0,0.0,,43,0,0,0,512,0
2018,7,2,1,0.0,20.0,0,0,0,0,1*,0,10,26.0,9.28,16.8,4/30,1,1,4,30,513,0
2019,11,1,0,0.0,0.0,0,0,0,0,0*,0,4,94.25,9.34,60.5,4/30,0,1,4,30,513,0
2020,6,2,2,0.0,50.0,0,0,0,0,2*,0,4,41.0,9.37,26.25,4/30,2,1,4,30,513,0
2021,10,2,0,0.0,0.0,0,0,0,0,0*,0,12,29.25,9.11,19.25,4/30,0,1,4,30,513,0
2022,17,3,6,6.0,50.0,0,0,0,0,4*,2,19,29.0,8.28,21.0,22/3,4,1,22,3,513,0
2025,0,0,0,0.0,0.0,0,0,0,0,0,0,25,19.52,8.27,14.16,41/4,0,0,41,4,513,1
2026,12,1,6,0.0,85.71,1,0,0,0,6*,5,16,25.43,10.43,14.62,28/4,6,1,28,4,513,0
2023,1,1,16,16.0,80.0,2,0,0,0,16,0,1,19.0,6.33,18.0,19/1,16,0,19,1,514,0
2008,13,12,112,11.2,114.28,10,6,0,0,34,0,11,33.27,8.19,24.36,3/18,34,0,3,18,515,0
2009,13,8,65,13.0,141.3,1,6,0,0,14*,0,13,30.3,7.93,22.92,3/18,14,1,3,18,515,0
2010,12,4,4,2.0,50.0,0,0,0,0,3*,0,10,38.0,8.44,27.0,3/18,3,1,3,18,515,0
2011,13,7,27,9.0,87.09,2,1,0,0,15*,0,10,34.5,7.5,27.6,3/18,15,1,3,18,515,0
2012,16,7,35,11.66,116.66,2,1,0,0,10,0,9,48.22,6.88,42.0,3/18,10,0,3,18,515,0
2013,15,7,47,7.83,120.51,3,3,0,0,24,0,12,31.08,6.62,28.16,3/18,24,0,3,18,515,0
2014,3,1,1,1.0,50.0,0,0,0,0,1,0,3,26.0,6.5,24.0,3/18,1,0,3,18,515,0
2015,12,4,17,5.66,68.0,1,0,0,0,12,0,7,47.0,9.13,30.85,3/18,12,0,3,18,515,0
2016,16,7,28,7.0,103.7,4,0,0,0,15,0,9,44.55,7.78,34.33,3/18,15,0,3,18,515,0
2017,6,2,8,8.0,88.88,0,0,0,0,7*,0,6,25.16,9.15,16.5,3/18,7,1,3,18,515,0
2020,3,1,7,0.0,53.84,0,0,0,0,7*,0,0,0.0,0.0,0.0,,7,1,0,0,516,0
2025,0,0,0,0.0,0.0,0,0,0,0,0,0,1,20.0,10.0,12.0,20/1,0,0,20,1,516,1
2013,3,1,3,0.0,50.0,0,0,0,0,3*,0,1,88.0,8.0,66.0,4/20,3,1,4,20,517,0
2014,13,2,5,2.5,55.55,0,0,0,0,3,0,15,23.73,7.26,19.6,4/20,3,0,4,20,517,0
2015,10,2,3,0.0,60.0,0,0,0,0,2*,0,7,38.0,7.82,29.14,4/20,2,1,4,20,517,0
2016,7,1,7,0.0,36.84,1,0,0,0,7*,0,5,28.6,8.93,19.2,4/20,7,1,4,20,517,0
2019,1,1,19,19.0,79.16,2,0,0,0,19,0,0,0.0,0.0,0.0,,19,0,0,0,518,0
2022,1,1,4,0.0,400.0,1,0,0,0,4*,1,0,0.0,0.0,0.0,,4,1,0,0,519,1
2023,5,5,93,31.0,129.16,12,2,1,0,64*,5,0,0.0,0.0,0.0,,64,1,0,0,519,0
2025,6,2,5,0.0,50.0,0,0,0,0,4*,2,3,75.0,9.85,45.66,29/1,4,1,29,1,520,0
2026,0,0,0,0.0,0.0,0,0,0,0,0,0,16,28.68,8.82,19.5,32/3,0,0,32,3,520,1
2019,2,1,0,0.0,0.0,0,0,0,0,0*,0,1,57.0,11.4,30.0,1/29,0,1,1,29,521,0
2018,9,9,245,27.22,153.12,27,10,2,0,65,0,0,0.0,0.0,0.0,,65,0,0,0,522,0
2019,16,16,353,22.06,133.71,45,9,2,0,99,0,0,0.0,0.0,0.0,,99,0,0,0,522,0
2020,13,13,228,17.53,136.52,27,8,2,0,66,0,0,0.0,0.0,0.0,,66,0,0,0,522,0
2021,15,15,479,31.93,159.13,56,18,4,0,82,0,0,0.0,0.0,0.0,,82,0,0,0,522,0
2022,10,10,283,28.3,152.97,37,10,2,0,61,4,0,0.0,0.0,0.0,,61,0,0,0,522,0
2023,8,8,106,13.25,124.7,16,1,1,0,54,1,0,0.0,0.0,0.0,,54,0,0,0,522,0
2024,8,8,198,24.75,163.63,30,5,1,0,66,2,0,0.0,0.0,0.0,,66,0,0,0,522,0
2020,14,10,133,14.77,119.81,9,4,1,0,51*,0,0,0.0,0.0,0.0,,51,1,0,0,523,0
2021,5,5,72,14.4,97.29,2,3,0,0,29,0,0,0.0,0.0,0.0,,29,0,0,0,523,0
2022,2,2,46,23.0,139.39,4,2,0,0,42,3,0,0.0,0.0,0.0,,42,0,0,0,523,0
2023,2,2,22,11.0,95.65,1,0,0,0,12,0,0,0.0,0.0,0.0,,12,0,0,0,523,0
2025,17,17,475,27.94,179.24,55,25,2,1,103,8,0,0.0,0.0,0.0,,103,0,0,0,524,0
2026,13,13,364,28.0,211.62,27,32,3,0,93,2,0,0.0,0.0,0.0,,93,0,0,0,524,0
2022,15,15,508,36.29,148.97,47,23,3,1,140*,12,0,0.0,0.0,0.0,,140,1,0,0,525,0
2023,4,4,143,35.75,140.19,10,8,1,0,70,2,0,0.0,0.0,0.0,,70,0,0,0,525,0
2024,11,11,250,22.73,134.4,29,9,3,0,81,3,0,0.0,0.0,0.0,,81,0,0,0,525,0
2025,8,8,152,21.71,129.91,9,11,1,0,97*,3,0,0.0,0.0,0.0,,97,1,0,0,525,0
2026,3,3,132,66.0,162.96,9,9,0,1,112*,2,0,0.0,0.0,0.0,,112,1,0,0,525,0
2013,3,3,6,2.0,40.0,1,0,0,0,4,0,0,0.0,0.0,0.0,,4,0,0,0,526,0
2014,7,7,153,21.85,117.69,19,4,0,0,48,0,0,0.0,0.0,0.0,,48,0,0,0,526,0
2015,3,3,122,40.66,158.44,18,4,2,0,69,0,0,0.0,0.0,0.0,,69,0,0,0,526,0
2016,13,13,445,37.08,136.08,52,13,3,1,108,0,0,0.0,0.0,0.0,,108,0,0,0,526,0
2018,8,8,201,25.12,124.07,20,8,1,0,53,0,0,0.0,0.0,0.0,,53,0,0,0,526,0
2019,16,16,529,35.26,132.91,45,25,4,0,81,0,0,0.0,0.0,0.0,,81,0,0,0,526,0
2020,16,16,503,35.92,140.5,46,22,4,0,78*,0,0,0.0,0.0,0.0,,78,1,0,0,526,0
2021,11,11,297,29.7,116.01,29,7,2,0,70*,0,0,0.0,0.0,0.0,,70,1,0,0,526,0
2008,14,9,27,6.75,112.5,2,1,0,0,10,0,15,29.46,8.61,20.53,4/22,10,0,4,22,527,0
2009,16,6,8,2.0,47.05,0,0,0,0,4,0,23,18.13,6.98,15.56,4/22,4,0,4,22,527,0
2010,12,5,9,4.5,47.36,0,0,0,0,4*,0,13,28.46,8.8,19.38,4/22,4,1,4,22,527,0
2011,14,5,2,0.66,50.0,0,0,0,0,1*,0,13,26.53,6.9,23.07,4/22,1,1,4,22,527,0
2012,11,5,6,3.0,50.0,0,0,0,0,3,0,10,31.8,7.75,24.6,4/22,3,0,4,22,527,0
2013,0,0,0,0.0,0.0,0,0,0,0,0,0,13,25.76,8.41,18.38,4/22,0,0,4,22,527,1
2016,0,0,0,0.0,0.0,0,0,0,0,0,0,3,37.0,9.25,24.0,4/22,0,0,4,22,527,1
2024,10,10,222,22.2,160.86,22,12,1,0,61,8,0,0.0,0.0,0.0,,61,0,0,0,528,0
2025,8,8,191,27.29,128.18,18,4,1,0,65*,2,0,0.0,0.0,0.0,,65,1,0,0,528,0
2026,0,0,0,0.0,0.0,0,0,0,0,0,0,1,130.0,8.66,90.0,36/1,0,0,36,1,529,1
2023,11,11,227,20.64,133.52,17,15,2,0,81,10,0,0.0,0.0,0.0,,81,0,0,0,530,0
2024,3,2,62,31.0,134.78,7,4,0,0,39,5,0,0.0,0.0,0.0,,39,0,0,0,530,0
2025,5,5,74,18.5,139.62,10,3,0,0,35,2,0,0.0,0.0,0.0,,35,0,0,0,530,0
2017,3,1,3,0.0,150.0,0,0,0,0,3*,0,2,29.0,8.28,21.0,4/27,3,1,4,27,531,0
2019,13,4,12,6.0,109.09,2,0,0,0,10,0,13,23.69,6.55,21.69,4/27,10,0,4,27,531,0
2020,15,1,2,0.0,50.0,0,0,0,0,2*,0,15,28.86,8.16,21.2,4/27,2,1,4,27,531,0
2021,11,5,14,2.8,93.33,1,0,0,0,8,0,13,24.46,7.39,19.84,4/27,8,0,4,27,531,0
2022,13,8,77,12.83,113.23,7,4,0,0,25*,4,14,25.71,7.71,20.0,25/3,25,1,25,3,531,0
2023,0,0,0,0.0,0.0,0,0,0,0,0,0,8,48.12,7.75,37.25,16/2,0,0,16,2,531,1
2024,9,2,21,21.0,140.0,3,1,0,0,16,2,10,27.9,9.0,18.6,23/3,16,0,23,3,531,0
2008,14,14,371,28.53,124.49,35,11,2,0,75*,0,0,0.0,0.0,0.0,,75,1,0,0,532,0
2009,13,12,271,22.58,115.81,28,3,1,0,66,0,0,0.0,0.0,0.0,,66,0,0,0,532,0
2010,16,11,256,28.44,128.64,34,3,1,0,52,0,0,0.0,0.0,0.0,,52,0,0,0,532,0
2011,12,12,343,31.18,109.23,45,2,1,0,66,0,0,0.0,0.0,0.0,,66,0,0,0,532,0
2012,16,16,462,28.87,112.13,63,4,2,0,58,0,0,0.0,0.0,0.0,,58,0,0,0,532,0
2013,18,17,471,29.43,110.82,64,5,4,0,65,0,0,0.0,0.0,0.0,,65,0,0,0,532,0
2010,6,4,29,9.66,111.53,3,1,0,0,14*,0,5,33.4,8.08,24.8,3/13,14,1,3,13,533,0
2011,14,5,24,8.0,114.28,1,2,0,0,13,0,16,17.06,5.46,18.75,3/13,13,0,3,13,533,0
2012,11,5,2,0.5,18.18,0,0,0,0,2,0,9,33.33,8.1,24.66,3/13,2,0,3,13,533,0
2013,11,6,11,2.75,64.7,1,0,0,0,10*,0,9,31.22,6.85,27.33,3/13,10,1,3,13,533,0
2014,0,0,0,0.0,0.0,0,0,0,0,0,0,1,65.0,10.83,36.0,3/13,0,0,3,13,533,1
2013,0,0,0,0.0,0.0,0,0,0,0,0,0,3,26.33,9.87,16.0,2/28,0,0,2,28,534,1
2014,3,3,18,18.0,85.71,2,0,0,0,14,0,2,49.0,10.88,27.0,2/28,14,0,2,28,534,0
2014,3,1,16,16.0,123.07,0,1,0,0,16,0,2,29.5,6.55,27.0,3/18,16,0,3,18,535,0
2015,0,0,0,0.0,0.0,0,0,0,0,0,0,1,31.0,10.33,18.0,3/18,0,0,3,18,535,1
2017,3,2,19,19.0,172.72,4,0,0,0,15*,0,3,16.33,5.44,18.0,3/18,15,1,3,18,535,0
2018,8,5,50,16.66,116.27,5,1,0,0,24,0,6,28.83,7.86,22.0,3/18,24,0,3,18,535,0
2019,5,4,26,26.0,118.18,2,1,0,0,11*,0,2,21.0,6.63,19.0,3/18,11,1,3,18,535,0
2020,14,11,255,42.5,139.34,13,17,1,0,53,0,10,32.6,7.08,27.6,3/18,53,0,3,18,535,0
2021,14,11,155,15.5,105.44,11,6,0,0,44,0,8,42.5,9.18,27.75,3/18,44,0,3,18,535,0
2022,16,12,217,31.0,147.61,22,9,0,0,43*,5,0,0.0,0.0,0.0,,43,1,0,0,535,0
2023,17,10,87,21.75,152.63,3,7,0,0,20*,8,0,0.0,0.0,0.0,,20,1,0,0,535,0
2024,12,9,188,26.86,145.73,24,5,0,0,36*,6,0,0.0,0.0,0.0,,36,1,0,0,535,0
2025,15,12,99,12.38,167.79,6,7,0,0,24*,4,0,0.0,0.0,0.0,,24,1,0,0,535,0
2026,16,15,190,27.14,143.93,20,8,1,0,68,2,0,0.0,0.0,0.0,,68,0,0,0,535,0
2017,14,14,391,27.92,146.44,43,17,2,0,93,0,0,0.0,0.0,0.0,,93,0,0,0,536,0
2018,12,12,226,25.11,135.32,18,8,1,0,80*,0,0,0.0,0.0,0.0,,80,1,0,0,536,0
2019,8,7,141,23.5,119.49,13,2,1,0,50,0,0,0.0,0.0,0.0,,50,0,0,0,536,0
2020,11,11,230,23.0,127.07,21,10,1,0,81,0,0,0.0,0.0,0.0,,81,0,0,0,536,0
2021,17,16,397,28.35,140.28,41,11,2,0,74*,0,0,0.0,0.0,0.0,,74,1,0,0,536,0
2022,14,14,413,37.55,158.23,40,20,3,0,76,6,0,0.0,0.0,0.0,,76,0,0,0,536,0
2023,13,13,273,22.75,128.16,29,10,1,0,74*,2,0,0.0,0.0,0.0,,74,1,0,0,536,0
2024,6,6,165,27.5,143.47,18,6,1,0,55,2,0,0.0,0.0,0.0,,55,0,0,0,536,0
2025,5,5,55,11.0,96.49,6,1,0,0,23,1,0,0.0,0.0,0.0,,23,0,0,0,536,0
2011,11,8,46,9.2,92.0,4,1,0,0,26*,0,5,24.8,8.26,18.0,2/14,26,1,2,14,537,0
2013,2,1,4,0.0,400.0,1,0,0,0,4*,0,0,0.0,0.0,0.0,,4,1,0,0,537,1
2025,3,1,8,0.0,200.0,0,0,0,0,8*,3,0,0.0,0.0,0.0,,8,1,0,0,538,0
2026,3,1,16,16.0,114.28,1,0,0,0,16,3,2,25.0,12.5,12.0,11/1,16,0,11,1,538,0
2010,12,11,112,16.0,116.66,11,0,0,0,24,0,2,40.5,10.12,24.0,1/11,24,0,1,11,539,0
2011,9,3,25,12.5,73.52,1,0,0,0,18*,0,0,0.0,0.0,0.0,,18,1,0,0,539,0
2013,9,8,109,21.8,141.55,9,5,0,0,27*,0,0,0.0,0.0,0.0,,27,1,0,0,539,0
2016,4,3,24,8.0,100.0,1,1,0,0,10,0,1,59.0,9.83,36.0,1/11,10,0,1,11,539,0
2022,2,2,11,5.5,78.57,1,0,0,0,11,0,0,0.0,0.0,0.0,,11,0,0,0,540,0
2008,9,3,34,17.0,121.42,2,2,0,0,17,0,6,30.5,8.31,22.0,4/15,17,0,4,15,541,0
2010,5,3,24,8.0,141.17,1,2,0,0,21,0,3,44.0,8.25,32.0,4/15,21,0,4,15,541,0
2011,14,6,25,8.33,113.63,3,0,0,0,11,0,8,26.25,6.56,24.0,4/15,11,0,4,15,541,0
2012,17,6,35,11.66,125.0,4,0,0,0,12,0,13,29.92,7.31,24.53,4/15,12,0,4,15,541,0
2013,15,10,99,16.5,123.75,8,3,0,0,26*,0,11,30.18,7.57,23.9,4/15,26,1,4,15,541,0
2014,12,7,67,13.4,126.41,4,3,0,0,23,0,12,23.58,7.44,19.0,4/15,23,0,4,15,541,0
2015,2,1,0,0.0,0.0,0,0,0,0,0*,0,0,0.0,0.0,0.0,,0,1,0,0,541,0
2016,10,6,34,34.0,170.0,1,2,0,0,21,0,6,40.66,7.17,34.0,4/15,21,0,4,15,541,0
2017,3,2,16,16.0,94.11,0,1,0,0,16,0,2,27.5,7.85,21.0,4/15,16,0,4,15,541,0
2021,4,4,71,17.75,114.51,3,3,0,0,31,0,0,0.0,0.0,0.0,,31,0,0,0,542,0
2022,8,7,333,55.5,152.75,27,18,2,1,112*,4,0,0.0,0.0,0.0,,112,1,0,0,542,0
2024,15,13,395,30.38,177.13,21,33,5,0,55,3,0,0.0,0.0,0.0,,55,0,0,0,542,0
2025,15,14,312,24.0,143.77,25,14,2,0,64,2,0,0.0,0.0,0.0,,64,0,0,0,542,0
2026,15,14,501,41.75,192.69,30,42,5,0,93*,10,0,0.0,0.0,0.0,,93,1,0,0,542,0
2009,3,3,19,6.33,111.76,1,2,0,0,18,0,0,0.0,0.0,0.0,,18,0,0,0,543,0
2023,0,0,0,0.0,0.0,0,0,0,0,0,0,3,20.0,10.0,12.0,36/3,0,0,36,3,544,1
2026,0,0,0,0.0,0.0,0,0,0,0,0,0,1,24.0,8.0,18.0,24/1,0,0,24,1,545,1
2022,5,4,45,22.5,112.5,3,1,0,0,14*,0,6,9.0,9.0,6.0,20/3,14,1,20,3,546,0
2024,15,9,125,31.25,201.61,5,12,0,0,35,8,0,0.0,0.0,0.0,,35,0,0,0,546,0
2025,11,7,47,9.4,134.28,1,4,0,0,22,5,0,0.0,0.0,0.0,,22,0,0,0,546,0
2026,8,6,82,16.4,120.58,8,2,0,0,35,5,1,31.0,11.62,16.0,5/1,35,0,5,1,546,0
2008,5,1,28,0.0,133.33,4,1,0,0,28*,0,3,30.33,7.58,24.0,2/11,28,1,2,11,547,0
2009,9,4,23,23.0,104.54,2,0,0,0,10,0,5,26.4,6.28,25.2,2/11,10,0,2,11,547,0
2010,7,2,5,5.0,62.5,0,0,0,0,3,0,3,53.33,6.95,46.0,2/11,3,0,2,11,547,0
2011,5,3,11,11.0,84.61,0,0,0,0,8*,0,2,56.0,9.33,36.0,2/11,8,1,2,11,547,0
2008,4,4,73,18.25,97.33,6,1,0,0,31,0,0,0.0,0.0,0.0,,31,0,0,0,548,0
2017,14,3,11,5.5,122.22,0,1,0,0,6*,0,17,21.05,6.62,19.05,3/19,6,1,3,19,549,0
2018,17,7,59,11.8,190.32,3,6,0,0,34*,0,21,21.8,6.73,19.42,3/19,34,1,3,19,549,0
2019,15,8,34,6.8,147.82,2,2,0,0,17*,0,17,22.17,6.28,21.17,3/19,17,1,3,19,549,0
2020,16,7,35,8.75,116.66,3,2,0,0,14,0,20,17.2,5.37,19.2,3/19,14,0,3,19,549,0
2021,14,10,83,10.37,120.28,9,2,0,0,22,0,18,20.83,6.69,18.66,3/19,22,0,3,19,549,0
2022,16,8,91,22.75,206.81,3,9,0,0,40,7,19,22.15,6.59,20.15,24/4,40,0,24,4,549,0
2023,17,9,130,32.5,216.66,8,13,1,0,79*,9,27,20.44,8.23,14.88,30/4,79,1,30,4,549,0
2024,12,8,102,20.4,143.66,11,3,0,0,31,5,10,36.7,8.4,26.2,38/2,31,0,38,2,549,0
2025,15,8,40,8.0,142.85,2,3,0,0,12,6,9,57.11,9.34,36.66,25/2,12,0,25,2,549,0
2026,17,6,50,12.5,121.95,4,2,0,0,24,4,21,24.57,9.07,16.23,33/4,24,0,33,4,549,0
2025,0,0,0,0.0,0.0,0,0,0,0,0,0,1,70.0,11.66,36.0,35/1,0,0,35,1,550,1
2026,12,2,3,0.0,150.0,0,0,0,0,3*,2,19,21.31,9.45,13.52,24/4,3,1,24,4,550,0
2019,1,1,5,0.0,125.0,0,0,0,0,5*,0,0,0.0,0.0,0.0,,5,1,0,0,551,0
2022,2,1,7,7.0,116.66,1,0,0,0,7,0,0,0.0,0.0,0.0,,7,0,0,0,551,0
2024,8,4,28,7.0,93.33,4,0,0,0,10,1,9,29.88,10.97,16.33,34/3,10,0,34,3,551,0
2022,3,3,22,11.0,91.66,2,0,0,0,12*,0,0,0.0,0.0,0.0,,12,1,0,0,552,0
2020,14,3,7,7.0,58.33,1,0,0,0,6*,0,12,31.33,7.37,25.5,3/24,6,1,3,24,553,0
2021,9,1,1,1.0,25.0,0,0,0,0,1,0,12,18.5,6.34,17.5,3/24,1,0,3,24,553,0
2022,0,0,0,0.0,0.0,0,0,0,0,0,0,13,35.07,8.44,24.92,22/2,0,0,22,2,553,1
2023,15,7,20,6.67,74.07,1,0,0,0,5,8,16,24.43,7.74,18.93,28/3,5,0,28,3,553,0
2024,14,3,4,1.33,66.66,0,0,0,0,2,3,10,38.3,8.77,26.2,25/2,2,0,25,2,553,0
2025,11,3,13,6.5,81.25,0,2,0,0,13,5,9,44.55,10.83,24.66,18/2,13,0,18,2,553,0
2026,0,0,0,0.0,0.0,0,0,0,0,0,0,11,23.36,9.88,14.18,41/4,0,0,41,4,553,1
2009,5,5,138,27.6,115.96,8,7,1,0,84,0,0,0.0,0.0,0.0,,84,0,0,0,554,0
2010,10,9,248,31.0,115.88,25,3,2,0,77,0,5,25.4,9.76,15.6,3/31,77,0,3,31,554,0
2015,9,8,145,29.0,120.83,6,6,0,0,41,0,6,26.66,8.0,20.0,3/31,41,0,3,31,554,0
2013,10,6,38,9.5,102.7,3,1,0,0,23*,0,13,20.07,6.92,17.38,3/31,23,1,3,31,555,0
2014,2,1,13,13.0,100.0,0,1,0,0,13,0,1,37.0,6.16,36.0,3/31,13,0,3,31,555,0
2026,1,1,4,4.0,200.0,1,0,0,0,4,0,0,0.0,0.0,0.0,,4,0,0,0,556,0
2009,2,1,8,8.0,53.33,1,0,0,0,8,0,2,6.5,3.25,12.0,4/34,8,0,4,34,557,0
2010,12,6,30,7.5,75.0,2,0,0,0,11*,0,13,22.53,6.1,22.15,4/34,11,1,4,34,557,0
2011,16,2,2,1.0,33.33,0,0,0,0,2,0,20,19.4,6.15,18.9,4/34,2,0,4,34,557,0
2012,19,5,18,6.0,120.0,2,0,0,0,8,0,14,30.85,6.56,28.21,4/34,8,0,4,34,557,0
2013,18,5,35,8.75,71.42,4,0,0,0,11*,0,15,26.0,6.72,23.2,4/34,11,1,4,34,557,0
2014,16,6,45,15.0,100.0,4,0,0,0,14,0,16,27.31,7.3,22.43,4/34,14,0,4,34,557,0
2015,14,6,52,17.33,162.5,6,1,0,0,23,0,10,22.8,5.84,23.4,4/34,23,0,4,34,557,0
2016,14,6,41,20.5,107.89,3,1,0,0,29,0,10,31.9,7.25,26.4,4/34,29,0,4,34,557,0
2018,14,9,102,12.75,143.66,7,5,0,0,45,0,10,41.0,8.09,30.4,4/34,45,0,4,34,557,0
2019,14,6,42,8.4,150.0,3,3,0,0,17*,0,15,26.66,7.27,22.0,4/34,17,1,4,34,557,0
2020,15,6,37,12.33,108.82,3,1,0,0,14*,0,13,30.07,7.66,23.53,4/34,14,1,4,34,557,0
2021,13,5,44,14.66,104.76,2,1,0,0,20*,0,7,47.28,7.41,38.28,4/34,20,1,4,34,557,0
2022,17,12,191,27.29,141.48,14,9,1,0,50,5,12,41.91,7.5,33.5,17/3,50,0,17,3,557,0
2023,13,10,67,11.17,131.37,5,3,0,0,30,1,14,26.28,7.51,21.0,23/2,30,0,23,2,557,0
2024,15,9,86,14.33,116.21,5,4,0,0,29,4,9,51.88,8.49,36.66,24/3,29,0,24,3,557,0
2025,9,4,33,8.25,110.0,3,1,0,0,13,3,7,40.42,9.12,26.57,41/2,13,0,41,2,557,0
2008,14,9,135,19.28,131.06,11,6,0,0,36*,0,0,0.0,0.0,0.0,,36,1,0,0,558,0
2009,13,13,295,26.81,110.9,21,6,0,0,42,0,6,25.16,6.47,23.33,5/16,42,0,5,16,558,0
2011,14,12,283,31.44,124.12,20,14,0,0,47,0,8,38.12,7.26,31.5,5/16,47,0,5,16,558,0
2012,19,14,191,15.91,126.49,13,9,0,0,48,0,12,22.75,7.8,17.5,5/16,48,0,5,16,558,0
2013,18,14,201,25.12,148.88,17,6,0,0,38*,0,13,24.84,7.48,19.92,5/16,38,1,5,16,558,0
2014,16,10,146,29.2,132.72,9,5,0,0,36*,0,19,23.31,8.15,17.15,5/16,36,1,5,16,558,0
2015,17,12,132,18.85,104.76,7,3,0,0,24,0,11,30.0,7.73,23.27,5/16,24,0,5,16,558,0
2016,15,15,191,21.22,107.3,14,4,0,0,36*,0,8,38.87,7.74,30.12,5/16,36,1,5,16,558,0
2017,12,10,158,39.5,139.82,13,4,0,0,28,0,5,69.8,9.18,45.6,5/16,28,0,5,16,558,0
2018,16,10,89,17.8,120.27,3,4,0,0,27*,0,11,27.54,7.39,22.36,5/16,27,1,5,16,558,0
2019,16,9,106,35.33,120.45,7,4,0,0,31*,0,15,22.86,6.35,21.6,5/16,31,1,5,16,558,0
2020,14,11,232,46.4,171.85,22,11,1,0,50,0,6,53.0,8.75,36.33,5/16,50,0,5,16,558,0
2021,16,12,227,75.66,145.51,19,9,1,0,62*,0,13,26.61,7.06,22.61,5/16,62,1,5,16,558,0
2022,10,10,116,19.33,118.36,6,5,0,0,26*,7,5,49.6,7.51,39.6,39/3,26,1,39,3,558,0
2023,16,12,190,23.75,142.85,11,9,0,0,25*,7,20,21.55,7.56,17.1,20/3,25,1,20,3,558,0
2024,14,11,267,44.5,142.78,22,8,1,0,57*,6,8,46.12,7.85,35.25,18/3,57,1,18,3,558,0
2025,14,14,301,33.44,135.58,25,10,2,0,77*,6,10,32.4,8.56,22.7,17/2,77,1,17,2,558,0
2026,14,11,266,66.5,135.02,24,5,0,0,45*,1,10,27.7,8.39,19.8,8/2,45,1,8,2,558,0
2023,0,0,0,0.0,0.0,0,0,0,0,0,0,1,14.0,7.0,12.0,14/1,0,0,14,1,559,1
2024,4,1,3,0.0,50.0,0,0,0,0,3*,1,4,42.0,11.2,22.5,27/2,3,1,27,2,559,0
2010,3,1,4,0.0,200.0,1,0,0,0,4*,0,0,0.0,0.0,0.0,,4,1,0,0,560,0
2024,2,1,2,0.0,100.0,0,0,0,0,2*,0,1,71.0,9.06,47.0,30/1,2,1,30,1,561,0
2025,0,0,0,0.0,0.0,0,0,0,0,0,0,1,39.0,11.14,21.0,39/1,0,0,39,1,561,1
2012,6,6,83,13.83,113.69,10,4,1,0,50,0,0,0.0,0.0,0.0,,50,0,0,0,562,0
2018,1,1,0,0.0,0.0,0,0,0,0,0*,0,0,0.0,0.0,0.0,,0,1,0,0,563,0
2019,1,1,7,7.0,58.33,0,0,0,0,7,0,0,0.0,0.0,0.0,,7,0,0,0,563,0
2024,2,2,3,1.5,33.33,0,0,0,0,3,0,0,0.0,0.0,0.0,,3,0,0,0,563,0
2008,4,4,39,9.75,73.58,2,1,0,0,20,0,0,0.0,0.0,0.0,,20,0,0,0,564,0
2013,6,5,52,10.4,69.33,3,1,0,0,28,0,0,0.0,0.0,0.0,,28,0,0,0,564,0
2014,3,3,39,13.0,95.12,2,2,0,0,24,0,0,0.0,0.0,0.0,,24,0,0,0,565,0
2015,2,2,14,7.0,140.0,1,1,0,0,14,0,0,0.0,0.0,0.0,,14,0,0,0,565,0
2023,9,9,209,29.86,148.22,17,11,1,0,82*,3,0,0.0,0.0,0.0,,82,1,0,0,565,0
2024,8,8,211,26.38,181.89,25,11,1,0,61,4,0,0.0,0.0,0.0,,61,0,0,0,565,0
2021,0,0,0,0.0,0.0,0,0,0,0,0,0,4,42.25,9.94,25.5,1/29,0,0,1,29,566,1
2022,0,0,0,0.0,0.0,0,0,0,0,0,0,8,29.5,8.42,21.0,24/2,0,0,24,2,566,1
2023,0,0,0,0.0,0.0,0,0,0,0,0,0,7,29.57,10.52,16.85,33/2,0,0,33,2,566,1
2018,4,4,29,7.25,93.54,4,0,0,0,16,0,0,0.0,0.0,0.0,,16,0,0,0,567,0
2019,5,3,37,18.5,108.82,1,2,0,0,30,0,0,0.0,0.0,0.0,,30,0,0,0,567,0
2020,1,1,11,11.0,100.0,1,0,0,0,11,0,0,0.0,0.0,0.0,,11,0,0,0,567,0
2022,7,7,174,34.8,148.71,17,7,0,0,42*,9,0,0.0,0.0,0.0,,42,1,0,0,567,0
2023,14,14,474,59.25,149.52,31,29,4,0,67*,8,0,0.0,0.0,0.0,,67,1,0,0,567,0
2024,15,11,168,18.67,148.67,13,8,0,0,26,7,0,0.0,0.0,0.0,,26,0,0,0,567,0
2025,13,11,206,29.43,153.73,20,10,0,0,38*,9,0,0.0,0.0,0.0,,38,1,0,0,567,0
2026,14,11,295,59.0,148.98,27,11,2,0,83*,10,0,0.0,0.0,0.0,,83,1,0,0,567,0
2021,2,2,25,25.0,92.59,3,0,0,0,18,0,0,0.0,0.0,0.0,,18,0,0,0,568,0
2022,2,1,6,6.0,200.0,0,1,0,0,6,1,0,0.0,0.0,0.0,,6,0,0,0,568,0
2023,5,4,49,16.33,113.95,3,1,0,0,23,1,0,0.0,0.0,0.0,,23,0,0,0,568,0
2016,10,10,198,24.75,130.26,19,6,1,0,69,0,0,0.0,0.0,0.0,,69,0,0,0,569,0
2017,14,14,366,26.14,165.61,28,24,2,0,97,0,0,0.0,0.0,0.0,,97,0,0,0,569,0
2018,14,14,684,52.61,173.6,68,37,5,1,128*,0,0,0.0,0.0,0.0,,128,1,0,0,569,0
2019,16,16,488,37.53,162.66,37,27,3,0,78*,0,0,0.0,0.0,0.0,,78,1,0,0,569,0
2020,14,14,343,31.18,113.95,31,9,1,0,56,0,0,0.0,0.0,0.0,,56,0,0,0,569,0
2021,16,16,419,34.91,128.52,42,10,3,0,58*,0,0,0.0,0.0,0.0,,58,1,0,0,569,0
2022,14,13,340,30.91,151.78,35,16,0,0,44,8,0,0.0,0.0,0.0,,44,0,0,0,569,0
2024,13,13,446,40.55,155.4,36,25,3,0,88*,11,0,0.0,0.0,0.0,,88,1,0,0,569,0
2025,14,13,269,24.45,133.16,23,16,1,1,118*,5,0,0.0,0.0,0.0,,118,1,0,0,569,0
2026,14,13,312,28.36,138.05,30,11,1,0,68*,10,0,0.0,0.0,0.0,,68,1,0,0,569,0
2013,6,4,21,7.0,100.0,3,0,0,0,14,0,2,54.5,7.26,45.0,2/14,14,0,2,14,570,0
2014,13,6,82,41.0,109.33,8,1,0,0,23*,0,13,28.07,7.71,21.84,2/14,23,1,2,14,570,0
2015,5,5,36,18.0,109.09,2,2,0,0,25*,0,1,110.0,9.16,72.0,2/14,25,1,2,14,570,0
2016,2,2,14,0.0,233.33,0,1,0,0,11*,0,2,28.0,8.0,21.0,2/14,11,1,2,14,570,0
2022,6,4,37,18.5,92.5,4,2,0,0,21*,2,6,26.0,8.21,19.0,36/2,21,1,36,2,570,0
2023,6,3,20,10.0,166.66,1,1,0,0,19,3,1,60.0,8.57,42.0,20/1,19,0,20,1,570,0
2019,7,5,160,32.0,126.98,17,5,1,0,50,0,2,60.5,8.64,42.0,1/10,50,0,1,10,571,0
2020,12,8,86,12.28,111.68,6,3,0,0,42*,0,0,0.0,0.0,0.0,,42,1,0,0,571,0
2021,11,10,93,11.62,112.04,6,4,0,0,25,0,1,73.0,11.83,37.0,1/10,25,0,1,10,571,0
2022,17,14,183,16.64,138.63,11,10,1,0,56*,17,1,59.0,14.75,24.0,12/1,56,1,12,1,571,0
2023,7,7,78,13.0,118.18,4,5,0,0,20,1,0,0.0,0.0,0.0,,20,0,0,0,571,0
2024,16,14,573,52.09,149.21,40,33,4,0,84*,7,0,0.0,0.0,0.0,,84,1,0,0,571,0
2025,14,14,393,32.75,166.52,27,27,1,0,95,8,3,56.66,8.5,40.0,12/1,95,0,12,1,571,0
2026,14,14,309,23.77,157.65,24,21,2,0,90,4,2,19.0,9.5,12.0,5/1,90,0,5,1,571,0
2009,7,7,103,14.71,100.98,12,3,1,0,51,0,0,0.0,0.0,0.0,,51,0,0,0,572,0
2025,2,2,6,3.0,40.0,0,0,0,0,3,0,0,0.0,0.0,0.0,,3,0,0,0,573,0
2026,2,2,6,6.0,150.0,1,0,0,0,5,0,0,0.0,0.0,0.0,,5,0,0,0,573,0
2012,5,5,32,10.66,106.66,3,1,0,0,16*,0,3,23.33,8.75,16.0,3/37,16,1,3,37,574,0
2008,14,14,320,35.55,114.69,34,9,0,0,48,0,0,0.0,0.0,0.0,,48,0,0,0,575,0
2009,15,13,175,15.9,102.94,18,3,1,0,66*,0,0,0.0,0.0,0.0,,66,1,0,0,575,0
2010,16,14,374,31.16,171.55,21,27,3,0,68*,0,0,0.0,0.0,0.0,,68,1,0,0,575,0
2011,14,13,264,26.4,126.31,27,10,0,0,45,0,0,0.0,0.0,0.0,,45,0,0,0,575,0
2012,16,16,405,27.0,118.07,38,10,2,0,69,0,0,0.0,0.0,0.0,,69,0,0,0,575,0
2013,16,16,434,27.12,116.98,42,12,2,0,75,0,0,0.0,0.0,0.0,,75,0,0,0,575,0
2014,16,16,660,44.0,137.78,74,18,5,0,83*,0,0,0.0,0.0,0.0,,83,1,0,0,575,0
2015,13,13,364,30.33,131.4,42,7,1,0,80*,0,0,0.0,0.0,0.0,,80,1,0,0,575,0
2016,15,15,394,26.26,136.33,45,8,3,0,72,0,0,0.0,0.0,0.0,,72,0,0,0,575,0
2017,14,13,388,29.84,165.1,36,21,5,0,87,0,0,0.0,0.0,0.0,,87,0,0,0,575,0
2018,16,16,351,21.93,132.45,30,21,1,0,54,0,0,0.0,0.0,0.0,,54,0,0,0,575,0
2019,12,11,282,31.33,115.1,28,10,1,0,67*,0,0,0.0,0.0,0.0,,67,1,0,0,575,0
2020,12,12,196,16.33,119.51,19,7,0,0,41,0,0,0.0,0.0,0.0,,41,0,0,0,575,0
2021,4,4,115,28.75,136.9,8,5,1,0,63,0,0,0.0,0.0,0.0,,63,0,0,0,575,0
2022,12,11,230,20.91,134.5,19,14,2,0,88,5,0,0.0,0.0,0.0,,88,0,0,0,575,0
2009,10,8,122,15.25,124.48,8,8,0,0,35,0,9,27.55,7.29,22.66,3/20,35,0,3,20,576,0
2010,1,1,1,1.0,50.0,0,0,0,0,1,0,2,13.5,6.75,12.0,3/20,1,0,3,20,576,0
2011,4,4,14,0.0,87.5,1,0,0,0,8*,0,5,18.4,6.2,17.8,3/20,8,1,3,20,576,0
2012,0,0,0,0.0,0.0,0,0,0,0,0,0,2,30.0,6.0,30.0,3/20,0,0,3,20,576,1
2013,3,2,22,11.0,88.0,2,0,0,0,14,0,3,23.66,6.45,22.0,3/20,14,0,3,20,576,0
2010,2,1,2,2.0,25.0,0,0,0,0,2,0,0,0.0,0.0,0.0,,2,0,0,0,577,0
2008,6,3,8,0.0,88.88,1,0,0,0,6*,0,5,27.4,8.38,19.6,2/16,6,1,2,16,578,0
2009,4,2,12,12.0,133.33,0,1,0,0,11*,0,1,72.0,10.53,41.0,2/16,11,1,2,16,578,0
2008,13,12,404,36.72,147.98,38,19,4,0,76*,0,1,25.0,6.25,24.0,4/6,76,1,4,6,579,0
2009,16,16,362,27.84,114.92,22,18,1,0,52,0,11,14.63,7.0,12.54,4/6,52,0,4,6,579,0
2010,16,16,404,28.85,133.77,36,14,3,0,73,0,2,76.5,8.05,57.0,4/6,73,0,4,6,579,0
2011,16,14,372,33.81,125.25,32,13,3,0,87,0,0,0.0,0.0,0.0,,87,0,0,0,579,0
2012,17,16,433,30.92,126.6,39,18,3,1,109*,0,0,0.0,0.0,0.0,,109,1,0,0,579,0
2013,19,19,538,38.42,131.54,35,28,4,0,79*,0,0,0.0,0.0,0.0,,79,1,0,0,579,0
2014,15,15,390,30.0,129.13,31,16,3,0,59*,0,1,26.0,8.66,18.0,4/6,59,1,4,6,579,0
2015,16,16,482,34.42,144.74,41,21,3,0,98*,0,0,0.0,0.0,0.0,,98,1,0,0,579,0
2016,14,14,489,44.45,132.88,49,16,5,0,85*,0,0,0.0,0.0,0.0,,85,1,0,0,579,0
2017,17,16,333,23.78,121.97,31,9,3,0,67,0,0,0.0,0.0,0.0,,67,0,0,0,579,0
2018,14,14,286,23.83,133.02,25,12,2,0,94,0,0,0.0,0.0,0.0,,94,0,0,0,579,0
2019,15,15,405,28.92,128.57,52,10,2,0,67,0,0,0.0,0.0,0.0,,67,0,0,0,579,0
2020,12,12,332,27.66,127.69,27,19,3,0,80,0,0,0.0,0.0,0.0,,80,0,0,0,579,0
2021,13,13,381,29.3,127.42,33,14,1,0,63,0,0,0.0,0.0,0.0,,63,0,0,0,579,0
2022,14,14,268,19.14,120.17,28,13,0,0,48,7,0,0.0,0.0,0.0,,48,0,0,0,579,0
2023,16,16,332,20.75,132.8,35,17,2,0,65,1,0,0.0,0.0,0.0,,65,0,0,0,579,0
2024,14,14,417,32.08,150.0,45,23,1,1,105*,3,0,0.0,0.0,0.0,,105,1,0,0,579,0
2025,15,15,418,29.86,149.28,41,22,4,0,81,1,0,0.0,0.0,0.0,,81,0,0,0,579,0
2026,9,9,283,35.38,157.22,21,21,2,0,84,0,0,0.0,0.0,0.0,,84,0,0,0,579,0
2022,3,3,58,29.0,141.46,2,5,0,0,26*,0,3,32.66,10.88,18.0,42/2,26,1,42,2,580,0
2024,6,5,57,28.5,271.42,5,5,0,0,39*,0,1,159.0,13.25,72.0,54/1,39,1,54,1,580,0
2025,8,3,70,35.0,291.66,5,7,1,0,53*,4,6,25.16,10.78,14.0,14/2,53,1,14,2,580,0
2026,15,7,83,20.75,125.75,6,5,0,0,23*,3,7,42.57,11.92,21.42,54/3,23,1,54,3,580,0
2015,2,1,2,0.0,100.0,0,0,0,0,2*,0,1,59.0,10.11,35.0,1/31,2,1,1,31,581,0
2008,4,4,149,37.25,183.95,13,10,1,0,53,0,0,0.0,0.0,0.0,,53,0,0,0,582,0
2009,11,11,280,31.11,134.61,20,15,1,0,81*,0,0,0.0,0.0,0.0,,81,1,0,0,582,0
2010,7,7,88,22.0,117.33,2,6,0,0,31*,0,0,0.0,0.0,0.0,,31,1,0,0,582,0
2011,12,11,181,36.2,119.07,11,7,0,0,47*,0,0,0.0,0.0,0.0,,47,1,0,0,582,0
2012,12,12,197,19.7,115.2,12,7,1,0,55,0,0,0.0,0.0,0.0,,55,0,0,0,582,0
2013,5,5,63,12.6,82.89,2,1,0,0,19,0,0,0.0,0.0,0.0,,19,0,0,0,582,0
2014,4,4,59,19.66,100.0,6,0,0,0,43*,0,0,0.0,0.0,0.0,,43,1,0,0,582,0
2022,14,12,250,25.0,149.7,10,22,1,0,67*,10,0,0.0,0.0,0.0,,67,1,0,0,583,0
2023,3,3,7,2.33,77.77,1,0,0,0,4,0,1,18.0,9.0,12.0,18/1,4,0,18,1,583,0
2024,10,7,103,17.17,151.47,10,6,0,0,27,8,0,0.0,0.0,0.0,,27,0,0,0,583,0
2025,2,1,5,5.0,100.0,1,0,0,0,5,1,0,0.0,0.0,0.0,,5,0,0,0,583,0
2026,11,7,190,38.0,134.75,16,10,0,0,40,6,0,0.0,0.0,0.0,,40,0,0,0,583,0
2022,14,14,368,26.29,126.46,33,14,3,0,99,4,0,0.0,0.0,0.0,,99,0,0,0,584,0
2020,6,6,204,51.0,120.71,16,6,3,0,72,0,0,0.0,0.0,0.0,,72,0,0,0,585,0
2021,16,16,635,45.35,136.26,64,23,4,1,101*,0,0,0.0,0.0,0.0,,101,1,0,0,585,0
2023,16,15,590,42.14,147.5,46,30,4,0,92,17,0,0.0,0.0,0.0,,92,0,0,0,585,0
2024,14,14,583,53.0,141.16,58,18,4,1,108*,5,0,0.0,0.0,0.0,,108,1,0,0,585,0
2025,5,5,122,24.4,150.61,14,4,2,0,63,3,0,0.0,0.0,0.0,,63,0,0,0,585,0
2026,14,14,337,28.08,123.44,29,12,2,0,74*,5,0,0.0,0.0,0.0,,74,1,0,0,585,0
2009,8,5,21,21.0,116.66,0,0,0,0,9*,0,6,38.33,7.41,31.0,4/34,9,1,4,34,586,0
2010,8,5,45,11.25,115.38,2,2,0,0,15,0,14,16.64,7.59,13.14,4/34,15,0,4,34,586,0
2011,13,7,31,6.2,79.48,3,0,0,0,17,0,16,23.87,8.12,17.62,4/34,17,0,4,34,586,0
2012,5,2,18,18.0,163.63,1,1,0,0,15*,0,8,16.25,7.22,13.5,4/34,15,1,4,34,586,0
2013,3,2,2,2.0,40.0,0,0,0,0,2*,0,1,72.0,6.0,72.0,4/34,2,1,4,34,586,0
2010,10,7,66,22.0,95.65,7,0,0,0,40,0,4,67.5,7.94,51.0,2/28,40,0,2,28,587,0
2011,6,4,90,30.0,93.75,7,1,1,0,51*,0,5,35.6,9.88,21.6,2/28,51,1,2,28,587,0
2013,2,2,3,1.5,50.0,0,0,0,0,2,0,3,31.33,13.42,14.0,2/28,2,0,2,28,587,0
2011,2,1,3,3.0,50.0,0,0,0,0,3,0,3,21.66,10.83,12.0,2/31,3,0,2,31,588,0
2025,14,14,388,29.85,150.97,47,17,3,0,62*,11,0,0.0,0.0,0.0,,62,1,0,0,589,0
2026,12,12,448,40.73,186.66,31,38,2,1,123*,9,0,0.0,0.0,0.0,,123,1,0,0,589,0
2011,6,3,107,53.5,146.57,9,5,1,0,70*,0,0,0.0,0.0,0.0,,70,1,0,0,590,0
2012,3,3,21,10.5,100.0,1,1,0,0,11,0,1,24.0,8.0,18.0,1/24,11,0,1,24,590,0
2013,4,4,85,28.33,134.92,9,2,0,0,42,0,0,0.0,0.0,0.0,,42,0,0,0,590,0
2014,10,7,52,13.0,157.57,3,4,0,0,25*,0,1,35.0,7.0,30.0,1/24,25,1,1,24,590,0
2015,6,5,61,20.33,135.55,4,3,0,0,38*,0,0,0.0,0.0,0.0,,38,1,0,0,590,0
2013,4,1,3,3.0,42.85,0,0,0,0,3,0,0,0.0,0.0,0.0,,3,0,0,0,591,0
2016,11,6,119,23.8,150.63,9,5,0,0,33,0,2,4.0,4.8,5.0,2/4,33,0,2,4,591,0
2017,3,3,15,5.0,100.0,2,0,0,0,12,0,0,0.0,0.0,0.0,,12,0,0,0,591,0
2021,1,1,7,7.0,41.17,0,0,0,0,7,0,0,0.0,0.0,0.0,,7,0,0,0,591,0
2011,2,1,18,18.0,112.5,2,0,0,0,18,0,0,0.0,0.0,0.0,,18,0,0,0,592,0
2014,9,7,73,24.33,112.3,7,1,0,0,19*,0,0,0.0,0.0,0.0,,19,1,0,0,592,0
2008,7,7,188,31.33,106.21,26,2,1,0,65,0,0,0.0,0.0,0.0,,65,0,0,0,593,0
2009,13,13,364,33.09,120.13,39,10,2,0,68,0,0,0.0,0.0,0.0,,68,0,0,0,593,0
2010,15,15,618,47.53,132.61,86,3,5,0,89*,0,0,0.0,0.0,0.0,,89,1,0,0,593,0
2011,16,16,553,42.53,113.31,67,5,2,1,100*,0,0,0.0,0.0,0.0,,100,1,0,0,593,0
2012,13,13,324,29.45,114.48,39,4,2,0,74,0,0,0.0,0.0,0.0,,74,0,0,0,593,0
2013,14,14,287,22.07,124.24,38,5,1,0,54,0,0,0.0,0.0,0.0,,54,0,0,0,593,0
2013,8,4,10,10.0,58.82,0,0,0,0,7*,0,9,23.22,6.53,21.33,2/26,7,1,2,26,594,0
2026,4,4,46,11.5,139.39,5,2,0,0,24,1,0,0.0,0.0,0.0,,24,0,0,0,595,0
2022,0,0,0,0.0,0.0,0,0,0,0,0,0,6,20.16,7.56,16.0,7/2,0,0,7,2,596,1
2024,5,2,13,13.0,216.66,0,2,0,0,13,1,7,19.57,9.13,12.85,33/4,13,0,33,4,596,0
2025,15,3,5,1.67,50.0,0,0,0,0,3,4,19,20.68,9.24,13.42,30/3,3,0,30,3,596,0
2026,0,0,0,0.0,0.0,0,0,0,0,0,0,1,46.0,11.5,24.0,38/1,0,0,38,1,596,1
2022,5,5,145,36.25,127.19,14,3,1,0,65*,1,0,0.0,0.0,0.0,,65,1,0,0,597,0
2023,8,8,362,51.71,141.4,33,12,3,0,96,2,0,0.0,0.0,0.0,,96,0,0,0,597,0
2024,12,12,527,47.91,141.28,48,16,2,1,103,0,0,0.0,0.0,0.0,,103,0,0,0,597,0
2025,15,15,759,54.21,156.17,88,21,6,1,108*,7,0,0.0,0.0,0.0,,108,1,0,0,597,0
2026,17,17,722,45.13,157.98,75,30,8,1,100,4,0,0.0,0.0,0.0,,100,0,0,0,597,0
2026,11,1,5,0.0,71.42,1,0,0,0,5*,1,15,26.46,9.45,16.8,24/4,5,1,24,4,598,0
2026,14,11,156,22.29,159.18,11,11,0,0,35,3,0,0.0,0.0,0.0,,35,0,0,0,599,0
2008,7,7,193,27.57,119.87,30,2,1,0,73,0,0,0.0,0.0,0.0,,73,0,0,0,600,0
2016,5,4,88,22.0,137.5,4,4,1,0,54,0,0,0.0,0.0,0.0,,54,0,0,0,601,0
2017,6,6,138,23.0,132.69,19,1,1,0,55,0,0,0.0,0.0,0.0,,55,0,0,0,601,0
2018,10,8,108,13.5,138.46,8,5,1,0,56,0,0,0.0,0.0,0.0,,56,0,0,0,601,0
2019,1,1,0,0.0,0.0,0,0,0,0,0*,0,0,0.0,0.0,0.0,,0,1,0,0,601,0
2022,8,8,169,24.14,122.46,9,10,0,0,36,6,0,0.0,0.0,0.0,,36,0,0,0,601,0
2019,9,8,95,23.75,172.72,13,3,1,0,55*,0,10,32.3,9.78,19.8,4/11,55,1,4,11,602,0
2020,14,11,186,23.25,131.91,12,12,1,0,52,0,13,26.46,8.19,19.38,4/11,52,0,4,11,602,0
2021,9,4,56,18.66,193.1,5,3,0,0,34,0,9,36.44,9.93,22.0,4/11,34,0,4,11,602,0
2023,14,13,276,27.6,135.96,20,13,1,0,55,5,10,48.9,10.22,28.7,31/3,55,0,31,3,602,0
2024,13,12,270,27.0,123.28,24,6,2,0,63*,7,16,26.0,10.14,15.37,28/3,63,1,28,3,602,0
2025,5,5,114,22.8,135.71,11,4,1,0,88,3,1,133.0,11.08,72.0,34/1,88,0,34,1,602,0
2025,5,4,121,40.33,153.16,11,7,1,0,58*,2,0,0.0,0.0,0.0,,58,1,0,0,603,0
2026,11,9,252,36.0,147.36,15,17,2,0,90,3,0,0.0,0.0,0.0,,90,0,0,0,603,0
2024,8,5,51,12.75,118.6,4,2,0,0,21,4,0,0.0,0.0,0.0,,21,0,0,0,604,0
2014,0,0,0,0.0,0.0,0,0,0,0,0,0,2,48.5,6.92,42.0,4/9,0,0,4,9,605,1
2017,7,5,13,2.6,56.52,0,0,0,0,8,0,9,20.88,7.52,16.66,4/9,8,0,4,9,605,0
2008,14,14,518,43.16,167.63,58,31,2,1,114*,0,4,39.75,7.57,31.5,3/14,114,1,3,14,606,0
2009,12,12,221,18.41,115.1,23,7,2,0,52,0,7,23.28,8.57,16.28,3/14,52,0,3,14,606,0
2010,4,4,33,8.25,106.45,4,1,0,0,23,0,2,34.0,7.55,27.0,3/14,23,0,3,14,606,0
2018,0,0,0,0.0,0.0,0,0,0,0,0,0,5,16.4,6.83,14.4,3/36,0,0,3,36,607,1
2019,6,1,0,0.0,0.0,0,0,0,0,0*,0,8,26.25,9.13,17.25,3/36,0,1,3,36,607,0
2013,0,0,0,0.0,0.0,0,0,0,0,0,0,8,14.87,7.43,12.0,4/20,0,0,4,20,608,1
2014,11,1,2,0.0,40.0,0,0,0,0,2*,0,18,19.66,8.81,13.38,4/20,2,1,4,20,608,0
2015,14,3,9,9.0,64.28,1,0,0,0,7,0,13,26.92,7.0,23.07,4/20,7,0,4,20,608,0
2016,14,4,8,0.0,88.88,0,0,0,0,5*,0,15,24.4,7.32,20.0,4/20,5,1,4,20,608,0
2017,13,4,7,0.0,116.66,0,0,0,0,5*,0,17,23.41,8.29,16.94,4/20,5,1,4,20,608,0
2018,12,3,0,0.0,0.0,0,0,0,0,0*,0,12,27.75,7.56,22.0,4/20,0,1,4,20,608,0
2019,11,2,6,0.0,200.0,1,0,0,0,5*,0,12,29.33,8.25,21.33,4/20,5,1,4,20,608,0
2020,13,5,12,6.0,80.0,1,0,0,0,9,0,14,26.71,7.19,22.28,4/20,9,0,4,20,608,0
2021,7,2,8,8.0,114.28,1,0,0,0,8*,0,3,67.66,8.63,47.0,4/20,8,1,4,20,608,0
2022,0,0,0,0.0,0.0,0,0,0,0,0,0,2,76.5,7.65,60.0,18/1,0,0,18,1,608,1
2023,12,2,2,0.0,33.33,0,0,0,0,2*,4,10,39.6,8.6,27.6,25/2,2,1,25,2,608,0
2024,0,0,0,0.0,0.0,0,0,0,0,0,0,13,23.92,8.18,17.53,18/5,0,0,18,5,608,1
2025,10,1,6,0.0,120.0,0,0,0,0,6*,0,9,40.11,9.89,24.33,21/2,6,1,21,2,608,0
2026,0,0,0,0.0,0.0,0,0,0,0,0,0,5,44.8,11.38,23.6,26/2,0,0,26,2,608,1
2019,0,0,0,0.0,0.0,0,0,0,0,0,0,2,42.5,7.08,36.0,2/31,0,0,2,31,609,1
2024,0,0,0,0.0,0.0,0,0,0,0,0,0,6,19.83,10.81,11.0,15/3,0,0,15,3,609,1
2008,11,7,47,7.83,95.91,1,3,0,0,17*,0,4,54.75,8.76,37.5,2/34,17,1,2,34,610,0
2013,11,10,206,25.75,115.73,19,5,1,0,63,0,0,0.0,0.0,0.0,,63,0,0,0,611,0
2014,13,13,339,26.07,124.17,25,17,2,0,74,0,0,0.0,0.0,0.0,,74,0,0,0,611,0
2015,14,11,204,20.4,125.15,16,8,1,0,76,0,0,0.0,0.0,0.0,,76,0,0,0,611,0
2016,14,14,291,26.45,112.35,20,8,1,0,60,0,0,0.0,0.0,0.0,,60,0,0,0,611,0
2017,14,14,386,27.57,141.39,32,19,2,1,102,0,0,0.0,0.0,0.0,,102,0,0,0,611,0
2018,15,15,441,31.5,137.81,30,19,3,0,92*,0,0,0.0,0.0,0.0,,92,1,0,0,611,0
2019,12,12,342,34.2,148.69,28,13,0,1,102*,0,0,0.0,0.0,0.0,,102,1,0,0,611,0
2020,14,14,375,28.84,158.89,21,26,3,0,85,0,0,0.0,0.0,0.0,,85,0,0,0,611,0
2021,14,14,484,40.33,136.72,45,17,2,1,119,0,0,0.0,0.0,0.0,,119,0,0,0,611,0
2022,17,17,458,28.63,146.79,43,26,2,0,55,14,0,0.0,0.0,0.0,,55,0,0,0,611,0
2023,14,14,362,30.17,153.38,25,24,3,0,66*,3,0,0.0,0.0,0.0,,66,1,0,0,611,0
2024,16,15,531,48.27,153.46,48,24,5,0,86,6,0,0.0,0.0,0.0,,86,0,0,0,611,0
2025,9,9,285,35.63,140.39,27,13,1,0,66,4,0,0.0,0.0,0.0,,66,0,0,0,611,0
2026,14,14,477,43.36,165.62,53,24,1,2,115*,4,0,0.0,0.0,0.0,,115,1,0,0,611,0
2023,2,2,11,11.0,122.22,1,1,0,0,7,0,0,0.0,0.0,0.0,,7,0,0,0,612,0
2024,4,3,14,14.0,116.66,1,0,0,0,8*,3,0,0.0,0.0,0.0,,8,1,0,0,612,0
2010,0,0,0,0.0,0.0,0,0,0,0,0,0,4,35.75,9.53,22.5,2/44,0,0,2,44,613,1
2013,0,0,0,0.0,0.0,0,0,0,0,0,0,1,18.0,9.0,12.0,2/44,0,0,2,44,613,1
2015,13,8,111,27.75,156.33,12,2,0,0,45*,0,0,0.0,0.0,0.0,,45,1,0,0,614,0
2016,5,4,66,33.0,212.9,7,4,0,0,35*,0,0,0.0,0.0,0.0,,35,1,0,0,614,0
2018,7,6,51,10.2,124.39,7,1,0,0,22*,0,0,0.0,0.0,0.0,,22,1,0,0,614,0
2019,8,5,180,45.0,125.87,19,4,1,0,67,0,0,0.0,0.0,0.0,,67,0,0,0,614,0
2020,5,3,33,16.5,113.79,5,0,0,0,14*,0,0,0.0,0.0,0.0,,14,1,0,0,614,0
2021,2,2,0,0.0,0.0,0,0,0,0,0*,0,0,0.0,0.0,0.0,,0,1,0,0,614,0
2022,6,5,91,30.33,135.82,9,2,0,0,36*,2,0,0.0,0.0,0.0,,36,1,0,0,614,0
2023,4,4,53,13.25,85.48,4,1,0,0,30,2,0,0.0,0.0,0.0,,30,0,0,0,614,0
2026,8,7,161,23.0,169.47,23,6,1,0,50,6,0,0.0,0.0,0.0,,50,0,0,0,614,0
2026,4,1,4,0.0,200.0,1,0,0,0,4*,0,5,21.2,8.25,15.4,28/2,4,1,28,2,615,0
2008,3,2,26,13.0,130.0,3,1,0,0,17,0,0,0.0,0.0,0.0,,17,0,0,0,616,0
2009,4,3,13,13.0,108.33,0,0,0,0,6*,0,0,0.0,0.0,0.0,,6,1,0,0,616,0
2010,16,15,419,29.92,135.59,29,18,3,0,61,0,0,0.0,0.0,0.0,,61,0,0,0,616,0
2011,16,13,187,23.37,99.46,13,5,0,0,42*,0,0,0.0,0.0,0.0,,42,1,0,0,616,0
2012,15,11,191,23.87,112.35,9,8,0,0,36*,0,0,0.0,0.0,0.0,,36,1,0,0,616,0
2013,9,6,109,27.25,102.83,4,4,1,0,52,0,0,0.0,0.0,0.0,,52,0,0,0,616,0
2015,7,6,109,0.0,139.74,9,5,0,0,28*,0,0,0.0,0.0,0.0,,28,1,0,0,616,0
2016,10,7,170,24.28,120.56,17,4,2,0,57,0,0,0.0,0.0,0.0,,57,0,0,0,616,0
2017,1,1,52,52.0,120.93,9,0,1,0,52,0,0,0.0,0.0,0.0,,52,0,0,0,616,0
2020,7,5,103,20.6,128.75,8,3,0,0,42,0,0,0.0,0.0,0.0,,42,0,0,0,616,0
2021,5,4,115,57.5,118.55,10,2,1,0,50*,0,0,0.0,0.0,0.0,,50,1,0,0,616,0
2024,3,3,18,6.0,120.0,1,1,0,0,9,0,0,0.0,0.0,0.0,,9,0,0,0,617,0
2016,0,0,0,0.0,0.0,0,0,0,0,0,0,2,27.0,7.71,21.0,2/31,0,0,2,31,618,1
2019,0,0,0,0.0,0.0,0,0,0,0,0,0,2,35.5,8.87,24.0,2/37,0,0,2,37,619,1
2008,8,8,112,18.66,91.05,9,2,0,0,36*,0,3,66.33,7.37,54.0,3/32,36,1,3,32,620,0
2009,2,1,14,14.0,175.0,0,1,0,0,14,0,5,12.8,8.0,9.6,3/32,14,0,3,32,620,0
2011,2,1,5,0.0,250.0,1,0,0,0,5*,0,0,0.0,0.0,0.0,,5,1,0,0,620,0
2015,2,2,15,7.5,115.38,1,1,0,0,14,0,0,0.0,0.0,0.0,,14,0,0,0,621,0
2022,1,1,7,7.0,140.0,0,1,0,0,7,0,1,47.0,11.75,24.0,47/1,7,0,47,1,621,0
2025,1,1,22,22.0,137.5,0,2,0,0,22,0,0,0.0,0.0,0.0,,22,0,0,0,622,0
2009,9,2,20,20.0,133.33,3,0,0,0,13,0,13,16.69,7.48,13.38,4/22,13,0,4,22,623,0
2010,0,0,0,0.0,0.0,0,0,0,0,0,0,13,22.38,7.65,17.53,4/22,0,0,4,22,623,1
2011,0,0,0,0.0,0.0,0,0,0,0,0,0,10,33.6,7.6,26.5,4/22,0,0,4,22,623,1
2012,15,2,7,0.0,58.33,0,0,0,0,6*,0,9,37.22,8.17,27.33,4/22,6,1,4,22,623,0
2016,6,1,1,0.0,50.0,0,0,0,0,1*,0,2,89.0,8.9,60.0,4/22,1,1,4,22,623,0
2026,5,2,58,0.0,141.46,4,3,0,0,43*,0,5,26.0,11.64,13.4,30/2,43,1,30,2,624,0
2020,2,1,1,0.0,100.0,0,0,0,0,1*,0,2,22.0,7.33,18.0,3/7,1,1,3,7,625,0
2021,11,7,59,8.42,111.32,4,2,0,0,14,0,7,13.14,6.57,12.0,3/7,14,0,3,7,625,0
2022,16,11,219,27.38,120.99,14,9,0,0,45,8,4,84.0,9.6,52.5,26/2,45,0,26,2,625,0
2023,10,6,42,10.5,107.69,3,1,0,0,20*,5,1,95.0,13.57,42.0,38/1,20,1,38,1,625,0
2024,16,12,215,23.89,129.51,7,13,1,0,59*,3,7,38.57,9.81,23.57,23/3,59,1,23,3,625,0
2025,3,1,9,9.0,112.5,1,0,0,0,9,0,1,102.0,12.0,51.0,41/1,9,0,41,1,625,0
2011,0,0,0,0.0,0.0,0,0,0,0,0,0,4,35.5,7.47,28.5,3/16,0,0,3,16,626,1
2012,0,0,0,0.0,0.0,0,0,0,0,0,0,8,39.75,7.06,33.75,3/16,0,0,3,16,626,1
2013,12,6,14,2.8,51.85,1,0,0,0,6,0,9,28.77,5.88,29.33,3/16,6,0,3,16,626,0
2014,11,3,7,3.5,36.84,0,0,0,0,3*,0,8,38.87,8.18,28.5,3/16,3,1,3,16,626,0
2015,4,1,2,2.0,28.57,0,0,0,0,2,0,0,0.0,0.0,0.0,,2,0,0,0,626,0
2016,4,1,1,0.0,20.0,0,0,0,0,1*,0,2,63.5,8.46,45.0,3/16,1,1,3,16,626,0
2017,7,4,2,0.66,22.22,0,0,0,0,2,0,6,19.83,6.67,17.83,3/16,2,0,3,16,626,0
2018,6,1,6,0.0,75.0,0,0,0,0,6*,0,3,53.66,10.73,30.0,3/16,6,1,3,16,626,0
2019,0,0,0,0.0,0.0,0,0,0,0,0,0,2,45.0,10.0,27.0,3/16,0,0,3,16,626,1
2020,7,2,7,7.0,87.5,1,0,0,0,5,0,5,35.6,8.09,26.4,3/16,5,0,3,16,626,0
2021,1,1,0,0.0,0.0,0,0,0,0,0*,0,1,36.0,9.0,24.0,3/16,0,1,3,16,626,0
2008,10,9,81,10.12,176.08,7,6,0,0,33,0,9,25.0,7.5,20.0,3/28,33,0,3,28,627,0
2021,11,10,153,21.85,134.21,9,10,0,0,47,0,0,0.0,0.0,0.0,,47,0,0,0,628,0
2022,8,8,117,16.71,108.33,4,9,0,0,26,3,0,0.0,0.0,0.0,,26,0,0,0,628,0
2023,14,13,156,22.29,165.95,13,9,0,0,41*,7,0,0.0,0.0,0.0,,41,1,0,0,628,0
2024,7,7,127,18.14,169.33,9,9,1,0,58,6,0,0.0,0.0,0.0,,58,0,0,0,628,0
2025,15,11,179,29.83,179.0,11,13,1,0,57,5,1,13.0,13.0,6.0,13/1,57,0,13,1,628,0
2026,9,5,43,10.75,130.3,3,2,0,0,17,3,0,0.0,0.0,0.0,,17,0,0,0,628,0
2024,9,9,183,22.88,150.0,12,12,0,0,41,6,0,0.0,0.0,0.0,,41,0,0,0,629,0
2025,5,5,71,14.2,112.69,9,2,0,0,27,1,0,0.0,0.0,0.0,,27,0,0,0,630,0
2011,7,3,29,14.5,131.81,4,0,0,0,26,0,11,15.9,6.86,13.9,3/17,26,0,3,17,631,0
2012,8,7,91,15.16,122.97,6,3,0,0,42,0,12,16.25,6.5,15.0,3/17,42,0,3,17,631,0
2014,13,11,227,32.42,149.34,22,7,1,0,60,0,11,30.36,6.68,27.27,3/17,60,0,3,17,631,0
2015,4,3,36,12.0,133.33,5,0,0,0,23,0,4,30.75,8.78,21.0,3/17,23,0,3,17,631,0
2016,10,7,114,22.8,107.54,7,5,1,0,66*,0,5,48.6,7.83,37.2,3/17,66,1,3,17,631,0
2017,1,1,1,0.0,100.0,0,0,0,0,1*,0,0,0.0,0.0,0.0,,1,1,0,0,631,0
2018,17,13,239,21.72,121.31,26,5,0,0,35,0,14,32.57,8.0,24.42,3/17,35,0,3,17,631,0
2019,3,1,9,9.0,90.0,0,0,0,0,9,0,2,47.5,8.76,32.5,3/17,9,0,3,17,631,0
2021,8,6,47,9.4,97.91,3,1,0,0,26,0,4,46.75,7.19,39.0,3/17,26,0,3,17,631,0
2010,8,2,1,1.0,50.0,0,0,0,0,1*,0,6,42.5,9.44,27.0,2/20,1,1,2,20,632,0
2011,6,2,4,0.0,133.33,0,0,0,0,3*,0,8,23.25,9.3,15.0,2/20,3,1,2,20,632,0
2024,2,1,1,0.0,100.0,0,0,0,0,1*,0,0,0.0,0.0,0.0,,1,1,0,0,633,0
2010,8,1,1,1.0,50.0,0,0,0,0,1,0,9,24.88,7.22,20.66,2/24,1,0,2,24,634,0
2009,3,2,9,0.0,64.28,0,0,0,0,6*,0,3,24.33,7.3,20.0,2/25,6,1,2,25,635,0
2008,15,7,70,14.0,118.64,7,2,0,0,22*,0,19,21.26,7.76,16.42,4/21,22,1,4,21,636,0
2009,13,11,108,13.5,93.1,6,4,0,0,34*,0,14,26.07,7.3,21.42,4/21,34,1,4,21,636,0
2010,14,7,10,2.0,52.63,0,0,0,0,4,0,11,34.63,7.62,27.27,4/21,4,0,4,21,636,0
2011,13,4,10,5.0,50.0,1,0,0,0,5*,0,13,22.84,6.31,21.69,4/21,5,1,4,21,636,0
2008,15,15,472,47.2,151.76,47,19,4,0,76*,0,17,22.52,7.07,19.11,4/29,76,1,4,29,637,0
2010,6,5,185,37.0,162.28,18,9,2,0,60,0,6,30.66,8.36,22.0,4/29,60,0,4,29,637,0
2011,11,11,330,33.0,130.43,31,17,1,0,89*,0,6,40.16,6.69,36.0,4/29,89,1,4,29,637,0
2012,7,7,255,42.5,151.78,26,14,2,0,90*,0,6,26.83,7.0,23.0,4/29,90,1,4,29,637,0
2013,16,16,543,38.78,142.89,59,22,2,1,101,0,13,22.92,7.15,19.23,4/29,101,0,4,29,637,0
2014,13,13,240,20.0,122.44,19,14,2,0,51,0,7,23.57,7.85,18.0,4/29,51,0,4,29,637,0
2015,10,9,347,43.37,135.01,37,14,1,1,104*,0,6,44.83,9.27,29.0,4/29,104,1,4,29,637,0
2016,16,15,179,13.76,133.58,14,12,0,0,36,0,20,24.25,8.58,16.95,4/29,36,0,4,29,637,0
2017,8,7,71,11.83,91.02,6,1,0,0,24,0,5,49.0,9.13,32.2,4/29,24,0,4,29,637,0
2018,15,15,555,39.64,154.59,44,35,2,2,117*,0,6,41.83,8.96,28.0,4/29,117,1,4,29,637,0
2019,17,17,398,23.41,127.56,42,20,3,0,96,0,0,0.0,0.0,0.0,,96,0,0,0,637,0
2020,11,11,299,29.9,121.05,33,13,2,0,83*,0,0,0.0,0.0,0.0,,83,1,0,0,637,0
2008,0,0,0,0.0,0.0,0,0,0,0,0,0,19,23.26,8.63,16.15,3/29,0,0,3,29,638,1
2009,7,2,5,0.0,27.77,1,0,0,0,4*,0,6,32.0,8.34,23.0,3/29,4,1,3,29,638,0
2010,6,3,27,0.0,128.57,5,0,0,0,15*,0,3,63.66,10.05,38.0,3/29,15,1,3,29,638,0
2011,9,3,1,0.5,11.11,0,0,0,0,1,0,7,29.42,6.47,27.28,3/29,1,0,3,29,638,0
2013,0,0,0,0.0,0.0,0,0,0,0,0,0,5,32.6,7.52,26.0,3/29,0,0,3,29,638,1
2015,1,1,7,0.0,116.66,1,0,0,0,7*,0,1,38.0,12.66,18.0,3/19,7,1,3,19,639,0
2017,12,3,0,0.0,0.0,0,0,0,0,0*,0,11,28.63,8.25,20.81,3/19,0,1,3,19,639,0
2018,13,1,15,0.0,300.0,3,0,0,0,15*,0,16,26.93,9.23,17.5,3/19,15,1,3,19,639,0
2019,10,3,14,7.0,200.0,1,1,0,0,12*,0,8,35.12,9.36,22.5,3/19,12,1,3,19,639,0
2020,9,2,12,12.0,57.14,0,0,0,0,11,0,10,27.5,8.5,19.4,3/19,11,0,3,19,639,0
2021,16,4,5,2.5,100.0,0,0,0,0,3*,0,21,25.09,8.8,17.09,3/19,3,1,3,19,639,0
2022,14,10,120,15.0,137.93,7,7,0,0,29*,6,15,31.53,9.78,19.33,36/4,29,1,36,4,639,0
2023,11,10,113,14.13,161.42,13,4,1,0,68,4,7,31.42,10.47,18.0,23/2,68,0,23,2,639,0
2024,9,3,21,21.0,123.52,2,1,0,0,17,4,5,61.8,9.75,38.0,61/2,17,0,61,2,639,0
2025,10,5,18,6.0,150.0,3,0,0,0,6,4,13,28.84,11.02,15.69,34/4,6,0,34,4,639,0
2026,9,3,24,12.0,80.0,2,0,0,0,10*,0,12,22.5,12.27,11.0,39/4,10,1,39,4,639,0
2022,10,5,69,17.25,146.8,5,4,0,0,25*,3,0,0.0,0.0,0.0,,25,1,0,0,640,0
2024,14,14,354,44.25,164.65,28,21,2,0,68*,7,1,5.0,5.0,6.0,5/1,68,1,5,1,640,0
2025,17,14,350,50.0,153.5,23,18,3,0,61*,7,0,0.0,0.0,0.0,,61,1,0,0,640,0
2026,12,9,132,22.0,188.57,11,8,1,0,56,1,4,22.0,8.8,15.0,20/2,56,0,20,2,640,0
2008,11,11,616,68.44,139.68,59,26,5,1,115,0,0,0.0,0.0,0.0,,115,0,0,0,641,0
2010,4,4,147,49.0,128.94,14,6,2,0,88*,0,0,0.0,0.0,0.0,,88,1,0,0,641,0
2011,14,13,504,42.0,146.51,52,20,4,0,95,0,0,0.0,0.0,0.0,,95,0,0,0,641,0
2012,13,13,336,30.54,120.0,39,7,2,0,68*,0,0,0.0,0.0,0.0,,68,1,0,0,641,0
2013,8,8,300,37.5,120.48,39,4,3,0,77,0,0,0.0,0.0,0.0,,77,0,0,0,641,0
2014,2,2,70,35.0,134.61,7,3,0,0,40,0,0,0.0,0.0,0.0,,40,0,0,0,641,0
2015,4,4,81,20.25,139.65,7,3,1,0,65,0,0,0.0,0.0,0.0,,65,0,0,0,641,0
2016,6,6,159,31.8,118.65,13,4,1,0,56*,0,0,0.0,0.0,0.0,,56,1,0,0,641,0
2017,9,8,264,33.0,136.08,36,5,2,0,84,0,0,0.0,0.0,0.0,,84,0,0,0,641,0
2008,13,8,147,18.37,132.43,12,8,0,0,33,0,11,27.36,6.54,25.09,3/12,33,0,3,12,642,0
2010,8,2,12,12.0,92.3,0,1,0,0,11,0,10,26.4,8.47,18.7,3/13,11,0,3,13,643,0
2011,4,2,10,10.0,100.0,1,0,0,0,10*,0,6,21.16,8.56,14.83,3/13,10,1,3,13,643,0
2012,0,0,0,0.0,0.0,0,0,0,0,0,0,6,25.16,6.61,22.83,3/13,0,0,3,13,643,1
2013,0,0,0,0.0,0.0,0,0,0,0,0,0,1,98.0,9.8,60.0,3/13,0,0,3,13,643,1
2020,6,1,0,0.0,0.0,0,0,0,0,0*,0,6,29.33,8.8,20.0,2/17,0,1,2,17,644,0
2017,4,3,38,19.0,122.58,5,0,0,0,16,0,0,0.0,0.0,0.0,,16,0,0,0,645,0
2022,5,5,23,5.75,88.46,0,1,0,0,8,5,0,0.0,0.0,0.0,,8,0,0,0,645,0
2019,7,7,73,14.6,135.18,2,7,0,0,28*,0,1,59.0,8.63,41.0,1/6,28,1,1,6,646,0
2022,3,2,33,16.5,66.0,1,1,0,0,28,0,0,0.0,0.0,0.0,,28,0,0,0,646,0
2025,13,11,291,32.33,157.29,22,18,0,0,46,1,0,0.0,0.0,0.0,,46,0,0,0,646,0
2026,8,7,123,24.6,164.0,5,12,1,0,71*,1,0,0.0,0.0,0.0,,71,1,0,0,646,0
2008,14,14,340,37.77,115.25,35,8,4,0,68*,0,0,0.0,0.0,0.0,,68,1,0,0,647,0
2009,5,4,40,10.0,88.88,3,0,0,0,22,0,0,0.0,0.0,0.0,,22,0,0,0,647,0
2010,10,10,191,19.1,112.35,23,3,2,0,56,0,0,0.0,0.0,0.0,,56,0,0,0,647,0
2011,14,14,400,33.33,129.03,47,7,2,0,95*,0,1,11.0,5.5,12.0,1/7,95,1,1,7,647,0
2012,15,15,569,40.64,129.61,58,18,5,0,84,0,3,18.33,9.16,12.0,1/7,84,0,1,7,647,0
2013,10,10,311,38.87,122.92,37,5,3,0,73*,0,0,0.0,0.0,0.0,,73,1,0,0,647,0
2014,14,14,377,29.0,118.18,49,7,2,0,64*,0,0,0.0,0.0,0.0,,64,1,0,0,647,0
2015,14,14,353,27.15,123.42,45,6,3,0,54,0,0,0.0,0.0,0.0,,54,0,0,0,647,0
2016,17,17,501,38.53,116.78,51,8,4,0,82*,0,0,0.0,0.0,0.0,,82,1,0,0,647,0
2017,14,14,479,36.84,127.39,53,9,3,0,77,0,0,0.0,0.0,0.0,,77,0,0,0,647,0
2018,16,16,497,38.23,136.91,59,14,4,0,92*,0,0,0.0,0.0,0.0,,92,1,0,0,647,0
2019,16,16,521,34.73,135.67,64,11,5,0,97*,0,0,0.0,0.0,0.0,,97,1,0,0,647,0
2020,17,17,618,44.14,144.73,67,12,4,2,106*,0,0,0.0,0.0,0.0,,106,1,0,0,647,0
2021,16,16,587,39.13,124.62,63,16,3,0,92,0,0,0.0,0.0,0.0,,92,0,0,0,647,0
2022,14,14,460,38.33,122.66,47,12,3,0,88*,10,0,0.0,0.0,0.0,,88,1,0,0,647,0
2023,11,11,373,41.44,142.91,49,12,3,0,99*,4,0,0.0,0.0,0.0,,99,1,0,0,647,0
2024,5,5,152,30.4,125.61,18,4,1,0,70,3,0,0.0,0.0,0.0,,70,0,0,0,647,0
2019,5,5,90,18.0,123.28,4,7,1,0,75,0,0,0.0,0.0,0.0,,75,0,0,0,648,0
2020,12,11,185,23.12,148.0,11,12,0,0,45,0,0,0.0,0.0,0.0,,45,0,0,0,648,0
2021,14,13,242,34.57,168.05,19,12,1,0,53*,0,0,0.0,0.0,0.0,,53,1,0,0,648,0
2022,15,15,314,44.86,153.92,21,21,1,0,59*,3,0,0.0,0.0,0.0,,59,1,0,0,648,0
2023,14,13,300,37.5,152.28,12,23,1,0,56*,11,0,0.0,0.0,0.0,,56,1,0,0,648,0
2024,12,9,113,22.6,163.76,9,7,0,0,27*,4,0,0.0,0.0,0.0,,27,1,0,0,648,0
2025,14,13,239,21.73,145.73,17,11,1,0,52,13,0,0.0,0.0,0.0,,52,0,0,0,648,0
2026,8,7,78,13.0,113.04,5,3,0,0,22,5,0,0.0,0.0,0.0,,22,0,0,0,648,0
2019,4,4,40,13.33,121.21,1,3,0,0,24,0,0,0.0,0.0,0.0,,24,0,0,0,649,0
2020,11,9,129,18.42,122.85,5,9,0,0,27*,0,4,18.25,8.11,13.5,2/15,27,1,2,15,649,0
2021,9,9,230,28.75,119.17,18,10,1,0,64*,0,0,0.0,0.0,0.0,,64,1,0,0,649,0
2022,11,11,289,28.9,156.21,22,16,2,0,95*,6,0,0.0,0.0,0.0,,95,1,0,0,649,0
2023,16,14,418,38.0,158.33,12,35,3,0,52,6,0,0.0,0.0,0.0,,52,0,0,0,649,0
2024,14,14,396,36.0,162.29,28,28,3,0,66*,2,1,14.0,14.0,6.0,14/1,66,1,14,1,649,0
2025,14,14,357,32.45,132.22,22,21,1,0,50,4,0,0.0,0.0,0.0,,50,0,0,0,649,0
2026,13,12,270,38.57,158.82,24,15,0,0,47,4,1,64.0,12.8,30.0,30/1,47,0,30,1,649,0
2018,9,4,13,4.33,86.66,1,0,0,0,7,0,5,54.0,9.64,33.6,4/21,7,0,4,21,650,0
2020,8,3,10,5.0,71.42,1,0,0,0,9,0,9,23.55,8.15,17.33,4/21,9,0,4,21,650,0
2021,9,2,25,12.5,125.0,2,2,0,0,20,0,11,21.18,7.24,17.54,4/21,20,0,4,21,650,0
2022,6,3,3,1.5,42.85,0,0,0,0,2,4,5,45.4,10.31,26.4,33/1,2,0,33,1,650,0
2014,4,2,5,5.0,166.66,1,0,0,0,4,0,3,40.33,7.56,32.0,2/26,4,0,2,26,651,0
2015,0,0,0,0.0,0.0,0,0,0,0,0,0,1,44.0,14.66,18.0,2/26,0,0,2,26,651,1
2024,1,1,2,0.0,66.66,0,0,0,0,2*,2,0,0.0,0.0,0.0,,2,1,0,0,652,0
2026,13,6,53,8.83,115.21,6,1,0,0,27,0,9,41.66,9.61,26.0,33/3,27,0,33,3,653,0
2016,7,2,0,0.0,0.0,0,0,0,0,0*,0,6,32.0,8.34,23.0,3/20,0,1,3,20,654,0
2008,3,3,25,8.33,80.64,4,0,0,0,16,0,0,0.0,0.0,0.0,,16,0,0,0,655,0
2009,7,3,1,0.5,16.66,0,0,0,0,1*,0,5,30.4,8.94,20.4,2/20,1,1,2,20,656,0
2008,3,1,2,2.0,28.57,0,0,0,0,2,0,5,10.8,7.71,8.4,4/11,2,0,4,11,657,0
2008,7,5,52,13.0,110.63,5,0,0,0,24,0,2,42.5,10.0,25.5,1/6,24,0,1,6,658,0
2009,2,1,6,6.0,85.71,1,0,0,0,6,0,0,0.0,0.0,0.0,,6,0,0,0,659,0
2008,4,3,82,27.33,96.47,9,1,1,0,52,0,0,0.0,0.0,0.0,,52,0,0,0,660,0
2009,2,2,53,26.5,88.33,6,0,0,0,43,0,0,0.0,0.0,0.0,,43,0,0,0,660,0
2010,1,1,8,8.0,80.0,2,0,0,0,8,0,0,0.0,0.0,0.0,,8,0,0,0,660,0
2011,5,4,29,7.25,100.0,5,0,0,0,22,0,0,0.0,0.0,0.0,,22,0,0,0,660,0
2012,11,6,69,13.8,102.98,4,1,0,0,24,0,0,0.0,0.0,0.0,,24,0,0,0,660,0
2018,6,3,52,17.33,130.0,6,1,0,0,35,0,0,0.0,0.0,0.0,,35,0,0,0,660,0
2020,2,2,0,0.0,0.0,0,0,0,0,0*,0,0,0.0,0.0,0.0,,0,1,0,0,660,0
2014,4,1,11,11.0,110.0,1,0,0,0,11,0,6,18.83,8.07,14.0,4/16,11,0,4,16,661,0
2015,1,1,1,0.0,100.0,0,0,0,0,1*,0,1,23.0,10.61,13.0,4/16,1,1,4,16,661,0
2016,1,1,2,2.0,12.5,0,0,0,0,2,0,0,0.0,0.0,0.0,,2,0,0,0,661,0
2018,11,4,50,16.66,111.11,5,0,0,0,24,0,11,21.45,7.61,16.9,4/16,24,0,4,16,661,0
2019,14,7,63,15.75,136.95,8,1,0,0,19*,0,20,17.35,7.22,14.4,4/16,19,1,4,16,661,0
2020,14,5,37,9.25,94.87,3,0,0,0,23*,0,10,42.7,8.54,30.0,4/16,23,1,4,16,661,0
2021,3,2,7,7.0,140.0,0,1,0,0,7*,0,0,0.0,0.0,0.0,,7,1,0,0,661,0
2022,1,1,9,0.0,128.57,2,0,0,0,9*,0,1,34.0,11.33,18.0,34/1,9,1,34,1,661,0
2024,0,0,0,0.0,0.0,0,0,0,0,0,0,3,22.33,9.57,14.0,9/1,0,0,9,1,661,1
2015,14,14,439,33.76,128.36,41,21,4,0,83,0,0,0.0,0.0,0.0,,83,0,0,0,662,0
2016,6,6,30,5.0,69.76,2,1,0,0,19,0,0,0.0,0.0,0.0,,19,0,0,0,662,0
2017,12,12,338,33.8,139.09,36,10,2,0,96,0,0,0.0,0.0,0.0,,96,0,0,0,662,0
2018,14,14,411,37.36,132.58,29,21,4,0,93*,0,0,0.0,0.0,0.0,,93,1,0,0,662,0
2019,16,16,463,30.86,119.94,41,14,3,0,67,0,0,0.0,0.0,0.0,,67,0,0,0,662,0
2020,17,17,519,34.6,123.27,40,16,3,0,88*,0,0,0.0,0.0,0.0,,88,1,0,0,662,0
2021,8,8,175,35.0,102.33,7,5,0,0,47*,0,0,0.0,0.0,0.0,,47,1,0,0,662,0
2022,14,14,401,30.85,134.56,41,11,3,0,85,5,0,0.0,0.0,0.0,,85,0,0,0,662,0
2024,15,14,351,39.0,146.86,34,14,2,0,58*,10,0,0.0,0.0,0.0,,58,1,0,0,662,0
2025,17,17,604,50.33,175.07,43,39,6,0,97*,7,0,0.0,0.0,0.0,,97,1,0,0,662,0
2026,14,13,498,55.33,168.81,39,30,5,1,101*,8,0,0.0,0.0,0.0,,101,1,0,0,662,0
2011,7,2,2,1.0,66.66,0,0,0,0,2,0,4,30.25,7.56,24.0,3/16,2,0,3,16,663,0
2017,0,0,0,0.0,0.0,0,0,0,0,0,0,1,42.0,10.5,24.0,1/42,0,0,1,42,664,1
2024,4,3,33,16.5,173.68,3,2,0,0,25,0,0,0.0,0.0,0.0,,25,0,0,0,665,0
2025,9,8,106,26.5,160.6,6,8,0,0,34*,1,0,0.0,0.0,0.0,,34,1,0,0,665,0
2026,7,6,81,20.25,139.65,8,3,0,0,31*,0,0,0.0,0.0,0.0,,31,1,0,0,665,0
2018,13,11,203,33.83,146.04,22,5,1,0,57*,0,0,0.0,0.0,0.0,,57,1,0,0,666,0
2019,14,13,296,32.88,124.36,21,10,3,0,76,0,0,0.0,0.0,0.0,,76,0,0,0,666,0
2020,14,14,440,33.84,117.96,44,9,3,0,70*,0,0,0.0,0.0,0.0,,70,1,0,0,666,0
2021,17,17,478,28.11,118.9,50,12,3,0,57,0,0,0.0,0.0,0.0,,57,0,0,0,666,0
2022,16,16,483,34.5,132.32,51,11,4,0,96,7,0,0.0,0.0,0.0,,96,0,0,0,666,0
2023,17,17,890,59.33,157.8,85,33,4,3,129,6,0,0.0,0.0,0.0,,129,0,0,0,666,0
2024,12,12,426,38.73,147.4,37,15,2,1,104,1,0,0.0,0.0,0.0,,104,0,0,0,666,0
2025,15,15,650,50.0,155.87,62,24,6,0,93*,8,0,0.0,0.0,0.0,,93,1,0,0,666,0
2026,16,16,732,45.75,163.02,74,33,6,1,104,12,0,0.0,0.0,0.0,,104,0,0,0,666,0
2013,6,2,7,0.0,77.77,0,0,0,0,7*,0,4,42.5,7.78,32.75,4/29,7,1,4,29,667,0
2014,5,1,2,0.0,100.0,0,0,0,0,2*,0,2,63.0,9.69,39.0,4/29,2,1,4,29,667,0
2017,10,1,0,0.0,0.0,0,0,0,0,0*,0,16,18.75,8.41,13.37,4/29,0,1,4,29,667,0
2018,17,4,3,1.0,21.42,0,0,0,0,2,0,21,26.04,8.28,18.85,4/29,2,0,4,29,667,0
2019,7,2,0,0.0,0.0,0,0,0,0,0*,0,6,40.33,8.96,27.0,4/29,0,1,4,29,667,0
2020,0,0,0,0.0,0.0,0,0,0,0,0,0,2,32.0,16.0,12.0,4/29,0,0,4,29,667,1
2021,8,2,8,0.0,100.0,1,0,0,0,7*,0,7,35.28,8.23,25.71,4/29,7,1,4,29,667,0
2008,3,2,18,9.0,180.0,1,1,0,0,15,0,2,30.0,10.0,18.0,2/40,15,0,2,40,668,0
2009,1,1,6,6.0,75.0,1,0,0,0,6,0,0,0.0,0.0,0.0,,6,0,0,0,668,0
2011,1,1,9,9.0,100.0,1,0,0,0,9,0,0,0.0,0.0,0.0,,9,0,0,0,668,0
2012,6,4,66,22.0,106.45,7,1,0,0,38,0,0,0.0,0.0,0.0,,38,0,0,0,668,0
2008,15,3,5,5.0,41.66,0,0,0,0,3*,0,13,30.69,8.31,22.15,4/25,3,1,4,25,669,0
2009,7,3,9,4.5,50.0,0,0,0,0,6*,0,6,25.33,7.6,20.0,4/25,6,1,4,25,669,0
2010,11,4,20,10.0,142.85,3,1,0,0,9,0,11,23.63,7.32,19.36,4/25,9,0,4,25,669,0
2011,0,0,0,0.0,0.0,0,0,0,0,0,0,10,30.3,8.49,21.4,4/25,0,0,4,25,669,1
2012,14,1,5,0.0,83.33,0,0,0,0,5*,0,13,29.23,7.3,24.0,4/25,5,1,4,25,669,0
2013,17,2,3,3.0,42.85,0,0,0,0,3,0,12,34.16,6.85,29.91,4/25,3,0,4,25,669,0
2019,1,1,15,15.0,115.38,1,1,0,0,15,0,0,0.0,0.0,0.0,,15,0,0,0,670,0
2023,7,7,139,27.8,141.83,10,6,1,0,57,5,3,39.66,9.91,24.0,19/1,57,0,19,1,671,0
2024,2,2,43,21.5,113.15,2,2,0,0,28,0,0,0.0,0.0,0.0,,28,0,0,0,671,0
2022,6,3,7,7.0,87.5,0,0,0,0,3*,1,4,34.5,7.66,27.0,27/2,3,1,27,2,672,0
2024,0,0,0,0.0,0.0,0,0,0,0,0,0,5,24.2,10.08,14.4,26/3,0,0,26,3,672,1
2025,4,3,3,1.5,42.85,0,0,0,0,3*,0,2,70.5,14.1,30.0,46/2,3,1,46,2,672,0
2008,2,2,96,96.0,139.13,11,2,1,0,75,0,0,0.0,0.0,0.0,,75,0,0,0,673,0
2009,9,9,145,16.11,123.93,15,6,1,0,50,0,0,0.0,0.0,0.0,,50,0,0,0,673,0
2022,1,1,14,14.0,127.27,2,0,0,0,14,0,0,0.0,0.0,0.0,,14,0,0,0,674,0
2023,14,14,358,25.57,150.42,38,19,1,1,103,1,0,0.0,0.0,0.0,,103,0,0,0,674,0
2023,0,0,0,0.0,0.0,0,0,0,0,0,0,1,51.0,8.5,36.0,37/1,0,0,37,1,675,1
2026,6,4,19,6.33,76.0,3,0,0,0,9,4,0,0.0,0.0,0.0,,9,0,0,0,676,0
2008,11,5,36,12.0,124.13,3,1,0,0,13,0,22,12.09,6.46,11.22,6/14,13,0,6,14,677,0
2008,13,13,349,29.08,113.68,33,15,3,0,91,0,6,21.33,6.4,20.0,2/21,91,0,2,21,678,0
2009,13,11,189,17.18,91.3,13,6,0,0,46,0,2,48.5,8.08,36.0,2/21,46,0,2,21,678,0
2010,14,14,493,37.92,117.66,58,15,4,0,88,0,0,0.0,0.0,0.0,,88,0,0,0,678,0
2011,4,3,50,25.0,84.74,3,2,0,0,32*,0,0,0.0,0.0,0.0,,32,1,0,0,678,0
2012,15,15,268,17.86,98.89,30,4,0,0,45,0,2,47.5,9.5,30.0,2/21,45,0,2,21,678,0
2024,5,3,6,0.0,85.71,1,0,0,0,5*,0,4,37.75,9.43,24.0,25/2,5,1,25,2,679,0
2025,4,2,2,0.0,50.0,0,0,0,0,1*,1,1,133.0,11.73,68.0,42/1,1,1,42,1,679,0
2026,0,0,0,0.0,0.0,0,0,0,0,0,0,2,56.0,10.18,33.0,39/1,0,0,39,1,679,1
2011,13,2,13,0.0,162.5,2,0,0,0,11*,0,21,17.52,8.0,13.14,4/14,11,1,4,14,680,0
2012,1,1,14,0.0,175.0,3,0,0,0,14*,0,0,0.0,0.0,0.0,,14,1,0,0,680,0
2015,5,1,0,0.0,0.0,0,0,0,0,0*,0,8,16.5,7.33,13.5,4/14,0,1,4,14,680,0
2016,0,0,0,0.0,0.0,0,0,0,0,0,0,11,19.63,7.4,15.9,4/14,0,0,4,14,680,1
2017,10,8,32,8.0,80.0,2,0,0,0,9,0,5,55.0,9.01,36.6,4/14,9,0,4,14,680,0
2010,1,1,27,27.0,93.1,3,0,0,0,27,0,0,0.0,0.0,0.0,,27,0,0,0,681,0
2011,1,1,4,4.0,57.14,0,0,0,0,4,0,0,0.0,0.0,0.0,,4,0,0,0,681,0
2022,2,2,8,4.0,114.28,2,0,0,0,8,0,0,0.0,0.0,0.0,,8,0,0,0,682,0
2008,1,1,1,1.0,14.28,0,0,0,0,1,0,0,0.0,0.0,0.0,,1,0,0,0,683,0
2011,9,5,83,20.75,112.16,6,3,1,0,64,0,0,0.0,0.0,0.0,,64,0,0,0,683,0
2012,4,2,19,0.0,271.42,1,2,0,0,18*,0,0,0.0,0.0,0.0,,18,1,0,0,683,0
2014,1,1,3,3.0,60.0,0,0,0,0,3,0,0,0.0,0.0,0.0,,3,0,0,0,683,0
2008,10,10,196,21.77,119.51,27,3,0,0,45,0,0,0.0,0.0,0.0,,45,0,0,0,684,0
2012,15,14,362,40.22,135.58,24,14,0,0,47*,0,0,0.0,0.0,0.0,,47,1,0,0,685,0
2013,7,7,159,39.75,120.45,15,4,0,0,41,0,0,0.0,0.0,0.0,,41,0,0,0,685,0
2014,10,7,147,36.75,133.63,13,4,0,0,48*,0,0,0.0,0.0,0.0,,48,1,0,0,685,0
2015,14,12,293,26.63,132.57,33,3,2,0,79*,0,0,0.0,0.0,0.0,,79,1,0,0,685,0
2016,8,7,270,45.0,153.4,27,8,0,1,101,0,0,0.0,0.0,0.0,,101,0,0,0,685,0
2017,15,15,472,39.33,121.96,38,12,3,0,84*,0,0,0.0,0.0,0.0,,84,1,0,0,685,0
2019,12,10,319,39.87,116.0,30,4,3,0,73*,0,0,0.0,0.0,0.0,,73,1,0,0,685,0
2020,14,14,311,25.91,131.22,32,9,3,0,69,0,0,0.0,0.0,0.0,,69,0,0,0,685,0
2021,8,7,152,25.33,112.59,13,2,0,0,39,0,0,0.0,0.0,0.0,,39,0,0,0,685,0
2010,1,1,8,8.0,160.0,1,0,0,0,8,0,0,0.0,0.0,0.0,,8,0,0,0,686,0
2011,6,2,37,37.0,119.35,2,1,0,0,30,0,0,0.0,0.0,0.0,,30,0,0,0,686,0
2012,8,6,90,22.5,134.32,9,3,0,0,30,0,3,26.0,7.8,20.0,2/14,30,0,2,14,686,0
2013,17,16,293,32.55,147.23,25,12,0,0,41*,0,6,27.0,6.75,24.0,2/14,41,1,2,14,686,0
2014,13,12,123,12.3,101.65,4,5,0,0,48*,0,3,21.33,7.11,18.0,2/14,48,1,2,14,686,0
2015,13,8,74,18.5,112.12,7,1,0,0,20,0,4,35.0,7.36,28.5,2/14,20,0,2,14,686,0
2016,14,6,63,21.0,161.53,5,4,0,0,21,0,1,134.0,7.88,102.0,2/14,21,0,2,14,686,0
2017,8,7,78,15.6,102.63,6,3,0,0,18*,0,4,12.5,8.33,9.0,2/14,18,1,2,14,686,0
2018,7,5,44,8.8,112.82,2,2,0,0,22,0,0,0.0,0.0,0.0,,22,0,0,0,686,0
2019,8,5,70,23.33,175.0,5,4,0,0,33*,0,1,44.0,6.28,42.0,2/14,33,1,2,14,686,0
2008,16,11,192,32.0,147.69,21,8,2,0,64,0,0,0.0,0.0,0.0,,64,0,0,0,687,0
2009,14,11,177,19.66,107.92,20,4,1,0,59*,0,0,0.0,0.0,0.0,,59,1,0,0,687,0
2010,16,15,356,32.36,117.49,41,5,2,0,55*,0,0,0.0,0.0,0.0,,55,1,0,0,687,0
2011,16,13,396,56.57,126.51,38,9,5,0,71*,0,0,0.0,0.0,0.0,,71,1,0,0,687,0
2012,15,9,196,28.0,108.28,23,2,1,0,57,0,0,0.0,0.0,0.0,,57,0,0,0,687,0
2013,18,8,124,17.71,102.47,11,0,0,0,34,0,0,0.0,0.0,0.0,,34,0,0,0,687,0
2009,0,0,0,0.0,0.0,0,0,0,0,0,0,5,27.2,7.15,22.8,2/18,0,0,2,18,688,1
2010,6,1,3,0.0,75.0,0,0,0,0,3*,0,1,159.0,10.04,95.0,2/18,3,1,2,18,688,0
2024,4,3,18,9.0,75.0,2,1,0,0,9*,1,0,0.0,0.0,0.0,,9,1,0,0,689,0
2010,5,3,14,7.0,116.66,2,0,0,0,12,0,5,37.0,11.8,18.8,3/36,12,0,3,36,690,0
2013,2,1,23,23.0,153.33,4,0,0,0,23,0,0,0.0,0.0,0.0,,23,0,0,0,690,0
2008,4,2,6,3.0,42.85,0,0,0,0,3,0,1,82.0,8.94,55.0,1/27,3,0,1,27,691,0
2012,15,2,9,9.0,128.57,2,0,0,0,9*,0,24,13.5,5.47,14.79,5/19,9,1,5,19,692,0
2013,16,6,21,7.0,110.52,0,2,0,0,13,0,22,15.9,5.46,17.45,5/19,13,0,5,19,692,0
2014,16,5,10,5.0,71.42,0,0,0,0,6,0,21,19.38,6.35,18.28,5/19,6,0,5,19,692,0
2015,8,1,0,0.0,0.0,0,0,0,0,0*,0,7,33.42,7.31,27.42,5/19,0,1,5,19,692,0
2016,11,4,7,7.0,53.84,0,0,0,0,4,0,11,27.63,7.09,23.36,5/19,4,0,5,19,692,0
2017,16,14,224,17.23,172.3,34,10,1,0,54,0,10,41.2,6.98,35.4,5/19,54,0,5,19,692,0
2018,16,16,357,22.31,189.89,40,23,2,0,75,0,17,27.47,7.65,21.52,5/19,75,0,5,19,692,0
2019,12,9,143,17.87,166.27,17,9,0,0,47,0,10,34.7,7.82,26.6,5/19,47,0,5,19,692,0
2020,10,9,121,13.44,142.35,10,8,1,0,64,0,5,60.4,7.94,45.6,5/19,64,0,5,19,692,0
2021,14,10,62,7.75,131.91,3,5,0,0,26,0,16,22.56,6.44,21.0,5/19,26,0,5,19,692,0
2022,14,10,71,8.88,177.5,6,6,0,0,22,2,9,34.66,5.57,37.33,21/2,22,0,21,2,692,0
2023,14,10,21,3.0,84.0,2,1,0,0,7*,1,11,34.81,7.97,26.18,33/3,7,1,33,3,692,0
2024,15,14,488,34.86,180.74,50,33,3,1,109,7,17,21.64,6.69,19.41,22/2,109,0,22,2,692,0
2025,12,12,246,22.36,170.83,25,19,0,0,44,3,12,29.25,7.8,22.5,13/3,44,0,13,3,692,0
2026,13,4,40,13.33,125.0,2,4,0,0,24,2,15,22.6,6.64,20.4,26/2,24,0,26,2,692,0
2011,6,5,43,10.75,138.7,6,1,0,0,20,0,0,0.0,0.0,0.0,,20,0,0,0,693,0
2008,2,2,4,2.0,50.0,0,0,0,0,4,0,0,0.0,0.0,0.0,,4,0,0,0,694,0
2009,8,8,115,14.37,123.65,9,8,0,0,43,0,0,0.0,0.0,0.0,,43,0,0,0,694,0
2011,11,10,249,24.9,130.36,25,10,2,0,62,0,0,0.0,0.0,0.0,,62,0,0,0,694,0
2011,8,1,2,2.0,50.0,0,0,0,0,2,0,6,37.16,7.68,29.0,2/24,2,0,2,24,695,0
2008,16,14,421,38.27,142.22,35,18,3,0,55*,0,1,30.0,9.0,20.0,2/0,55,1,2,0,696,0
2009,14,14,434,31.0,140.9,37,21,2,0,98,0,7,23.42,5.92,23.71,2/0,98,0,2,0,696,0
2010,16,16,520,47.27,142.85,45,22,4,0,83*,0,6,29.66,7.46,23.83,2/0,83,1,2,0,696,0
2011,16,16,438,31.28,134.76,36,17,4,0,73*,0,4,50.25,7.3,41.25,2/0,73,1,2,0,696,0
2012,19,18,441,25.94,135.69,36,19,1,0,73,0,2,52.5,7.5,42.0,2/0,73,0,2,0,696,0
2013,18,17,548,42.15,150.13,50,18,4,1,100*,0,1,23.0,11.5,12.0,2/0,100,1,2,0,696,0
2014,16,16,523,40.23,146.08,51,19,5,0,87,0,1,134.0,7.44,108.0,2/0,87,0,2,0,696,0
2015,17,17,374,24.93,123.02,31,16,2,0,62,0,2,46.5,7.75,36.0,2/0,62,0,2,0,696,0
2016,15,15,399,28.5,127.88,39,10,3,0,75,0,0,0.0,0.0,0.0,,75,0,0,0,696,0
2017,14,14,442,40.18,143.97,42,13,3,0,84,0,1,102.0,8.5,72.0,2/0,84,0,2,0,696,0
2018,15,15,445,37.08,132.44,46,12,4,0,75*,0,0,0.0,0.0,0.0,,75,1,0,0,696,0
2019,17,17,383,23.93,121.97,45,9,3,0,59,0,0,0.0,0.0,0.0,,59,0,0,0,696,0
2021,12,11,160,17.77,125.0,13,9,1,0,54,0,0,0.0,0.0,0.0,,54,0,0,0,696,0
2025,16,16,717,65.18,167.91,69,38,5,0,73*,6,0,0.0,0.0,0.0,,73,1,0,0,697,0
2026,13,13,270,20.77,147.54,28,10,2,0,60,3,0,0.0,0.0,0.0,,60,0,0,0,697,0
2014,16,10,164,32.8,140.17,16,5,0,0,34,0,0,0.0,0.0,0.0,,34,0,0,0,698,0
2015,13,13,157,17.44,138.93,12,8,0,0,46*,0,0,0.0,0.0,0.0,,46,1,0,0,698,0
2016,15,11,182,26.0,127.27,18,5,1,0,60,0,0,0.0,0.0,0.0,,60,0,0,0,698,0
2017,10,7,105,17.5,119.31,8,3,0,0,31,0,0,0.0,0.0,0.0,,31,0,0,0,698,0
2018,14,14,512,36.57,133.33,61,16,4,0,72,0,0,0.0,0.0,0.0,,72,0,0,0,698,0
2019,16,15,424,32.61,130.86,45,10,2,0,71*,0,0,0.0,0.0,0.0,,71,1,0,0,698,0
2020,16,15,480,40.0,145.01,61,11,4,0,79*,0,0,0.0,0.0,0.0,,79,1,0,0,698,0
2021,14,14,317,22.64,143.43,40,10,2,0,82,0,0,0.0,0.0,0.0,,82,0,0,0,698,0
2022,8,8,303,43.29,145.67,23,16,3,0,68*,3,0,0.0,0.0,0.0,,68,1,0,0,698,0
2023,16,16,605,43.21,181.13,65,28,5,1,103*,6,0,0.0,0.0,0.0,,103,1,0,0,698,0
2024,11,11,345,34.5,167.47,36,18,3,1,102*,4,0,0.0,0.0,0.0,,102,1,0,0,698,0
2025,5,3,7,2.33,63.63,0,0,0,0,4,1,0,0.0,0.0,0.0,,4,0,0,0,699,0
2026,7,7,158,39.5,175.55,9,12,1,0,57,3,0,0.0,0.0,0.0,,57,0,0,0,699,0
2026,2,1,1,0.0,33.33,0,0,0,0,1*,0,2,33.5,10.57,19.0,21/2,1,1,21,2,700,0
2022,5,5,67,13.4,113.55,7,2,0,0,34,5,0,0.0,0.0,0.0,,34,0,0,0,701,0
2023,5,4,35,8.75,120.68,1,2,0,0,19,5,0,0.0,0.0,0.0,,19,0,0,0,701,0
2024,1,1,24,24.0,133.33,3,0,0,0,24,0,0,0.0,0.0,0.0,,24,0,0,0,701,0
2023,0,0,0,0.0,0.0,0,0,0,0,0,0,10,32.1,8.23,23.4,30/3,0,0,30,3,702,1
2025,0,0,0,0.0,0.0,0,0,0,0,0,0,8,55.25,8.84,37.5,17/3,0,0,17,3,702,1
2026,0,0,0,0.0,0.0,0,0,0,0,0,0,9,41.77,9.2,27.22,47/2,0,0,47,2,702,1
2008,9,9,311,34.55,133.47,43,6,2,0,60,0,0,0.0,0.0,0.0,,60,0,0,0,703,0
2009,8,8,98,12.25,105.37,11,4,0,0,44,0,0,0.0,0.0,0.0,,44,0,0,0,703,0
2010,2,2,5,2.5,125.0,1,0,0,0,5,0,0,0.0,0.0,0.0,,5,0,0,0,703,0
2011,1,1,9,9.0,100.0,1,0,0,0,9,0,0,0.0,0.0,0.0,,9,0,0,0,703,0
2016,1,1,0,0.0,0.0,0,0,0,0,0*,0,0,0.0,0.0,0.0,,0,1,0,0,704,0
2017,4,2,12,6.0,63.15,0,0,0,0,10,0,1,61.0,8.71,42.0,1/14,10,0,1,14,704,0
2023,2,1,2,0.0,50.0,0,0,0,0,2*,0,0,0.0,0.0,0.0,,2,1,0,0,704,0
2024,7,5,37,18.5,176.19,3,3,0,0,15*,2,6,22.16,8.86,15.0,28/2,15,1,28,2,704,0
2011,5,2,15,0.0,125.0,2,0,0,0,13*,0,5,25.4,8.46,18.0,2/15,13,1,2,15,705,0
2012,2,1,4,0.0,400.0,1,0,0,0,4*,0,0,0.0,0.0,0.0,,4,1,0,0,705,1
2013,4,2,10,5.0,76.92,1,0,0,0,9,0,3,30.33,9.1,20.0,2/15,9,0,2,15,705,0
2017,0,0,0,0.0,0.0,0,0,0,0,0,0,2,57.5,9.07,38.0,2/24,0,0,2,24,706,1
2020,16,3,3,0.0,60.0,0,0,0,0,3*,0,16,31.5,8.02,23.56,2/24,3,1,2,24,706,0
2021,0,0,0,0.0,0.0,0,0,0,0,0,0,2,34.5,8.62,24.0,2/24,0,0,2,24,706,1
2022,0,0,0,0.0,0.0,0,0,0,0,0,0,18,22.55,9.44,14.33,10/3,0,0,10,3,706,1
2023,0,0,0,0.0,0.0,0,0,0,0,0,0,10,41.0,9.11,27.0,23/2,0,0,23,2,706,1
2024,0,0,0,0.0,0.0,0,0,0,0,0,0,19,24.47,9.05,16.21,19/4,0,0,19,4,706,1
2026,10,1,1,0.0,50.0,0,0,0,0,1*,2,5,71.2,11.18,38.2,29/3,1,1,29,3,706,0
2012,0,0,0,0.0,0.0,0,0,0,0,0,0,1,136.0,11.65,70.0,1/46,0,0,1,46,707,1
2016,0,0,0,0.0,0.0,0,0,0,0,0,0,3,49.0,9.18,32.0,1/21,0,0,1,21,708,1
2021,1,1,2,0.0,50.0,0,0,0,0,2*,0,0,0.0,0.0,0.0,,2,1,0,0,708,0
2008,5,2,8,8.0,80.0,0,0,0,0,7,0,0,0.0,0.0,0.0,,7,0,0,0,709,0
2009,2,1,0,0.0,0.0,0,0,0,0,0*,0,0,0.0,0.0,0.0,,0,1,0,0,709,0
2024,1,1,24,24.0,77.41,3,0,0,0,24,0,0,0.0,0.0,0.0,,24,0,0,0,710,0
2008,2,2,10,5.0,66.66,0,1,0,0,7,0,0,0.0,0.0,0.0,,7,0,0,0,711,0
2009,2,2,1,1.0,25.0,0,0,0,0,1,0,0,0.0,0.0,0.0,,1,0,0,0,711,0
2008,3,3,31,10.33,119.23,3,0,0,0,15,0,0,0.0,0.0,0.0,,15,0,0,0,712,0
2026,2,2,12,6.0,80.0,2,0,0,0,11,1,0,0.0,0.0,0.0,,11,0,0,0,713,0
2013,1,1,10,10.0,58.82,0,0,0,0,10,0,0,0.0,0.0,0.0,,10,0,0,0,714,0
2009,2,2,2,2.0,28.57,0,0,0,0,1*,0,3,20.0,7.5,16.0,2/16,1,1,2,16,715,0
2010,4,2,10,10.0,90.9,0,0,0,0,8,0,5,20.2,6.96,17.4,2/16,8,0,2,16,715,0
2011,4,2,23,11.5,85.18,4,0,0,0,22,0,2,55.5,7.92,42.0,3/20,22,0,3,20,716,0
2012,2,2,4,4.0,44.44,0,0,0,0,4*,0,0,0.0,0.0,0.0,,4,1,0,0,716,0
2013,16,14,233,23.3,142.94,12,14,0,0,40,0,19,25.15,8.01,18.84,3/20,40,0,3,20,716,0
2015,2,2,12,6.0,80.0,0,1,0,0,9,0,1,55.0,9.16,36.0,3/20,9,0,3,20,716,0
2016,12,10,150,21.42,161.29,7,11,0,0,34,0,9,36.22,9.82,22.11,3/20,34,0,3,20,716,0
2022,14,14,397,36.09,131.02,29,16,2,0,61,10,0,0.0,0.0,0.0,,61,0,0,0,717,0
2023,11,11,343,42.88,164.11,26,23,1,0,84*,4,0,0.0,0.0,0.0,,84,1,0,0,717,0
2024,13,13,416,41.6,149.64,35,19,3,0,65,9,0,0.0,0.0,0.0,,65,0,0,0,717,0
2026,14,14,359,29.92,145.93,30,17,2,1,101*,12,0,0.0,0.0,0.0,,101,1,0,0,717,0
2008,7,7,104,17.33,131.64,14,3,0,0,33,0,0,0.0,0.0,0.0,,33,0,0,0,718,0
2010,6,6,44,7.33,83.01,6,0,0,0,17,0,3,23.33,8.57,16.33,1/30,17,0,1,30,718,0
2011,10,10,226,28.25,125.55,33,3,2,0,59*,0,1,108.0,9.0,72.0,1/30,59,1,1,30,718,0
2012,10,9,285,35.62,109.19,33,5,3,0,76*,0,0,0.0,0.0,0.0,,76,1,0,0,718,0
2013,5,5,76,15.2,81.72,12,0,0,0,33,0,0,0.0,0.0,0.0,,33,0,0,0,718,0
2021,1,1,1,1.0,33.33,0,0,0,0,1,0,0,0.0,0.0,0.0,,1,0,0,0,719,0
2022,8,8,186,37.2,216.27,12,16,0,0,46,6,0,0.0,0.0,0.0,,46,0,0,0,719,0
2023,16,15,231,25.67,158.21,12,15,0,0,45*,10,0,0.0,0.0,0.0,,45,1,0,0,719,0
2024,13,11,241,30.13,158.55,14,15,0,0,45*,6,0,0.0,0.0,0.0,,45,1,0,0,719,0
2025,12,9,187,62.33,185.14,16,14,1,0,50*,7,0,0.0,0.0,0.0,,50,1,0,0,719,0
2026,16,15,305,33.89,188.27,22,23,1,0,70*,3,0,0.0,0.0,0.0,,70,1,0,0,719,0
2011,2,2,10,5.0,38.46,0,0,0,0,8,0,0,0.0,0.0,0.0,,8,0,0,0,720,0
2021,1,1,2,2.0,50.0,0,0,0,0,2,0,0,0.0,0.0,0.0,,2,0,0,0,721,0
2022,2,2,24,12.0,126.31,4,0,0,0,21,1,0,0.0,0.0,0.0,,21,0,0,0,721,0
2026,3,3,19,6.33,105.55,2,1,0,0,19,2,0,0.0,0.0,0.0,,19,0,0,0,721,0
2011,0,0,0,0.0,0.0,0,0,0,0,0,0,4,41.5,8.73,28.5,3/24,0,0,3,24,722,1
2014,3,1,4,4.0,100.0,1,0,0,0,4,0,0,0.0,0.0,0.0,,4,0,0,0,722,0
2015,7,3,13,13.0,144.44,1,0,0,0,7*,0,6,41.16,8.82,28.0,3/24,7,1,3,24,722,0
2016,11,4,30,10.0,157.89,1,2,0,0,25,0,9,36.55,7.65,28.66,3/24,25,0,3,24,722,0
2017,3,1,7,7.0,233.33,0,1,0,0,7,0,3,32.0,9.6,20.0,3/24,7,0,3,24,722,0
2018,8,4,52,26.0,113.04,5,1,0,0,36*,0,5,52.2,9.0,34.8,3/24,36,1,3,24,722,0
2019,3,1,9,0.0,100.0,0,0,0,0,9*,0,1,118.0,13.11,54.0,3/24,9,1,3,24,722,0
2021,3,1,3,3.0,60.0,0,0,0,0,3,0,3,31.66,7.91,24.0,3/24,3,0,3,24,722,0
2022,9,5,2,0.5,16.66,0,0,0,0,1*,3,14,19.64,7.85,15.0,20/3,1,1,20,3,722,0
2023,0,0,0,0.0,0.0,0,0,0,0,0,0,2,39.5,13.16,18.0,54/2,0,0,54,2,722,1
2009,12,12,237,23.7,124.73,18,8,0,0,41*,0,5,21.6,7.2,18.0,2/14,41,1,2,14,723,0
2010,14,14,307,34.11,119.45,23,12,2,0,78*,0,0,0.0,0.0,0.0,,78,1,0,0,723,0
2011,8,7,65,10.83,127.45,5,5,0,0,36,0,0,0.0,0.0,0.0,,36,0,0,0,723,0
2012,2,2,15,7.5,78.94,1,1,0,0,10,0,0,0.0,0.0,0.0,,10,0,0,0,723,0
2013,7,5,52,10.4,89.65,8,0,0,0,23,0,1,15.0,7.5,12.0,2/14,23,0,2,14,723,0
2020,2,2,18,9.0,90.0,1,1,0,0,10,0,0,0.0,0.0,0.0,,10,0,0,0,724,0
2018,5,4,23,7.66,82.14,3,0,0,0,18,0,6,19.66,11.6,10.16,3/29,18,0,3,29,725,0
2020,5,4,83,83.0,133.87,5,3,1,0,54*,0,3,69.33,11.44,36.33,3/29,54,1,3,29,725,0
2021,3,2,21,21.0,123.52,2,0,0,0,21,0,4,26.0,9.17,17.0,3/29,21,0,3,29,725,0
2024,4,3,48,16.0,88.88,7,1,0,0,20,1,0,0.0,0.0,0.0,,20,0,0,0,726,0
2011,5,5,75,15.0,129.31,9,2,0,0,27,0,0,0.0,0.0,0.0,,27,0,0,0,727,0
2016,3,3,54,27.0,135.0,3,2,0,0,37,0,0,0.0,0.0,0.0,,37,0,0,0,728,0
2017,7,7,151,30.2,139.81,9,6,1,0,75*,0,2,40.5,10.12,24.0,2/30,75,1,2,30,728,0
2024,15,15,567,40.5,191.55,64,32,4,1,102,0,0,0.0,0.0,0.0,,102,0,0,0,728,0
2025,13,12,374,31.17,162.6,50,15,3,0,76,3,0,0.0,0.0,0.0,,76,0,0,0,728,0
2026,15,15,410,27.33,170.12,46,23,2,0,76,0,1,7.0,7.0,6.0,7/1,76,0,7,1,728,0
2015,0,0,0,0.0,0.0,0,0,0,0,0,0,9,26.22,8.42,18.66,4/18,0,0,4,18,729,1
2016,0,0,0,0.0,0.0,0,0,0,0,0,0,1,39.0,9.75,24.0,4/18,0,0,4,18,729,1
2017,6,1,5,0.0,62.5,0,0,0,0,5*,0,5,43.2,9.06,28.6,4/18,5,1,4,18,729,0
2018,14,1,0,0.0,0.0,0,0,0,0,0*,0,18,25.88,8.84,17.55,4/18,0,1,4,18,729,0
2019,5,3,7,7.0,175.0,0,1,0,0,6,0,5,32.6,8.57,22.8,4/18,6,0,4,18,729,0
2020,15,1,0,0.0,0.0,0,0,0,0,0*,0,25,18.28,7.97,13.76,4/18,0,1,4,18,729,0
2021,14,4,1,0.0,25.0,0,0,0,0,1*,0,13,31.23,7.9,23.69,4/18,1,1,4,18,729,0
2022,16,8,40,20.0,137.93,2,1,0,0,17*,2,16,30.75,7.93,23.25,18/2,17,1,18,2,729,0
2023,10,4,16,16.0,114.28,1,1,0,0,15,3,13,24.0,8.21,17.53,29/3,15,0,29,3,729,0
2024,16,5,14,7.0,87.5,2,0,0,0,12,4,16,27.68,8.3,20.0,22/3,12,0,22,3,729,0
2025,16,2,2,2.0,66.66,0,0,0,0,1*,1,22,23.5,8.96,15.72,26/4,1,1,26,4,729,0
2026,5,2,8,8.0,200.0,0,1,0,0,7*,1,2,94.0,11.62,48.5,41/1,7,1,41,1,729,0
2022,2,2,2,1.0,50.0,0,0,0,0,2,0,0,0.0,0.0,0.0,,2,0,0,0,730,0
2023,2,2,25,12.5,80.64,2,0,0,0,20,0,1,14.0,7.0,12.0,14/1,20,0,14,1,730,0
2024,14,13,378,54.0,190.9,24,26,3,0,71*,7,3,5.0,7.5,4.0,11/2,71,1,11,2,730,0
2025,14,13,300,50.0,150.75,25,11,0,0,41*,10,0,0.0,0.0,0.0,,41,1,0,0,730,0
2026,14,13,275,34.38,127.31,18,9,2,0,60*,7,0,0.0,0.0,0.0,,60,1,0,0,730,0
2020,5,2,21,21.0,175.0,2,1,0,0,20*,0,3,64.0,11.29,34.0,2/37,20,1,2,37,731,0
2022,0,0,0,0.0,0.0,0,0,0,0,0,0,1,63.0,9.0,42.0,40/1,0,0,40,1,731,1
2023,0,0,0,0.0,0.0,0,0,0,0,0,0,21,26.85,9.92,16.23,45/3,0,0,45,3,731,1
2024,0,0,0,0.0,0.0,0,0,0,0,0,0,17,24.94,8.83,16.94,27/4,0,0,27,4,731,1
2025,10,4,7,7.0,87.5,0,0,0,0,3,2,9,37.77,10.62,21.33,44/3,3,0,44,3,731,0
2026,7,2,26,13.0,185.71,0,3,0,0,25,2,4,68.75,11.95,34.5,24/1,25,0,24,1,731,0
2017,5,3,8,2.66,72.72,0,1,0,0,6,0,5,30.6,8.57,21.4,2/31,6,0,2,31,732,0
2022,0,0,0,0.0,0.0,0,0,0,0,0,0,6,31.66,11.17,17.0,35/3,0,0,35,3,732,1
2009,2,2,11,5.5,68.75,0,1,0,0,11,0,1,40.0,6.66,36.0,1/30,11,0,1,30,733,0
2013,2,1,7,7.0,50.0,1,0,0,0,7,0,0,0.0,0.0,0.0,,7,0,0,0,734,0
2008,6,4,39,13.0,205.26,1,5,0,0,24,0,12,15.33,8.17,11.25,4/23,24,0,4,23,735,0
2010,7,1,3,0.0,75.0,0,0,0,0,3*,0,6,30.66,7.66,24.0,4/24,3,1,4,24,736,0
2011,7,2,1,1.0,20.0,0,0,0,0,1*,0,2,84.5,9.38,54.0,4/24,1,1,4,24,736,0
2012,17,3,2,1.0,28.57,0,0,0,0,1*,0,19,23.84,7.42,19.26,4/24,1,1,4,24,736,0
2013,16,8,38,38.0,100.0,3,1,0,0,12*,0,16,31.75,8.78,21.68,4/24,12,1,4,24,736,0
2014,12,1,2,2.0,50.0,0,0,0,0,2,0,11,33.36,8.15,24.54,4/24,2,0,4,24,736,0
2015,12,4,29,29.0,207.14,5,1,0,0,24*,0,10,38.2,9.09,25.2,4/24,24,1,4,24,736,0
2016,9,2,9,9.0,180.0,0,1,0,0,7*,0,10,23.4,9.0,15.6,4/24,7,1,4,24,736,0
2017,14,4,10,0.0,76.92,0,0,0,0,4*,0,17,24.11,8.45,17.11,4/24,4,1,4,24,736,0
2018,14,5,3,0.75,27.27,0,0,0,0,1*,0,20,20.9,7.86,15.95,4/24,1,1,4,24,736,0
2019,11,7,25,12.5,100.0,3,1,0,0,14,0,8,46.37,9.8,28.37,4/24,14,0,4,24,736,0
2020,2,1,0,0.0,0.0,0,0,0,0,0*,0,0,0.0,0.0,0.0,,0,1,0,0,736,0
2022,12,7,55,13.75,137.5,4,4,0,0,21,3,16,21.18,7.06,18.0,23/4,21,0,23,4,736,0
2023,8,5,19,9.5,105.55,1,0,0,0,6*,3,1,189.0,9.94,114.0,27/1,6,1,27,1,736,0
2024,7,2,12,12.0,80.0,0,1,0,0,10*,1,8,26.25,10.0,15.75,22/2,10,1,22,2,736,0
2021,0,0,0,0.0,0.0,0,0,0,0,0,0,2,48.0,8.0,36.0,1/21,0,0,1,21,737,1
2022,14,4,4,4.0,50.0,0,0,0,0,3*,3,22,20.18,9.03,13.4,25/5,3,1,25,5,737,0
2023,8,2,19,19.0,237.5,1,2,0,0,19*,1,5,43.4,10.85,24.0,32/2,19,1,32,2,737,0
2011,2,2,2,1.0,16.66,0,0,0,0,2,0,0,0.0,0.0,0.0,,2,0,0,0,738,0
2012,2,2,36,18.0,105.88,2,3,0,0,18,0,0,0.0,0.0,0.0,,18,0,0,0,738,0
2013,9,9,158,17.55,100.0,17,4,0,0,41,0,0,0.0,0.0,0.0,,41,0,0,0,738,0
2014,1,1,2,2.0,22.22,0,0,0,0,2,0,0,0.0,0.0,0.0,,2,0,0,0,738,0
2015,6,5,102,20.4,122.89,13,2,1,0,58,0,0,0.0,0.0,0.0,,58,0,0,0,738,0
2016,1,1,0,0.0,0.0,0,0,0,0,0*,0,0,0.0,0.0,0.0,,0,1,0,0,738,0
2025,3,3,68,22.67,212.5,5,6,0,0,37,2,0,0.0,0.0,0.0,,37,0,0,0,739,0
2026,7,7,129,18.43,201.56,6,14,1,0,65,6,0,0.0,0.0,0.0,,65,0,0,0,739,0
2016,6,6,127,21.16,127.0,14,3,0,0,30,0,0,0.0,0.0,0.0,,30,0,0,0,740,0
2025,2,1,1,0.0,100.0,0,0,0,0,1*,1,1,53.0,13.25,24.0,40/1,1,1,40,1,741,0
2008,6,6,155,31.0,117.42,22,1,1,0,52,0,0,0.0,0.0,0.0,,52,0,0,0,742,0
2009,5,5,19,3.8,57.57,1,1,0,0,10,0,0,0.0,0.0,0.0,,10,0,0,0,742,0
2010,6,6,64,12.8,106.66,7,1,0,0,22,0,0,0.0,0.0,0.0,,22,0,0,0,742,0
2011,3,3,44,14.66,104.76,3,2,0,0,36,0,0,0.0,0.0,0.0,,36,0,0,0,742,0
2022,5,4,5,2.5,38.46,0,0,0,0,2*,1,3,54.66,9.19,35.66,21/2,2,1,21,2,743,0
2023,5,2,3,0.0,150.0,0,0,0,0,2*,3,5,29.2,9.12,19.2,30/2,2,1,30,2,743,0
2024,10,2,1,0.0,100.0,0,0,0,0,1*,1,11,25.09,9.2,16.36,27/3,1,1,27,3,743,0
2025,0,0,0,0.0,0.0,0,0,0,0,0,0,17,25.29,10.11,15.0,29/3,0,0,29,3,743,1
2026,11,2,1,0.0,33.33,0,0,0,0,1*,2,11,35.45,10.26,20.72,24/2,1,1,24,2,743,0
2026,16,16,776,48.5,237.3,63,72,5,1,103,2,0,0.0,0.0,0.0,,103,0,0,0,744,0
2025,7,7,252,36.0,206.55,18,24,1,1,101,0,0,0.0,0.0,0.0,,101,0,0,0,745,0
2011,0,0,0,0.0,0.0,0,0,0,0,0,0,2,41.0,6.83,36.0,3/16,0,0,3,16,746,1
2012,8,2,1,0.5,33.33,0,0,0,0,1,0,8,33.87,8.74,23.25,3/16,1,0,3,16,746,0
2014,10,3,35,0.0,102.94,2,1,0,0,17*,0,16,18.68,8.15,13.75,3/16,17,1,3,16,746,0
2015,6,1,6,6.0,200.0,0,1,0,0,6,0,3,59.0,10.21,34.66,3/16,6,0,3,16,746,0
2016,0,0,0,0.0,0.0,0,0,0,0,0,0,2,113.5,9.59,71.0,3/16,0,0,3,16,746,1
2017,6,2,4,4.0,40.0,0,0,0,0,4,0,7,23.28,8.15,17.14,3/16,4,0,3,16,746,0
2019,5,1,3,0.0,42.85,0,0,0,0,3*,0,4,29.0,9.66,18.0,3/16,3,1,3,16,746,0
2020,3,2,1,1.0,10.0,0,0,0,0,1,0,0,0.0,0.0,0.0,,1,0,0,0,746,0
2022,0,0,0,0.0,0.0,0,0,0,0,0,0,2,26.0,10.4,15.0,45/2,0,0,45,2,746,1
2019,0,0,0,0.0,0.0,0,0,0,0,0,0,1,35.0,11.66,18.0,5/20,0,0,5,20,747,1
2020,13,3,10,5.0,66.66,0,0,0,0,7*,0,17,20.94,6.84,18.35,5/20,7,1,5,20,747,0
2021,17,3,2,2.0,50.0,0,0,0,0,2*,0,18,24.88,6.58,22.66,5/20,2,1,5,20,747,0
2022,11,4,12,0.0,66.66,2,0,0,0,10*,2,6,55.33,8.51,39.0,22/1,10,1,22,1,747,0
2023,14,2,1,1.0,11.11,0,0,0,0,1,3,20,21.45,8.14,15.8,15/4,1,0,15,4,747,0
2024,0,0,0,0.0,0.0,0,0,0,0,0,0,21,19.14,8.04,14.28,16/3,0,0,16,3,747,1
2025,13,1,1,0.0,100.0,0,0,0,0,1*,2,17,22.52,7.66,17.64,22/3,1,1,22,3,747,0
2026,11,2,5,2.5,83.33,1,0,0,0,5,2,11,32.72,8.78,22.36,14/3,5,0,14,3,747,0
2012,0,0,0,0.0,0.0,0,0,0,0,0,0,10,29.6,8.7,20.4,2/31,0,0,2,31,748,1
2021,10,10,370,41.11,128.47,37,14,4,0,67,0,3,23.0,8.11,17.0,2/29,67,0,2,29,749,0
2022,12,12,182,16.55,107.69,17,7,1,0,50*,4,0,0.0,0.0,0.0,,50,1,0,0,749,0
2023,14,14,404,28.86,145.84,32,21,2,1,104,3,0,0.0,0.0,0.0,,104,0,0,0,749,0
2024,15,13,370,46.25,158.79,35,19,4,0,70,4,0,0.0,0.0,0.0,,70,0,0,0,749,0
2025,11,7,142,20.29,139.21,15,4,1,0,60,4,0,0.0,0.0,0.0,,60,0,0,0,749,0
2026,7,6,209,52.25,186.6,21,13,1,0,73*,1,0,0.0,0.0,0.0,,73,1,0,0,749,0
2008,11,10,288,36.0,137.14,22,15,2,0,71*,0,2,68.5,9.78,42.0,2/23,71,1,2,23,750,0
2009,16,13,124,11.27,108.77,6,3,0,0,32,0,4,30.5,8.13,22.5,2/23,32,0,2,23,750,0
2010,6,5,34,8.5,79.06,3,1,0,0,24,0,0,0.0,0.0,0.0,,24,0,0,0,750,0
2011,14,14,336,28.0,120.0,30,13,1,0,60,0,0,0.0,0.0,0.0,,60,0,0,0,750,0
2012,10,7,132,22.0,104.76,8,5,0,0,36,0,0,0.0,0.0,0.0,,36,0,0,0,750,0
2014,7,5,71,23.66,112.69,8,0,0,0,27,0,0,0.0,0.0,0.0,,27,0,0,0,750,0
2024,0,0,0,0.0,0.0,0,0,0,0,0,0,2,18.0,9.0,12.0,36/2,0,0,36,2,751,1
2008,9,8,145,18.12,133.02,21,3,1,0,54,0,1,22.0,11.0,12.0,1/22,54,0,1,22,752,0
2025,0,0,0,0.0,0.0,0,0,0,0,0,0,6,18.16,9.08,12.0,32/3,0,0,32,3,753,1
2017,4,4,101,50.5,134.66,12,1,1,0,63*,0,0,0.0,0.0,0.0,,63,1,0,0,754,0
2018,13,11,212,53.0,143.24,11,11,1,0,54*,0,1,58.0,11.6,30.0,2/19,54,1,2,19,754,0
2019,15,14,244,20.33,126.42,11,12,0,0,40*,0,1,70.0,8.75,48.0,2/19,40,1,2,19,754,0
2020,7,5,97,24.25,101.04,10,1,1,0,52*,0,4,20.5,6.22,19.75,2/19,52,1,2,19,754,0
2021,7,5,58,11.6,111.53,1,3,0,0,28,0,3,33.33,9.09,22.0,2/19,28,0,2,19,754,0
2022,4,4,19,4.75,54.28,1,0,0,0,13,3,0,0.0,0.0,0.0,,13,0,0,0,754,0
2023,14,10,301,37.63,160.1,27,15,3,0,63*,2,0,0.0,0.0,0.0,,63,1,0,0,754,0
2024,7,7,83,16.6,115.27,7,2,0,0,17,4,0,0.0,0.0,0.0,,17,0,0,0,754,0
2025,6,5,118,39.33,129.67,8,3,1,0,69*,2,0,0.0,0.0,0.0,,69,1,0,0,754,0
2014,3,2,29,14.5,111.53,3,1,0,0,16,0,0,0.0,0.0,0.0,,16,0,0,0,755,0
2024,3,1,7,0.0,140.0,0,0,0,0,7*,2,1,86.0,8.6,60.0,37/1,7,1,37,1,756,0
2008,13,2,4,2.0,133.33,1,0,0,0,4,0,11,38.18,8.75,26.18,3/29,4,0,3,29,757,0
2009,0,0,0,0.0,0.0,0,0,0,0,0,0,1,82.0,9.11,54.0,3/29,0,0,3,29,757,1
2009,0,0,0,0.0,0.0,0,0,0,0,0,0,2,49.0,8.16,36.0,2/14,0,0,2,14,758,1
2010,3,1,6,6.0,120.0,1,0,0,0,6,0,1,62.0,8.65,43.0,2/14,6,0,2,14,758,0
2013,0,0,0,0.0,0.0,0,0,0,0,0,0,2,29.5,5.9,30.0,2/14,0,0,2,14,758,1
2014,1,1,1,0.0,50.0,0,0,0,0,1*,0,1,29.0,9.66,18.0,2/14,1,1,2,14,758,0
2008,2,1,2,2.0,100.0,0,0,0,0,2,0,0,0.0,0.0,0.0,,2,0,0,0,759,0
2008,8,4,25,8.33,113.63,2,1,0,0,23,0,5,36.4,7.91,27.6,4/40,23,0,4,40,760,0
2009,11,8,47,9.4,106.81,4,1,0,0,12,0,9,30.11,8.38,21.55,4/40,12,0,4,40,760,0
2010,14,5,27,6.75,84.37,1,0,0,0,10*,0,16,24.75,8.57,17.31,4/40,10,1,4,40,760,0
2011,13,7,50,8.33,106.38,4,1,0,0,18,0,12,27.91,7.5,22.33,4/40,18,0,4,40,760,0
2012,15,7,68,13.6,109.67,3,2,0,0,25,0,19,25.26,8.59,17.63,4/40,25,0,4,40,760,0
2013,16,5,70,70.0,159.09,6,3,0,0,26*,0,23,21.43,8.19,15.69,4/40,26,1,4,40,760,0
2014,9,4,4,2.0,66.66,0,0,0,0,4,0,7,40.14,8.78,27.42,4/40,4,0,4,40,760,0
2015,13,3,0,0.0,0.0,0,0,0,0,0*,0,7,52.57,8.45,37.28,4/40,0,1,4,40,760,0
2016,3,2,13,13.0,108.33,0,1,0,0,12,0,3,21.33,7.11,18.0,4/40,12,0,4,40,760,0
2017,0,0,0,0.0,0.0,0,0,0,0,0,0,2,15.5,10.33,9.0,4/40,0,0,4,40,760,1
2018,2,1,6,0.0,200.0,1,0,0,0,6*,0,2,32.5,16.95,11.5,4/40,6,1,4,40,760,0
2025,14,8,142,20.29,179.74,15,8,0,0,39,3,11,32.36,9.12,21.27,18/2,39,0,18,2,761,0
2026,5,2,15,15.0,150.0,2,0,0,0,12,0,2,56.5,12.55,27.0,24/1,12,0,24,1,761,0
2008,13,12,165,15.0,105.09,18,4,0,0,38,0,2,30.5,7.95,23.0,2/25,38,0,2,25,762,0
2009,16,13,246,22.36,112.32,22,8,1,0,50,0,0,0.0,0.0,0.0,,50,0,0,0,762,0
2010,16,13,307,27.9,144.81,26,12,1,0,58,0,0,0.0,0.0,0.0,,58,0,0,0,762,0
2011,16,16,557,46.41,121.08,55,16,4,0,71,0,2,69.5,8.17,51.0,2/25,71,0,2,25,762,0
2012,16,15,364,28.0,111.65,33,9,2,0,73*,0,0,0.0,0.0,0.0,,73,1,0,0,762,0
2013,16,16,634,45.28,138.73,64,22,6,0,99,0,0,0.0,0.0,0.0,,99,0,0,0,762,0
2014,14,14,359,27.61,122.1,23,16,2,0,73,0,0,0.0,0.0,0.0,,73,0,0,0,762,0
2015,16,16,505,45.9,130.82,35,23,3,0,82*,0,0,0.0,0.0,0.0,,82,1,0,0,762,0
2016,16,16,973,81.08,152.03,83,38,7,4,113,0,0,0.0,0.0,0.0,,113,0,0,0,762,0
2017,10,10,308,30.8,122.22,23,11,4,0,64,0,0,0.0,0.0,0.0,,64,0,0,0,762,0
2018,14,14,530,48.18,139.1,52,18,4,0,92*,0,0,0.0,0.0,0.0,,92,1,0,0,762,0
2019,14,14,464,33.14,141.46,46,13,2,1,100,0,0,0.0,0.0,0.0,,100,0,0,0,762,0
2020,15,15,466,42.36,121.35,23,11,3,0,90*,0,0,0.0,0.0,0.0,,90,1,0,0,762,0
2021,15,15,405,28.92,119.46,43,9,3,0,72*,0,0,0.0,0.0,0.0,,72,1,0,0,762,0
2022,16,16,341,22.73,115.98,32,8,2,0,73,9,0,0.0,0.0,0.0,,73,0,0,0,762,0
2023,14,14,639,53.25,139.82,65,16,6,2,101*,13,0,0.0,0.0,0.0,,101,1,0,0,762,0
2024,15,15,741,61.75,154.69,62,38,5,1,113*,8,0,0.0,0.0,0.0,,113,1,0,0,762,0
2025,15,15,657,54.75,144.71,66,19,8,0,73*,3,0,0.0,0.0,0.0,,73,1,0,0,762,0
2026,16,16,675,56.25,165.84,73,25,5,1,105*,9,0,0.0,0.0,0.0,,105,1,0,0,762,0
2021,3,2,15,7.5,57.69,1,0,0,0,11,0,0,0.0,0.0,0.0,,11,0,0,0,763,0
2008,14,14,406,33.83,184.54,46,21,3,0,94*,0,3,44.33,12.09,22.0,2/18,94,1,2,18,764,0
2010,14,14,356,25.42,163.3,47,14,3,0,75,0,3,7.66,4.05,11.33,2/18,75,0,2,18,764,0
2011,11,11,424,38.54,176.66,51,18,2,1,119,0,0,0.0,0.0,0.0,,119,0,0,0,764,0
2012,16,16,495,33.0,161.23,57,19,5,0,87*,0,0,0.0,0.0,0.0,,87,1,0,0,764,0
2013,13,13,295,24.58,126.6,41,6,1,0,95*,0,0,0.0,0.0,0.0,,95,1,0,0,764,0
2014,17,17,455,26.76,144.44,56,18,1,1,122,0,0,0.0,0.0,0.0,,122,0,0,0,764,0
2015,8,8,99,12.37,117.85,12,3,0,0,47,0,0,0.0,0.0,0.0,,47,0,0,0,764,0
2017,3,3,19,6.33,73.07,1,1,0,0,9,0,0,0.0,0.0,0.0,,9,0,0,0,765,0
2023,3,3,37,12.33,119.35,2,2,0,0,30,1,0,0.0,0.0,0.0,,30,0,0,0,765,0
2026,1,1,15,0.0,187.5,1,1,0,0,15*,0,0,0.0,0.0,0.0,,15,1,0,0,765,0
2023,3,1,69,69.0,146.8,9,2,1,0,69,0,0,0.0,0.0,0.0,,69,0,0,0,766,0
2023,7,2,13,13.0,144.44,0,1,0,0,13*,1,9,28.11,10.54,16.0,20/3,13,1,20,3,767,0
2024,4,2,1,1.0,33.33,0,0,0,0,1*,3,4,35.5,9.79,21.75,23/2,1,1,23,2,767,0
2025,0,0,0,0.0,0.0,0,0,0,0,0,0,4,45.25,10.64,25.5,44/2,0,0,44,2,767,1
2026,10,2,2,0.0,50.0,0,0,0,0,1*,1,9,36.66,10.64,20.66,34/3,1,1,34,3,767,0
2021,2,2,1,1.0,50.0,0,0,0,0,1*,0,0,0.0,0.0,0.0,,1,1,0,0,768,0
2022,16,7,38,5.43,88.37,4,1,0,0,18,1,26,16.53,7.54,13.15,18/5,18,0,18,5,768,0
2023,8,5,33,16.5,117.85,3,0,0,0,12*,0,9,28.66,8.89,19.33,24/2,12,1,24,2,768,0
2025,11,5,9,1.8,60.0,0,0,0,0,4,2,11,33.72,9.04,22.36,35/4,4,0,35,4,768,0
2017,11,5,9,9.0,75.0,0,0,0,0,5*,0,8,23.12,6.16,22.5,3/16,5,1,3,16,769,0
2018,7,6,65,21.66,171.05,5,4,0,0,35,0,4,48.0,9.6,30.0,3/16,35,0,3,16,769,0
2019,3,2,1,0.5,33.33,0,0,0,0,1,0,4,18.5,8.22,13.5,3/16,1,0,3,16,769,0
2020,15,9,111,18.5,116.84,10,2,0,0,30,0,8,37.25,5.96,37.5,3/16,30,0,3,16,769,0
2021,6,4,31,7.75,65.95,2,0,0,0,10,0,3,39.33,7.37,32.0,3/16,10,0,3,16,769,0
2022,9,7,101,14.43,146.37,9,3,0,0,40,1,6,39.83,8.53,28.0,21/2,40,0,21,2,769,0
2023,7,5,60,15.0,100.0,6,0,0,0,24*,2,3,48.66,8.26,35.33,28/3,24,1,28,3,769,0
2024,0,0,0,0.0,0.0,0,0,0,0,0,0,1,73.0,14.6,30.0,46/1,0,0,46,1,769,1
2025,6,5,133,26.6,166.25,10,7,0,0,49,3,2,55.5,10.24,32.5,28/1,49,0,28,1,769,0
2026,17,16,377,37.7,150.19,40,12,3,0,55,6,1,84.0,9.16,55.0,27/1,55,0,27,1,769,0
2008,6,6,115,19.16,110.57,12,3,1,0,50,0,0,0.0,0.0,0.0,,50,0,0,0,770,0
2009,2,2,15,7.5,88.23,2,0,0,0,8,0,0,0.0,0.0,0.0,,8,0,0,0,770,0
2011,8,5,37,12.33,94.87,2,1,0,0,16,0,9,23.66,7.26,19.55,3/27,16,0,3,27,771,0
2012,6,5,19,4.75,70.37,2,0,0,0,11,0,5,25.6,6.09,25.2,3/27,11,0,3,27,771,0
2013,4,1,5,5.0,71.42,0,0,0,0,5,0,6,22.83,9.23,14.83,3/27,5,0,3,27,771,0
2014,8,2,2,2.0,100.0,0,0,0,0,2,0,6,37.16,7.39,30.16,3/27,2,0,3,27,771,0
2023,7,1,2,2.0,40.0,0,0,0,0,2,4,9,26.22,9.37,16.77,10/3,2,0,10,3,771,0
2025,1,1,9,9.0,81.81,1,0,0,0,9,1,0,0.0,0.0,0.0,,9,0,0,0,772,0
2008,4,2,26,26.0,96.29,2,0,0,0,25,0,1,36.0,12.0,18.0,1/24,25,0,1,24,773,0
2009,8,6,30,6.0,62.5,0,0,0,0,12,0,3,20.33,6.77,18.0,1/24,12,0,1,24,773,0
2024,8,8,230,32.86,175.57,16,18,1,1,100*,3,2,50.0,11.11,27.0,23/1,100,1,23,1,774,0
2025,13,11,233,23.3,135.46,22,11,1,0,53,6,6,20.0,8.57,14.0,14/2,53,0,14,2,774,0
2026,7,7,139,27.8,182.89,12,9,0,0,46,2,2,47.0,10.64,26.5,12/1,46,0,12,1,774,0
2025,0,0,0,0.0,0.0,0,0,0,0,0,0,6,22.0,12.77,10.33,27/3,0,0,27,3,775,1
2008,12,10,159,31.8,133.61,12,7,1,0,59*,0,0,0.0,0.0,0.0,,59,1,0,0,776,0
2009,8,7,72,24.0,175.6,3,4,0,0,25*,0,0,0.0,0.0,0.0,,25,1,0,0,776,0
2010,13,7,67,22.33,126.41,9,1,0,0,22,0,0,0.0,0.0,0.0,,22,0,0,0,776,0
2011,7,3,68,68.0,107.93,2,4,0,0,46*,0,0,0.0,0.0,0.0,,46,1,0,0,776,0
2012,4,1,6,6.0,42.85,0,0,0,0,6,0,0,0.0,0.0,0.0,,6,0,0,0,776,0
2013,3,3,70,23.33,125.0,6,4,0,0,39,0,0,0.0,0.0,0.0,,39,0,0,0,776,0
2014,17,13,362,32.9,145.38,33,18,2,1,115*,0,0,0.0,0.0,0.0,,115,1,0,0,776,0
2015,14,13,249,19.15,126.39,16,10,0,0,42,0,0,0.0,0.0,0.0,,42,0,0,0,776,0
2016,12,12,270,24.54,127.35,29,1,2,0,56,0,0,0.0,0.0,0.0,,56,0,0,0,776,0
2017,14,11,234,23.4,125.13,20,8,1,0,93*,0,0,0.0,0.0,0.0,,93,1,0,0,776,0
2018,11,10,122,15.25,119.6,17,1,0,0,35,0,0,0.0,0.0,0.0,,35,0,0,0,776,0
2019,5,5,86,17.2,162.26,13,1,0,0,28,0,0,0.0,0.0,0.0,,28,0,0,0,776,0
2020,4,4,214,71.33,139.86,24,5,2,0,87,0,0,0.0,0.0,0.0,,87,0,0,0,776,0
2021,9,9,131,14.55,93.57,7,5,0,0,44,0,0,0.0,0.0,0.0,,44,0,0,0,776,0
2022,11,11,317,31.7,122.39,40,7,3,0,68,11,0,0.0,0.0,0.0,,68,0,0,0,776,0
2023,17,17,371,23.19,129.26,47,8,2,0,81,9,0,0.0,0.0,0.0,,81,0,0,0,776,0
2024,9,9,136,15.11,118.26,18,3,0,0,39,5,0,0.0,0.0,0.0,,39,0,0,0,776,0
2025,4,1,11,11.0,73.33,1,0,0,0,11,5,2,48.0,9.6,30.0,26/1,11,0,26,1,777,0
2026,9,3,29,29.0,223.07,2,2,0,0,18*,10,5,77.6,11.58,40.2,9/2,18,1,9,2,777,0
2011,2,1,19,19.0,111.76,3,0,0,0,19,0,0,0.0,0.0,0.0,,19,0,0,0,778,0
2022,0,0,0,0.0,0.0,0,0,0,0,0,0,11,26.9,9.25,17.45,40/3,0,0,40,3,779,1
2023,0,0,0,0.0,0.0,0,0,0,0,0,0,2,82.5,11.78,42.0,31/1,0,0,31,1,779,1
2024,0,0,0,0.0,0.0,0,0,0,0,0,0,15,30.6,9.14,20.06,20/3,0,0,20,3,779,1
2025,15,3,4,2.0,50.0,0,0,0,0,3,3,13,36.15,9.59,22.61,18/2,3,0,18,2,779,0
2023,4,3,16,5.33,69.56,1,0,0,0,13,2,0,0.0,0.0,0.0,,13,0,0,0,780,0
2026,0,0,0,0.0,0.0,0,0,0,0,0,0,9,31.0,9.3,20.0,35/2,0,0,35,2,781,1
2023,0,0,0,0.0,0.0,0,0,0,0,0,0,13,22.23,9.07,14.69,37/4,0,0,37,4,782,1
2024,0,0,0,0.0,0.0,0,0,0,0,0,0,11,36.54,11.32,19.36,30/5,0,0,30,5,782,1
2025,0,0,0,0.0,0.0,0,0,0,0,0,0,1,79.0,12.15,39.0,39/1,0,0,39,1,782,1
2026,0,0,0,0.0,0.0,0,0,0,0,0,0,2,27.5,13.75,12.0,55/2,0,0,55,2,782,1
2020,3,3,40,13.33,90.9,2,2,0,0,34,0,0,0.0,0.0,0.0,,34,0,0,0,783,0
2021,10,10,249,24.9,148.21,32,10,1,0,50,0,0,0.0,0.0,0.0,,50,0,0,0,783,0
2022,10,10,258,25.8,132.98,28,10,2,0,68,2,0,0.0,0.0,0.0,,68,0,0,0,783,0
2023,14,14,625,48.08,163.61,82,26,5,1,124,8,0,0.0,0.0,0.0,,124,0,0,0,783,0
2024,16,15,435,31.07,155.91,54,16,1,1,104*,4,0,0.0,0.0,0.0,,104,1,0,0,783,0
2025,14,14,559,43.0,159.71,60,28,6,0,75,10,0,0.0,0.0,0.0,,75,0,0,0,783,0
2026,16,16,427,30.5,152.5,52,18,3,0,77*,4,0,0.0,0.0,0.0,,77,1,0,0,783,0
2009,8,4,47,11.75,71.21,5,0,0,0,20,0,0,0.0,0.0,0.0,,20,0,0,0,784,0
2008,11,5,15,7.5,55.55,0,0,0,0,6*,0,16,23.12,8.77,15.81,4/36,6,1,4,36,785,0
2010,0,0,0,0.0,0.0,0,0,0,0,0,0,1,23.0,7.66,18.0,4/36,0,0,4,36,785,1
2012,0,0,0,0.0,0.0,0,0,0,0,0,0,3,27.0,8.67,18.66,4/36,0,0,4,36,785,1
2011,11,10,111,15.85,111.0,6,6,0,0,23,0,1,67.0,13.4,30.0,1/3,23,0,1,3,786,0
2012,13,8,152,30.4,114.28,13,3,0,0,43*,0,0,0.0,0.0,0.0,,43,1,0,0,786,0
2014,5,5,104,20.8,114.28,17,1,0,0,45,0,0,0.0,0.0,0.0,,45,0,0,0,787,0
2008,1,1,3,3.0,42.85,0,0,0,0,3,0,0,0.0,0.0,0.0,,3,0,0,0,788,0
2023,3,2,1,0.5,50.0,0,0,0,0,1,0,3,23.33,8.75,16.0,19/2,1,0,19,2,789,0
2024,2,2,21,10.5,150.0,1,2,0,0,14,0,1,52.0,13.0,24.0,24/1,14,0,24,1,789,0
2025,0,0,0,0.0,0.0,0,0,0,0,0,0,4,32.75,11.9,16.5,47/3,0,0,47,3,790,1
2009,0,0,0,0.0,0.0,0,0,0,0,0,0,14,17.21,8.6,12.0,4/31,0,0,4,31,791,1
2010,0,0,0,0.0,0.0,0,0,0,0,0,0,1,66.0,9.65,41.0,4/31,0,0,4,31,791,1
2008,16,15,435,31.07,179.01,43,25,4,0,68,0,8,28.75,8.16,21.12,3/20,68,0,3,20,792,0
2009,13,13,243,20.25,132.78,24,12,1,0,62*,0,7,34.71,6.94,30.0,3/20,62,1,3,20,792,0
2010,14,14,333,27.75,165.67,22,24,1,1,100,0,5,49.2,7.23,40.8,3/20,100,0,3,20,792,0
2011,15,11,283,28.3,140.79,24,13,0,0,47*,0,13,18.3,6.1,18.0,3/20,47,1,3,20,792,0
2012,17,16,194,19.4,114.79,10,7,0,0,40*,0,3,60.66,8.27,44.0,3/20,40,1,3,20,792,0
2013,16,16,332,30.18,138.33,30,14,1,0,72,0,1,73.0,8.11,54.0,3/20,72,0,3,20,792,0
2014,15,12,268,29.77,162.42,15,20,1,0,72,0,0,0.0,0.0,0.0,,72,0,0,0,792,0
2015,13,12,312,44.57,135.06,29,12,1,0,52,0,2,48.5,9.7,30.0,3/20,52,0,3,20,792,0
2016,15,13,361,72.2,145.56,33,13,3,0,63*,0,1,33.0,5.5,36.0,3/20,63,1,3,20,792,0
2017,15,11,143,17.87,124.34,9,6,1,0,59,0,1,41.0,10.25,24.0,3/20,59,0,3,20,792,0
2018,15,13,260,28.88,130.0,22,11,0,0,45*,0,1,14.0,7.0,12.0,3/20,45,1,3,20,792,0
2019,10,8,40,13.33,88.88,1,1,0,0,16*,0,0,0.0,0.0,0.0,,16,1,0,0,792,0
2008,15,14,299,23.0,162.5,24,19,1,0,57,0,3,27.66,9.22,18.0,4/29,57,0,4,29,793,0
2009,14,14,340,28.33,115.64,25,16,2,0,58*,0,6,23.66,7.1,20.0,4/29,58,1,4,29,793,0
2010,14,14,255,21.25,128.14,20,14,0,0,43,0,5,30.4,6.6,27.6,4/29,43,0,4,29,793,0
2011,14,13,343,34.3,131.41,24,18,2,0,66*,0,9,21.33,6.62,19.33,4/29,66,1,4,29,793,0
2013,13,13,238,19.83,125.26,14,15,0,0,34,0,6,25.33,6.9,22.0,4/29,34,0,4,29,793,0
2014,14,14,376,34.18,135.25,22,28,3,0,83,0,5,37.4,8.25,27.2,4/29,83,0,4,29,793,0
2015,14,13,248,19.07,118.09,23,10,2,0,57,0,1,72.0,8.0,54.0,4/29,57,0,4,29,793,0
2016,10,10,236,26.22,131.84,22,13,0,0,44,0,0,0.0,0.0,0.0,,44,0,0,0,793,0
2017,12,11,252,28.0,142.37,30,8,2,0,70*,0,1,22.0,11.0,12.0,4/29,70,1,4,29,793,0
2018,8,6,65,10.83,89.04,6,2,0,0,20,0,0,0.0,0.0,0.0,,20,0,0,0,793,0
2019,4,4,98,24.5,130.66,7,6,1,0,53,0,0,0.0,0.0,0.0,,53,0,0,0,793,0
2014,14,2,1,0.0,100.0,0,0,0,0,1*,0,12,32.16,7.01,27.5,4/25,1,1,4,25,794,0
2015,15,2,1,0.0,100.0,0,0,0,0,1*,0,23,18.04,8.86,12.21,4/25,1,1,4,25,794,0
2016,0,0,0,0.0,0.0,0,0,0,0,0,0,21,19.09,8.15,14.04,4/25,0,0,4,25,794,1
2017,13,6,13,4.33,50.0,0,0,0,0,4*,0,14,23.78,7.65,18.64,4/25,4,1,4,25,794,0
2018,14,1,0,0.0,0.0,0,0,0,0,0*,0,12,30.25,7.26,25.0,4/25,0,1,4,25,794,0
2019,14,3,6,3.0,37.5,0,0,0,0,4,0,18,21.44,7.82,16.44,4/25,4,0,4,25,794,0
2020,15,2,1,1.0,33.33,0,0,0,0,1,0,21,19.28,7.08,16.33,4/25,1,0,4,25,794,0
2021,15,2,10,0.0,37.03,0,0,0,0,8*,0,18,20.77,7.05,17.66,4/25,8,1,4,25,794,0
2022,17,2,5,5.0,62.5,0,0,0,0,5,0,27,19.51,7.75,15.11,40/5,5,0,40,5,794,0
2023,0,0,0,0.0,0.0,0,0,0,0,0,0,21,20.57,8.17,15.09,17/4,0,0,17,4,794,1
2024,0,0,0,0.0,0.0,0,0,0,0,0,0,18,30.33,9.41,19.33,11/3,0,0,11,3,794,1
2025,0,0,0,0.0,0.0,0,0,0,0,0,0,16,26.87,9.55,16.87,28/4,0,0,28,4,794,1
2026,0,0,0,0.0,0.0,0,0,0,0,0,0,12,32.08,9.39,20.5,36/3,0,0,36,3,794,1
2008,11,8,34,8.5,79.06,4,0,0,0,17*,0,13,27.46,8.5,19.38,4/17,17,1,4,17,795,0
2009,6,4,8,8.0,72.72,0,0,0,0,4*,0,6,23.66,6.76,21.0,4/17,4,1,4,17,795,0
2010,14,4,24,24.0,184.61,3,1,0,0,23*,0,15,25.06,7.77,19.33,4/17,23,1,4,17,795,0
2011,15,2,21,10.5,87.5,2,0,0,0,21,0,14,32.5,7.71,25.28,4/17,21,0,4,17,795,0
2012,16,5,12,6.0,70.58,1,0,0,0,11*,0,17,26.64,7.55,21.17,4/17,11,1,4,17,795,0
2013,0,0,0,0.0,0.0,0,0,0,0,0,0,5,9.4,7.83,7.2,4/17,0,0,4,17,795,1
2014,6,4,8,8.0,114.28,0,1,0,0,7*,0,5,29.2,6.53,26.8,4/17,7,1,4,17,795,0
2015,0,0,0,0.0,0.0,0,0,0,0,0,0,7,22.28,6.45,20.71,4/17,0,0,4,17,795,1
2016,12,2,6,3.0,46.15,1,0,0,0,4,0,10,33.7,7.71,26.2,4/17,4,0,4,17,795,0
2017,11,3,4,4.0,30.76,0,0,0,0,2,0,10,31.3,7.79,24.1,4/17,2,0,4,17,795,0
2025,0,0,0,0.0,0.0,0,0,0,0,0,0,6,55.5,9.84,33.83,42/3,0,0,42,3,796,1
